"scenario","dr_label","prtp","eta","trial","scc_2020usd_per_tco2"
"baseline","1.5%",9.150024589210659e-5,1.01601,1,348.31277068899584
"baseline","1.5%",9.150024589210659e-5,1.01601,2,574.9700450370332
"baseline","1.5%",9.150024589210659e-5,1.01601,3,347.93064182635834
"baseline","1.5%",9.150024589210659e-5,1.01601,4,276.4453721845235
"baseline","1.5%",9.150024589210659e-5,1.01601,5,597.0608542542408
"baseline","1.5%",9.150024589210659e-5,1.01601,6,249.52642448085308
"baseline","1.5%",9.150024589210659e-5,1.01601,7,221.57819889067218
"baseline","1.5%",9.150024589210659e-5,1.01601,8,594.4894032910021
"baseline","1.5%",9.150024589210659e-5,1.01601,9,221.85722052437652
"baseline","1.5%",9.150024589210659e-5,1.01601,10,131.46067707581645
"baseline","1.5%",9.150024589210659e-5,1.01601,11,1124.6996720401544
"baseline","1.5%",9.150024589210659e-5,1.01601,12,383.1982204456802
"baseline","1.5%",9.150024589210659e-5,1.01601,13,305.1224140397239
"baseline","1.5%",9.150024589210659e-5,1.01601,14,215.6622077062251
"baseline","1.5%",9.150024589210659e-5,1.01601,15,99.42159819118157
"baseline","1.5%",9.150024589210659e-5,1.01601,16,288.4452145447023
"baseline","1.5%",9.150024589210659e-5,1.01601,17,125.83200053471079
"baseline","1.5%",9.150024589210659e-5,1.01601,18,410.7326586968891
"baseline","1.5%",9.150024589210659e-5,1.01601,19,281.41042038295444
"baseline","1.5%",9.150024589210659e-5,1.01601,20,341.96408058358116
"baseline","1.5%",9.150024589210659e-5,1.01601,21,384.9230690396795
"baseline","1.5%",9.150024589210659e-5,1.01601,22,87.49272159631496
"baseline","1.5%",9.150024589210659e-5,1.01601,23,204.52431002143723
"baseline","1.5%",9.150024589210659e-5,1.01601,24,624.1613784022144
"baseline","1.5%",9.150024589210659e-5,1.01601,25,349.84796668151154
"baseline","1.5%",9.150024589210659e-5,1.01601,26,69.29844643453741
"baseline","1.5%",9.150024589210659e-5,1.01601,27,203.41420105247107
"baseline","1.5%",9.150024589210659e-5,1.01601,28,255.24855715959146
"baseline","1.5%",9.150024589210659e-5,1.01601,29,383.8107655822773
"baseline","1.5%",9.150024589210659e-5,1.01601,30,169.949497290641
"baseline","1.5%",9.150024589210659e-5,1.01601,31,190.30155297187898
"baseline","1.5%",9.150024589210659e-5,1.01601,32,200.081603912139
"baseline","1.5%",9.150024589210659e-5,1.01601,33,200.78173670829173
"baseline","1.5%",9.150024589210659e-5,1.01601,34,286.87267202833135
"baseline","1.5%",9.150024589210659e-5,1.01601,35,360.701292028261
"baseline","1.5%",9.150024589210659e-5,1.01601,36,120.27857407159216
"baseline","1.5%",9.150024589210659e-5,1.01601,37,295.01318215973924
"baseline","1.5%",9.150024589210659e-5,1.01601,38,485.1911960906095
"baseline","1.5%",9.150024589210659e-5,1.01601,39,174.08800285088526
"baseline","1.5%",9.150024589210659e-5,1.01601,40,257.40322318193097
"baseline","1.5%",9.150024589210659e-5,1.01601,41,527.4706267373228
"baseline","1.5%",9.150024589210659e-5,1.01601,42,433.2388935263837
"baseline","1.5%",9.150024589210659e-5,1.01601,43,234.71281878867754
"baseline","1.5%",9.150024589210659e-5,1.01601,44,1054.1863727003297
"baseline","1.5%",9.150024589210659e-5,1.01601,45,317.06650306570054
"baseline","1.5%",9.150024589210659e-5,1.01601,46,143.95139358322703
"baseline","1.5%",9.150024589210659e-5,1.01601,47,235.7023962554025
"baseline","1.5%",9.150024589210659e-5,1.01601,48,131.1845992165962
"baseline","1.5%",9.150024589210659e-5,1.01601,49,279.1359469173649
"baseline","1.5%",9.150024589210659e-5,1.01601,50,209.4078982366959
"baseline","1.5%",9.150024589210659e-5,1.01601,51,217.04844791990988
"baseline","1.5%",9.150024589210659e-5,1.01601,52,353.9496164563626
"baseline","1.5%",9.150024589210659e-5,1.01601,53,222.47021951660142
"baseline","1.5%",9.150024589210659e-5,1.01601,54,87.45905004469172
"baseline","1.5%",9.150024589210659e-5,1.01601,55,492.44569026043473
"baseline","1.5%",9.150024589210659e-5,1.01601,56,467.7026809152125
"baseline","1.5%",9.150024589210659e-5,1.01601,57,281.99569763609736
"baseline","1.5%",9.150024589210659e-5,1.01601,58,168.36176527325426
"baseline","1.5%",9.150024589210659e-5,1.01601,59,627.5724580904015
"baseline","1.5%",9.150024589210659e-5,1.01601,60,725.6456695695842
"baseline","1.5%",9.150024589210659e-5,1.01601,61,295.019860099408
"baseline","1.5%",9.150024589210659e-5,1.01601,62,247.77672499644035
"baseline","1.5%",9.150024589210659e-5,1.01601,63,313.93378004628556
"baseline","1.5%",9.150024589210659e-5,1.01601,64,276.3856237659732
"baseline","1.5%",9.150024589210659e-5,1.01601,65,53.72475514544984
"baseline","1.5%",9.150024589210659e-5,1.01601,66,148.32141460135318
"baseline","1.5%",9.150024589210659e-5,1.01601,67,381.8346184166588
"baseline","1.5%",9.150024589210659e-5,1.01601,68,916.0886857879428
"baseline","1.5%",9.150024589210659e-5,1.01601,69,196.40813353423232
"baseline","1.5%",9.150024589210659e-5,1.01601,70,265.83961997946824
"baseline","1.5%",9.150024589210659e-5,1.01601,71,195.84684552541054
"baseline","1.5%",9.150024589210659e-5,1.01601,72,861.824072253915
"baseline","1.5%",9.150024589210659e-5,1.01601,73,356.67540577190346
"baseline","1.5%",9.150024589210659e-5,1.01601,74,205.5878246921983
"baseline","1.5%",9.150024589210659e-5,1.01601,75,348.14891546991896
"baseline","1.5%",9.150024589210659e-5,1.01601,76,302.40173117290954
"baseline","1.5%",9.150024589210659e-5,1.01601,77,428.71185643362975
"baseline","1.5%",9.150024589210659e-5,1.01601,78,188.21349675679
"baseline","1.5%",9.150024589210659e-5,1.01601,79,474.6507826427594
"baseline","1.5%",9.150024589210659e-5,1.01601,80,251.8014415882849
"baseline","1.5%",9.150024589210659e-5,1.01601,81,174.54537488189274
"baseline","1.5%",9.150024589210659e-5,1.01601,82,301.37091962581354
"baseline","1.5%",9.150024589210659e-5,1.01601,83,200.71612750848846
"baseline","1.5%",9.150024589210659e-5,1.01601,84,222.09907823640296
"baseline","1.5%",9.150024589210659e-5,1.01601,85,672.8287110701361
"baseline","1.5%",9.150024589210659e-5,1.01601,86,726.2801033273025
"baseline","1.5%",9.150024589210659e-5,1.01601,87,329.1830385107691
"baseline","1.5%",9.150024589210659e-5,1.01601,88,193.5671205565852
"baseline","1.5%",9.150024589210659e-5,1.01601,89,397.7606703023685
"baseline","1.5%",9.150024589210659e-5,1.01601,90,17.897242678541122
"baseline","1.5%",9.150024589210659e-5,1.01601,91,176.119588637525
"baseline","1.5%",9.150024589210659e-5,1.01601,92,284.0043036935599
"baseline","1.5%",9.150024589210659e-5,1.01601,93,417.4869616389721
"baseline","1.5%",9.150024589210659e-5,1.01601,94,246.7739422182298
"baseline","1.5%",9.150024589210659e-5,1.01601,95,257.1304510246791
"baseline","1.5%",9.150024589210659e-5,1.01601,96,336.77115089712834
"baseline","1.5%",9.150024589210659e-5,1.01601,97,106.20787957377313
"baseline","1.5%",9.150024589210659e-5,1.01601,98,395.73340590053533
"baseline","1.5%",9.150024589210659e-5,1.01601,99,624.2889889501524
"baseline","1.5%",9.150024589210659e-5,1.01601,100,172.613137147422
"baseline","2.5%",0.004629467024013456,1.421158088,1,150.00936694683386
"baseline","2.5%",0.004629467024013456,1.421158088,2,228.406387254884
"baseline","2.5%",0.004629467024013456,1.421158088,3,77.16229461402078
"baseline","2.5%",0.004629467024013456,1.421158088,4,94.72758427637137
"baseline","2.5%",0.004629467024013456,1.421158088,5,218.96566621767388
"baseline","2.5%",0.004629467024013456,1.421158088,6,125.94802807504047
"baseline","2.5%",0.004629467024013456,1.421158088,7,48.90656618922917
"baseline","2.5%",0.004629467024013456,1.421158088,8,390.0405972277433
"baseline","2.5%",0.004629467024013456,1.421158088,9,80.16515304290088
"baseline","2.5%",0.004629467024013456,1.421158088,10,27.72693122386265
"baseline","2.5%",0.004629467024013456,1.421158088,11,420.7614356655638
"baseline","2.5%",0.004629467024013456,1.421158088,12,127.60773326261184
"baseline","2.5%",0.004629467024013456,1.421158088,13,90.71667251787088
"baseline","2.5%",0.004629467024013456,1.421158088,14,51.74694084528227
"baseline","2.5%",0.004629467024013456,1.421158088,15,12.718610823170714
"baseline","2.5%",0.004629467024013456,1.421158088,16,80.08538937859852
"baseline","2.5%",0.004629467024013456,1.421158088,17,33.77452499853968
"baseline","2.5%",0.004629467024013456,1.421158088,18,214.75259522805806
"baseline","2.5%",0.004629467024013456,1.421158088,19,80.37046772542308
"baseline","2.5%",0.004629467024013456,1.421158088,20,157.60892109622483
"baseline","2.5%",0.004629467024013456,1.421158088,21,216.48234641226983
"baseline","2.5%",0.004629467024013456,1.421158088,22,31.34227202575929
"baseline","2.5%",0.004629467024013456,1.421158088,23,31.981402749479724
"baseline","2.5%",0.004629467024013456,1.421158088,24,261.82393028145674
"baseline","2.5%",0.004629467024013456,1.421158088,25,111.94830321460141
"baseline","2.5%",0.004629467024013456,1.421158088,26,7.978898591636305
"baseline","2.5%",0.004629467024013456,1.421158088,27,99.68771773033697
"baseline","2.5%",0.004629467024013456,1.421158088,28,78.82689112763062
"baseline","2.5%",0.004629467024013456,1.421158088,29,146.94383485224495
"baseline","2.5%",0.004629467024013456,1.421158088,30,51.091157714468544
"baseline","2.5%",0.004629467024013456,1.421158088,31,50.52998886682639
"baseline","2.5%",0.004629467024013456,1.421158088,32,112.82580761698433
"baseline","2.5%",0.004629467024013456,1.421158088,33,80.83926707736711
"baseline","2.5%",0.004629467024013456,1.421158088,34,52.6069573392673
"baseline","2.5%",0.004629467024013456,1.421158088,35,145.2774231392567
"baseline","2.5%",0.004629467024013456,1.421158088,36,44.501928001798184
"baseline","2.5%",0.004629467024013456,1.421158088,37,125.55676061655606
"baseline","2.5%",0.004629467024013456,1.421158088,38,243.08811884394933
"baseline","2.5%",0.004629467024013456,1.421158088,39,85.87661173739504
"baseline","2.5%",0.004629467024013456,1.421158088,40,117.06134366942122
"baseline","2.5%",0.004629467024013456,1.421158088,41,165.05967077555678
"baseline","2.5%",0.004629467024013456,1.421158088,42,122.21115285526824
"baseline","2.5%",0.004629467024013456,1.421158088,43,70.34884098943806
"baseline","2.5%",0.004629467024013456,1.421158088,44,515.227181203749
"baseline","2.5%",0.004629467024013456,1.421158088,45,76.81389901634618
"baseline","2.5%",0.004629467024013456,1.421158088,46,31.94569301841589
"baseline","2.5%",0.004629467024013456,1.421158088,47,85.35587454214213
"baseline","2.5%",0.004629467024013456,1.421158088,48,81.10024104868475
"baseline","2.5%",0.004629467024013456,1.421158088,49,56.50245937141919
"baseline","2.5%",0.004629467024013456,1.421158088,50,93.07224971073809
"baseline","2.5%",0.004629467024013456,1.421158088,51,102.85320487321665
"baseline","2.5%",0.004629467024013456,1.421158088,52,160.50251653020123
"baseline","2.5%",0.004629467024013456,1.421158088,53,68.30335589863925
"baseline","2.5%",0.004629467024013456,1.421158088,54,7.9438129870895215
"baseline","2.5%",0.004629467024013456,1.421158088,55,250.43142569653168
"baseline","2.5%",0.004629467024013456,1.421158088,56,234.95453726291282
"baseline","2.5%",0.004629467024013456,1.421158088,57,58.76971771320168
"baseline","2.5%",0.004629467024013456,1.421158088,58,53.33470342762592
"baseline","2.5%",0.004629467024013456,1.421158088,59,237.9740243765436
"baseline","2.5%",0.004629467024013456,1.421158088,60,252.98259942970375
"baseline","2.5%",0.004629467024013456,1.421158088,61,119.23053542738195
"baseline","2.5%",0.004629467024013456,1.421158088,62,39.204453612306025
"baseline","2.5%",0.004629467024013456,1.421158088,63,199.99570693146202
"baseline","2.5%",0.004629467024013456,1.421158088,64,100.83416010294066
"baseline","2.5%",0.004629467024013456,1.421158088,65,4.826714879293779
"baseline","2.5%",0.004629467024013456,1.421158088,66,54.702938878750366
"baseline","2.5%",0.004629467024013456,1.421158088,67,131.0667126500653
"baseline","2.5%",0.004629467024013456,1.421158088,68,901.870438212955
"baseline","2.5%",0.004629467024013456,1.421158088,69,60.485892036139504
"baseline","2.5%",0.004629467024013456,1.421158088,70,102.69710960625862
"baseline","2.5%",0.004629467024013456,1.421158088,71,58.46100863108352
"baseline","2.5%",0.004629467024013456,1.421158088,72,258.1101238627593
"baseline","2.5%",0.004629467024013456,1.421158088,73,150.36338580588233
"baseline","2.5%",0.004629467024013456,1.421158088,74,42.4064487651423
"baseline","2.5%",0.004629467024013456,1.421158088,75,121.59670534776573
"baseline","2.5%",0.004629467024013456,1.421158088,76,86.87382869813489
"baseline","2.5%",0.004629467024013456,1.421158088,77,132.9034981964445
"baseline","2.5%",0.004629467024013456,1.421158088,78,81.80592957320333
"baseline","2.5%",0.004629467024013456,1.421158088,79,138.40853840988242
"baseline","2.5%",0.004629467024013456,1.421158088,80,95.90099557880815
"baseline","2.5%",0.004629467024013456,1.421158088,81,57.13991739310308
"baseline","2.5%",0.004629467024013456,1.421158088,82,97.8010246507071
"baseline","2.5%",0.004629467024013456,1.421158088,83,61.78948300490885
"baseline","2.5%",0.004629467024013456,1.421158088,84,85.1504889426918
"baseline","2.5%",0.004629467024013456,1.421158088,85,300.3841482215722
"baseline","2.5%",0.004629467024013456,1.421158088,86,303.0247574940927
"baseline","2.5%",0.004629467024013456,1.421158088,87,123.23396030457862
"baseline","2.5%",0.004629467024013456,1.421158088,88,67.16246032571873
"baseline","2.5%",0.004629467024013456,1.421158088,89,123.30907487596637
"baseline","2.5%",0.004629467024013456,1.421158088,90,0.40174954936006396
"baseline","2.5%",0.004629467024013456,1.421158088,91,52.645345226527176
"baseline","2.5%",0.004629467024013456,1.421158088,92,93.0207040229412
"baseline","2.5%",0.004629467024013456,1.421158088,93,199.645111062582
"baseline","2.5%",0.004629467024013456,1.421158088,94,118.72328155257274
"baseline","2.5%",0.004629467024013456,1.421158088,95,100.49906225797287
"baseline","2.5%",0.004629467024013456,1.421158088,96,148.61038457625065
"baseline","2.5%",0.004629467024013456,1.421158088,97,12.857310213201208
"baseline","2.5%",0.004629467024013456,1.421158088,98,116.40795285816161
"baseline","2.5%",0.004629467024013456,1.421158088,99,237.973411084251
"baseline","2.5%",0.004629467024013456,1.421158088,100,49.34767038533784
"baseline","2.0%",0.0019745879362491614,1.244458999,1,220.1043317354974
"baseline","2.0%",0.0019745879362491614,1.244458999,2,363.73411289558805
"baseline","2.0%",0.0019745879362491614,1.244458999,3,144.22241255733405
"baseline","2.0%",0.0019745879362491614,1.244458999,4,155.9060193634409
"baseline","2.0%",0.0019745879362491614,1.244458999,5,372.0991721274073
"baseline","2.0%",0.0019745879362491614,1.244458999,6,179.4824796363447
"baseline","2.0%",0.0019745879362491614,1.244458999,7,93.3734083969945
"baseline","2.0%",0.0019745879362491614,1.244458999,8,514.6897432450969
"baseline","2.0%",0.0019745879362491614,1.244458999,9,129.6176008264381
"baseline","2.0%",0.0019745879362491614,1.244458999,10,54.416728247200126
"baseline","2.0%",0.0019745879362491614,1.244458999,11,695.055946393461
"baseline","2.0%",0.0019745879362491614,1.244458999,12,221.5256684196541
"baseline","2.0%",0.0019745879362491614,1.244458999,13,160.92113340140767
"baseline","2.0%",0.0019745879362491614,1.244458999,14,98.52181921791711
"baseline","2.0%",0.0019745879362491614,1.244458999,15,33.605643087613416
"baseline","2.0%",0.0019745879362491614,1.244458999,16,144.7618217545328
"baseline","2.0%",0.0019745879362491614,1.244458999,17,66.85500746555847
"baseline","2.0%",0.0019745879362491614,1.244458999,18,307.9680112488813
"baseline","2.0%",0.0019745879362491614,1.244458999,19,131.20727875815425
"baseline","2.0%",0.0019745879362491614,1.244458999,20,227.6817949535863
"baseline","2.0%",0.0019745879362491614,1.244458999,21,296.75515625100996
"baseline","2.0%",0.0019745879362491614,1.244458999,22,52.433909958493885
"baseline","2.0%",0.0019745879362491614,1.244458999,23,75.77802422444424
"baseline","2.0%",0.0019745879362491614,1.244458999,24,391.73096493378273
"baseline","2.0%",0.0019745879362491614,1.244458999,25,199.12499419757407
"baseline","2.0%",0.0019745879362491614,1.244458999,26,24.194123821134106
"baseline","2.0%",0.0019745879362491614,1.244458999,27,138.83502510343192
"baseline","2.0%",0.0019745879362491614,1.244458999,28,133.34760050573018
"baseline","2.0%",0.0019745879362491614,1.244458999,29,233.43198583431237
"baseline","2.0%",0.0019745879362491614,1.244458999,30,91.38347901578635
"baseline","2.0%",0.0019745879362491614,1.244458999,31,94.033952100741
"baseline","2.0%",0.0019745879362491614,1.244458999,32,149.0406737359193
"baseline","2.0%",0.0019745879362491614,1.244458999,33,123.93408348908503
"baseline","2.0%",0.0019745879362491614,1.244458999,34,108.27751414804924
"baseline","2.0%",0.0019745879362491614,1.244458999,35,231.60961224031527
"baseline","2.0%",0.0019745879362491614,1.244458999,36,67.38378950623999
"baseline","2.0%",0.0019745879362491614,1.244458999,37,187.60809830209794
"baseline","2.0%",0.0019745879362491614,1.244458999,38,337.76899085862726
"baseline","2.0%",0.0019745879362491614,1.244458999,39,121.2748082338039
"baseline","2.0%",0.0019745879362491614,1.244458999,40,177.1221073727905
"baseline","2.0%",0.0019745879362491614,1.244458999,41,299.75738526706925
"baseline","2.0%",0.0019745879362491614,1.244458999,42,211.35922710108005
"baseline","2.0%",0.0019745879362491614,1.244458999,43,114.42077826628628
"baseline","2.0%",0.0019745879362491614,1.244458999,44,757.0693022984474
"baseline","2.0%",0.0019745879362491614,1.244458999,45,153.4650879985558
"baseline","2.0%",0.0019745879362491614,1.244458999,46,60.50260616833334
"baseline","2.0%",0.0019745879362491614,1.244458999,47,135.81883747194334
"baseline","2.0%",0.0019745879362491614,1.244458999,48,105.92487135936922
"baseline","2.0%",0.0019745879362491614,1.244458999,49,104.64295030333402
"baseline","2.0%",0.0019745879362491614,1.244458999,50,137.17791766163182
"baseline","2.0%",0.0019745879362491614,1.244458999,51,149.85040391503932
"baseline","2.0%",0.0019745879362491614,1.244458999,52,228.01676712752442
"baseline","2.0%",0.0019745879362491614,1.244458999,53,115.79191908893192
"baseline","2.0%",0.0019745879362491614,1.244458999,54,27.942042058555213
"baseline","2.0%",0.0019745879362491614,1.244458999,55,352.9862752842029
"baseline","2.0%",0.0019745879362491614,1.244458999,56,336.4810009551674
"baseline","2.0%",0.0019745879362491614,1.244458999,57,114.66750102636334
"baseline","2.0%",0.0019745879362491614,1.244458999,58,94.32018805183188
"baseline","2.0%",0.0019745879362491614,1.244458999,59,370.6258613362424
"baseline","2.0%",0.0019745879362491614,1.244458999,60,429.3310071965377
"baseline","2.0%",0.0019745879362491614,1.244458999,61,180.89803050900542
"baseline","2.0%",0.0019745879362491614,1.244458999,62,74.34443488776648
"baseline","2.0%",0.0019745879362491614,1.244458999,63,260.7977246325583
"baseline","2.0%",0.0019745879362491614,1.244458999,64,158.7391546500601
"baseline","2.0%",0.0019745879362491614,1.244458999,65,16.878125736522954
"baseline","2.0%",0.0019745879362491614,1.244458999,66,85.1586418704767
"baseline","2.0%",0.0019745879362491614,1.244458999,67,215.19237058765168
"baseline","2.0%",0.0019745879362491614,1.244458999,68,999.6224948818193
"baseline","2.0%",0.0019745879362491614,1.244458999,69,99.16975407407986
"baseline","2.0%",0.0019745879362491614,1.244458999,70,156.83316500470912
"baseline","2.0%",0.0019745879362491614,1.244458999,71,94.81812775556378
"baseline","2.0%",0.0019745879362491614,1.244458999,72,471.10677573379314
"baseline","2.0%",0.0019745879362491614,1.244458999,73,226.2329146348798
"baseline","2.0%",0.0019745879362491614,1.244458999,74,79.50723959686944
"baseline","2.0%",0.0019745879362491614,1.244458999,75,202.91580590676875
"baseline","2.0%",0.0019745879362491614,1.244458999,76,164.50979349419433
"baseline","2.0%",0.0019745879362491614,1.244458999,77,238.86713247185588
"baseline","2.0%",0.0019745879362491614,1.244458999,78,127.55278079038871
"baseline","2.0%",0.0019745879362491614,1.244458999,79,235.02845984113094
"baseline","2.0%",0.0019745879362491614,1.244458999,80,155.74165065029774
"baseline","2.0%",0.0019745879362491614,1.244458999,81,99.66162889146543
"baseline","2.0%",0.0019745879362491614,1.244458999,82,169.7180091362925
"baseline","2.0%",0.0019745879362491614,1.244458999,83,109.08409685291213
"baseline","2.0%",0.0019745879362491614,1.244458999,84,144.83970828850644
"baseline","2.0%",0.0019745879362491614,1.244458999,85,437.0456325706176
"baseline","2.0%",0.0019745879362491614,1.244458999,86,463.8456078814385
"baseline","2.0%",0.0019745879362491614,1.244458999,87,197.38487701004817
"baseline","2.0%",0.0019745879362491614,1.244458999,88,112.7751101656877
"baseline","2.0%",0.0019745879362491614,1.244458999,89,216.40199605213414
"baseline","2.0%",0.0019745879362491614,1.244458999,90,6.475182259474183
"baseline","2.0%",0.0019745879362491614,1.244458999,91,91.68363719733789
"baseline","2.0%",0.0019745879362491614,1.244458999,92,161.3058860720078
"baseline","2.0%",0.0019745879362491614,1.244458999,93,279.51594266827493
"baseline","2.0%",0.0019745879362491614,1.244458999,94,174.99523329383328
"baseline","2.0%",0.0019745879362491614,1.244458999,95,151.05351550922143
"baseline","2.0%",0.0019745879362491614,1.244458999,96,222.31670128490785
"baseline","2.0%",0.0019745879362491614,1.244458999,97,29.369950619722044
"baseline","2.0%",0.0019745879362491614,1.244458999,98,201.409308000997
"baseline","2.0%",0.0019745879362491614,1.244458999,99,383.61867816594884
"baseline","2.0%",0.0019745879362491614,1.244458999,100,87.94340478175722
"baseline","3.0%",0.007732453194507549,1.567899391,1,109.86314538870343
"baseline","3.0%",0.007732453194507549,1.567899391,2,149.7268921282515
"baseline","3.0%",0.007732453194507549,1.567899391,3,49.53201188648241
"baseline","3.0%",0.007732453194507549,1.567899391,4,62.57039989082917
"baseline","3.0%",0.007732453194507549,1.567899391,5,129.509530261721
"baseline","3.0%",0.007732453194507549,1.567899391,6,89.58211913182237
"baseline","3.0%",0.007732453194507549,1.567899391,7,30.344762308236565
"baseline","3.0%",0.007732453194507549,1.567899391,8,275.7853970655443
"baseline","3.0%",0.007732453194507549,1.567899391,9,52.52349394902407
"baseline","3.0%",0.007732453194507549,1.567899391,10,16.575571693552963
"baseline","3.0%",0.007732453194507549,1.567899391,11,263.9182582984964
"baseline","3.0%",0.007732453194507549,1.567899391,12,76.61684259892097
"baseline","3.0%",0.007732453194507549,1.567899391,13,55.237267949654836
"baseline","3.0%",0.007732453194507549,1.567899391,14,29.89789536952465
"baseline","3.0%",0.007732453194507549,1.567899391,15,4.982791512545006
"baseline","3.0%",0.007732453194507549,1.567899391,16,49.172930157180694
"baseline","3.0%",0.007732453194507549,1.567899391,17,16.140012539865584
"baseline","3.0%",0.007732453194507549,1.567899391,18,147.46636138740752
"baseline","3.0%",0.007732453194507549,1.567899391,19,56.591944790340854
"baseline","3.0%",0.007732453194507549,1.567899391,20,114.17908692034136
"baseline","3.0%",0.007732453194507549,1.567899391,21,156.0223129580563
"baseline","3.0%",0.007732453194507549,1.567899391,22,18.817723326270063
"baseline","3.0%",0.007732453194507549,1.567899391,23,14.855498627561087
"baseline","3.0%",0.007732453194507549,1.567899391,24,188.59334741285645
"baseline","3.0%",0.007732453194507549,1.567899391,25,64.756753803214
"baseline","3.0%",0.007732453194507549,1.567899391,26,1.5873336090387542
"baseline","3.0%",0.007732453194507549,1.567899391,27,73.79052967722852
"baseline","3.0%",0.007732453194507549,1.567899391,28,51.24676963397691
"baseline","3.0%",0.007732453194507549,1.567899391,29,98.64568085766791
"baseline","3.0%",0.007732453194507549,1.567899391,30,30.399735423797726
"baseline","3.0%",0.007732453194507549,1.567899391,31,30.139430945158168
"baseline","3.0%",0.007732453194507549,1.567899391,32,87.7307830931072
"baseline","3.0%",0.007732453194507549,1.567899391,33,56.17124802656128
"baseline","3.0%",0.007732453194507549,1.567899391,34,30.48773809360059
"baseline","3.0%",0.007732453194507549,1.567899391,35,92.32186188796207
"baseline","3.0%",0.007732453194507549,1.567899391,36,32.73657026416088
"baseline","3.0%",0.007732453194507549,1.567899391,37,89.60807608537341
"baseline","3.0%",0.007732453194507549,1.567899391,38,182.07018607141669
"baseline","3.0%",0.007732453194507549,1.567899391,39,62.63960388967729
"baseline","3.0%",0.007732453194507549,1.567899391,40,77.78504604374156
"baseline","3.0%",0.007732453194507549,1.567899391,41,91.57750941258814
"baseline","3.0%",0.007732453194507549,1.567899391,42,79.86258596483093
"baseline","3.0%",0.007732453194507549,1.567899391,43,49.819889419131485
"baseline","3.0%",0.007732453194507549,1.567899391,44,349.6454307939693
"baseline","3.0%",0.007732453194507549,1.567899391,45,40.45965493922414
"baseline","3.0%",0.007732453194507549,1.567899391,46,19.6076508391951
"baseline","3.0%",0.007732453194507549,1.567899391,47,58.227075445369394
"baseline","3.0%",0.007732453194507549,1.567899391,48,61.122083109980544
"baseline","3.0%",0.007732453194507549,1.567899391,49,37.07974725055224
"baseline","3.0%",0.007732453194507549,1.567899391,50,66.37172194489432
"baseline","3.0%",0.007732453194507549,1.567899391,51,71.78966829449983
"baseline","3.0%",0.007732453194507549,1.567899391,52,119.61069552959674
"baseline","3.0%",0.007732453194507549,1.567899391,53,44.142512868783726
"baseline","3.0%",0.007732453194507549,1.567899391,54,0.23787974362759282
"baseline","3.0%",0.007732453194507549,1.567899391,55,182.34040960508264
"baseline","3.0%",0.007732453194507549,1.567899391,56,166.25617664114066
"baseline","3.0%",0.007732453194507549,1.567899391,57,35.65286149708047
"baseline","3.0%",0.007732453194507549,1.567899391,58,30.788945855338394
"baseline","3.0%",0.007732453194507549,1.567899391,59,163.8884078770931
"baseline","3.0%",0.007732453194507549,1.567899391,60,154.79347747881727
"baseline","3.0%",0.007732453194507549,1.567899391,61,82.95900356471905
"baseline","3.0%",0.007732453194507549,1.567899391,62,26.249276473833618
"baseline","3.0%",0.007732453194507549,1.567899391,63,149.55194526479053
"baseline","3.0%",0.007732453194507549,1.567899391,64,69.77824509937975
"baseline","3.0%",0.007732453194507549,1.567899391,65,0.34931198365365523
"baseline","3.0%",0.007732453194507549,1.567899391,66,38.27277096918711
"baseline","3.0%",0.007732453194507549,1.567899391,67,86.64295597485653
"baseline","3.0%",0.007732453194507549,1.567899391,68,739.5194227072711
"baseline","3.0%",0.007732453194507549,1.567899391,69,41.52578185000741
"baseline","3.0%",0.007732453194507549,1.567899391,70,73.352171522113
"baseline","3.0%",0.007732453194507549,1.567899391,71,41.568909400707795
"baseline","3.0%",0.007732453194507549,1.567899391,72,149.97852022030318
"baseline","3.0%",0.007732453194507549,1.567899391,73,105.21953945360917
"baseline","3.0%",0.007732453194507549,1.567899391,74,27.501386199568817
"baseline","3.0%",0.007732453194507549,1.567899391,75,76.98836205252844
"baseline","3.0%",0.007732453194507549,1.567899391,76,45.97036403213258
"baseline","3.0%",0.007732453194507549,1.567899391,77,77.4568261755976
"baseline","3.0%",0.007732453194507549,1.567899391,78,52.25720919429779
"baseline","3.0%",0.007732453194507549,1.567899391,79,92.32033465525778
"baseline","3.0%",0.007732453194507549,1.567899391,80,61.686334492067786
"baseline","3.0%",0.007732453194507549,1.567899391,81,33.698268780749125
"baseline","3.0%",0.007732453194507549,1.567899391,82,59.11504032304413
"baseline","3.0%",0.007732453194507549,1.567899391,83,37.330347762989284
"baseline","3.0%",0.007732453194507549,1.567899391,84,48.05567735498143
"baseline","3.0%",0.007732453194507549,1.567899391,85,217.75131970921717
"baseline","3.0%",0.007732453194507549,1.567899391,86,206.53691340151633
"baseline","3.0%",0.007732453194507549,1.567899391,87,80.83847109907383
"baseline","3.0%",0.007732453194507549,1.567899391,88,42.15231683703294
"baseline","3.0%",0.007732453194507549,1.567899391,89,76.04434148721215
"baseline","3.0%",0.007732453194507549,1.567899391,90,-2.471933764167923
"baseline","3.0%",0.007732453194507549,1.567899391,91,33.21512273323662
"baseline","3.0%",0.007732453194507549,1.567899391,92,56.114668802015245
"baseline","3.0%",0.007732453194507549,1.567899391,93,149.78289562174385
"baseline","3.0%",0.007732453194507549,1.567899391,94,80.226728906881
"baseline","3.0%",0.007732453194507549,1.567899391,95,73.51847247804838
"baseline","3.0%",0.007732453194507549,1.567899391,96,103.01024873093708
"baseline","3.0%",0.007732453194507549,1.567899391,97,6.4016917436908445
"baseline","3.0%",0.007732453194507549,1.567899391,98,75.33489667481219
"baseline","3.0%",0.007732453194507549,1.567899391,99,156.23356798926523
"baseline","3.0%",0.007732453194507549,1.567899391,100,29.8465035892136
"feedback-residual-medium","1.5%",9.150024589210659e-5,1.01601,1,349.1506820002344
"feedback-residual-medium","1.5%",9.150024589210659e-5,1.01601,2,575.8136284662944
"feedback-residual-medium","1.5%",9.150024589210659e-5,1.01601,3,350.1353709506803
"feedback-residual-medium","1.5%",9.150024589210659e-5,1.01601,4,276.8460359959846
"feedback-residual-medium","1.5%",9.150024589210659e-5,1.01601,5,602.5269435334499
"feedback-residual-medium","1.5%",9.150024589210659e-5,1.01601,6,250.0087398568376
"feedback-residual-medium","1.5%",9.150024589210659e-5,1.01601,7,221.88605179247725
"feedback-residual-medium","1.5%",9.150024589210659e-5,1.01601,8,595.4599936911844
"feedback-residual-medium","1.5%",9.150024589210659e-5,1.01601,9,222.40475800181363
"feedback-residual-medium","1.5%",9.150024589210659e-5,1.01601,10,131.65646667773922
"feedback-residual-medium","1.5%",9.150024589210659e-5,1.01601,11,1130.892371330929
"feedback-residual-medium","1.5%",9.150024589210659e-5,1.01601,12,385.2261985265701
"feedback-residual-medium","1.5%",9.150024589210659e-5,1.01601,13,305.6630911064267
"feedback-residual-medium","1.5%",9.150024589210659e-5,1.01601,14,216.28807933324666
"feedback-residual-medium","1.5%",9.150024589210659e-5,1.01601,15,99.65099461197043
"feedback-residual-medium","1.5%",9.150024589210659e-5,1.01601,16,288.737575662317
"feedback-residual-medium","1.5%",9.150024589210659e-5,1.01601,17,126.08294965646411
"feedback-residual-medium","1.5%",9.150024589210659e-5,1.01601,18,411.42335929185134
"feedback-residual-medium","1.5%",9.150024589210659e-5,1.01601,19,281.96148214643574
"feedback-residual-medium","1.5%",9.150024589210659e-5,1.01601,20,342.46970549590253
"feedback-residual-medium","1.5%",9.150024589210659e-5,1.01601,21,385.61002173338244
"feedback-residual-medium","1.5%",9.150024589210659e-5,1.01601,22,87.69702388183796
"feedback-residual-medium","1.5%",9.150024589210659e-5,1.01601,23,205.81979154627638
"feedback-residual-medium","1.5%",9.150024589210659e-5,1.01601,24,625.0138135463118
"feedback-residual-medium","1.5%",9.150024589210659e-5,1.01601,25,350.9674768392821
"feedback-residual-medium","1.5%",9.150024589210659e-5,1.01601,26,69.39286103068474
"feedback-residual-medium","1.5%",9.150024589210659e-5,1.01601,27,204.30790252500023
"feedback-residual-medium","1.5%",9.150024589210659e-5,1.01601,28,255.67602444831795
"feedback-residual-medium","1.5%",9.150024589210659e-5,1.01601,29,385.7465975651408
"feedback-residual-medium","1.5%",9.150024589210659e-5,1.01601,30,170.18896576902335
"feedback-residual-medium","1.5%",9.150024589210659e-5,1.01601,31,190.73869131827414
"feedback-residual-medium","1.5%",9.150024589210659e-5,1.01601,32,200.29629416950834
"feedback-residual-medium","1.5%",9.150024589210659e-5,1.01601,33,201.1175422859944
"feedback-residual-medium","1.5%",9.150024589210659e-5,1.01601,34,287.7320796492519
"feedback-residual-medium","1.5%",9.150024589210659e-5,1.01601,35,361.4407854964153
"feedback-residual-medium","1.5%",9.150024589210659e-5,1.01601,36,120.63531785064148
"feedback-residual-medium","1.5%",9.150024589210659e-5,1.01601,37,295.64812363043455
"feedback-residual-medium","1.5%",9.150024589210659e-5,1.01601,38,486.3345469276324
"feedback-residual-medium","1.5%",9.150024589210659e-5,1.01601,39,174.33085148558908
"feedback-residual-medium","1.5%",9.150024589210659e-5,1.01601,40,258.16558694442807
"feedback-residual-medium","1.5%",9.150024589210659e-5,1.01601,41,530.5045956107043
"feedback-residual-medium","1.5%",9.150024589210659e-5,1.01601,42,434.0080521736006
"feedback-residual-medium","1.5%",9.150024589210659e-5,1.01601,43,235.05732772559708
"feedback-residual-medium","1.5%",9.150024589210659e-5,1.01601,44,1055.7860416840178
"feedback-residual-medium","1.5%",9.150024589210659e-5,1.01601,45,318.1266347041643
"feedback-residual-medium","1.5%",9.150024589210659e-5,1.01601,46,144.66795089241285
"feedback-residual-medium","1.5%",9.150024589210659e-5,1.01601,47,236.37098512770734
"feedback-residual-medium","1.5%",9.150024589210659e-5,1.01601,48,131.3662169369124
"feedback-residual-medium","1.5%",9.150024589210659e-5,1.01601,49,279.4943095776159
"feedback-residual-medium","1.5%",9.150024589210659e-5,1.01601,50,209.97326012674546
"feedback-residual-medium","1.5%",9.150024589210659e-5,1.01601,51,217.50934578698488
"feedback-residual-medium","1.5%",9.150024589210659e-5,1.01601,52,354.57000237113596
"feedback-residual-medium","1.5%",9.150024589210659e-5,1.01601,53,222.75452116344937
"feedback-residual-medium","1.5%",9.150024589210659e-5,1.01601,54,87.55557109588895
"feedback-residual-medium","1.5%",9.150024589210659e-5,1.01601,55,495.4458408983087
"feedback-residual-medium","1.5%",9.150024589210659e-5,1.01601,56,469.0417555066205
"feedback-residual-medium","1.5%",9.150024589210659e-5,1.01601,57,282.33378016483607
"feedback-residual-medium","1.5%",9.150024589210659e-5,1.01601,58,168.84394454564577
"feedback-residual-medium","1.5%",9.150024589210659e-5,1.01601,59,629.5736253157944
"feedback-residual-medium","1.5%",9.150024589210659e-5,1.01601,60,731.0785115761319
"feedback-residual-medium","1.5%",9.150024589210659e-5,1.01601,61,295.81824372678585
"feedback-residual-medium","1.5%",9.150024589210659e-5,1.01601,62,248.74375686385767
"feedback-residual-medium","1.5%",9.150024589210659e-5,1.01601,63,314.30114575179107
"feedback-residual-medium","1.5%",9.150024589210659e-5,1.01601,64,277.3811988445081
"feedback-residual-medium","1.5%",9.150024589210659e-5,1.01601,65,53.844548605154884
"feedback-residual-medium","1.5%",9.150024589210659e-5,1.01601,66,148.57837852136396
"feedback-residual-medium","1.5%",9.150024589210659e-5,1.01601,67,382.5813105587843
"feedback-residual-medium","1.5%",9.150024589210659e-5,1.01601,68,919.58592013263
"feedback-residual-medium","1.5%",9.150024589210659e-5,1.01601,69,196.60098323422807
"feedback-residual-medium","1.5%",9.150024589210659e-5,1.01601,70,266.3668679748883
"feedback-residual-medium","1.5%",9.150024589210659e-5,1.01601,71,196.6246311402676
"feedback-residual-medium","1.5%",9.150024589210659e-5,1.01601,72,865.4596931344446
"feedback-residual-medium","1.5%",9.150024589210659e-5,1.01601,73,357.2973070124936
"feedback-residual-medium","1.5%",9.150024589210659e-5,1.01601,74,205.94653639791912
"feedback-residual-medium","1.5%",9.150024589210659e-5,1.01601,75,348.8732680093232
"feedback-residual-medium","1.5%",9.150024589210659e-5,1.01601,76,303.3984047349917
"feedback-residual-medium","1.5%",9.150024589210659e-5,1.01601,77,430.02177595439736
"feedback-residual-medium","1.5%",9.150024589210659e-5,1.01601,78,188.73183775848395
"feedback-residual-medium","1.5%",9.150024589210659e-5,1.01601,79,475.90851355529685
"feedback-residual-medium","1.5%",9.150024589210659e-5,1.01601,80,252.13855971042722
"feedback-residual-medium","1.5%",9.150024589210659e-5,1.01601,81,174.83386949372675
"feedback-residual-medium","1.5%",9.150024589210659e-5,1.01601,82,301.78295510371953
"feedback-residual-medium","1.5%",9.150024589210659e-5,1.01601,83,201.43246294381336
"feedback-residual-medium","1.5%",9.150024589210659e-5,1.01601,84,222.61260961517223
"feedback-residual-medium","1.5%",9.150024589210659e-5,1.01601,85,676.1453894732042
"feedback-residual-medium","1.5%",9.150024589210659e-5,1.01601,86,727.927465150725
"feedback-residual-medium","1.5%",9.150024589210659e-5,1.01601,87,329.75687203943676
"feedback-residual-medium","1.5%",9.150024589210659e-5,1.01601,88,194.23715541230266
"feedback-residual-medium","1.5%",9.150024589210659e-5,1.01601,89,398.1620793992534
"feedback-residual-medium","1.5%",9.150024589210659e-5,1.01601,90,17.95810375041741
"feedback-residual-medium","1.5%",9.150024589210659e-5,1.01601,91,176.61757991626564
"feedback-residual-medium","1.5%",9.150024589210659e-5,1.01601,92,284.9814360113107
"feedback-residual-medium","1.5%",9.150024589210659e-5,1.01601,93,418.65691270925805
"feedback-residual-medium","1.5%",9.150024589210659e-5,1.01601,94,247.27385240350395
"feedback-residual-medium","1.5%",9.150024589210659e-5,1.01601,95,258.08642124348137
"feedback-residual-medium","1.5%",9.150024589210659e-5,1.01601,96,337.2227312222997
"feedback-residual-medium","1.5%",9.150024589210659e-5,1.01601,97,106.4447107063635
"feedback-residual-medium","1.5%",9.150024589210659e-5,1.01601,98,397.0124485006349
"feedback-residual-medium","1.5%",9.150024589210659e-5,1.01601,99,626.25087701794
"feedback-residual-medium","1.5%",9.150024589210659e-5,1.01601,100,172.82835112154282
"feedback-residual-medium","2.5%",0.004629467024013456,1.421158088,1,150.2809879597689
"feedback-residual-medium","2.5%",0.004629467024013456,1.421158088,2,228.66058069331655
"feedback-residual-medium","2.5%",0.004629467024013456,1.421158088,3,77.40298333921882
"feedback-residual-medium","2.5%",0.004629467024013456,1.421158088,4,94.84768164217805
"feedback-residual-medium","2.5%",0.004629467024013456,1.421158088,5,220.6968208701041
"feedback-residual-medium","2.5%",0.004629467024013456,1.421158088,6,126.14783561208154
"feedback-residual-medium","2.5%",0.004629467024013456,1.421158088,7,48.95216247473769
"feedback-residual-medium","2.5%",0.004629467024013456,1.421158088,8,390.6310027717814
"feedback-residual-medium","2.5%",0.004629467024013456,1.421158088,9,80.3317278308436
"feedback-residual-medium","2.5%",0.004629467024013456,1.421158088,10,27.7526100420828
"feedback-residual-medium","2.5%",0.004629467024013456,1.421158088,11,422.72404850611235
"feedback-residual-medium","2.5%",0.004629467024013456,1.421158088,12,128.16782980764756
"feedback-residual-medium","2.5%",0.004629467024013456,1.421158088,13,90.83746917864337
"feedback-residual-medium","2.5%",0.004629467024013456,1.421158088,14,51.85381989225242
"feedback-residual-medium","2.5%",0.004629467024013456,1.421158088,15,12.744356024016849
"feedback-residual-medium","2.5%",0.004629467024013456,1.421158088,16,80.15759199473402
"feedback-residual-medium","2.5%",0.004629467024013456,1.421158088,17,33.84117294223283
"feedback-residual-medium","2.5%",0.004629467024013456,1.421158088,18,215.09511445000712
"feedback-residual-medium","2.5%",0.004629467024013456,1.421158088,19,80.44549645246734
"feedback-residual-medium","2.5%",0.004629467024013456,1.421158088,20,157.79605473062634
"feedback-residual-medium","2.5%",0.004629467024013456,1.421158088,21,216.81794543502357
"feedback-residual-medium","2.5%",0.004629467024013456,1.421158088,22,31.391003494416793
"feedback-residual-medium","2.5%",0.004629467024013456,1.421158088,23,32.132862951689425
"feedback-residual-medium","2.5%",0.004629467024013456,1.421158088,24,262.0543680118208
"feedback-residual-medium","2.5%",0.004629467024013456,1.421158088,25,112.24649468137879
"feedback-residual-medium","2.5%",0.004629467024013456,1.421158088,26,7.992123673812282
"feedback-residual-medium","2.5%",0.004629467024013456,1.421158088,27,100.02126064251964
"feedback-residual-medium","2.5%",0.004629467024013456,1.421158088,28,78.9135723623755
"feedback-residual-medium","2.5%",0.004629467024013456,1.421158088,29,147.50759910900075
"feedback-residual-medium","2.5%",0.004629467024013456,1.421158088,30,51.15205512421977
"feedback-residual-medium","2.5%",0.004629467024013456,1.421158088,31,50.61171099543593
"feedback-residual-medium","2.5%",0.004629467024013456,1.421158088,32,112.93567303565949
"feedback-residual-medium","2.5%",0.004629467024013456,1.421158088,33,80.94299543388355
"feedback-residual-medium","2.5%",0.004629467024013456,1.421158088,34,52.71107583983074
"feedback-residual-medium","2.5%",0.004629467024013456,1.421158088,35,145.5166664724505
"feedback-residual-medium","2.5%",0.004629467024013456,1.421158088,36,44.589414440047136
"feedback-residual-medium","2.5%",0.004629467024013456,1.421158088,37,125.78393001092336
"feedback-residual-medium","2.5%",0.004629467024013456,1.421158088,38,243.50977707847625
"feedback-residual-medium","2.5%",0.004629467024013456,1.421158088,39,85.9756953323866
"feedback-residual-medium","2.5%",0.004629467024013456,1.421158088,40,117.34289335041434
"feedback-residual-medium","2.5%",0.004629467024013456,1.421158088,41,165.87456642943198
"feedback-residual-medium","2.5%",0.004629467024013456,1.421158088,42,122.35146798086578
"feedback-residual-medium","2.5%",0.004629467024013456,1.421158088,43,70.40461193037495
"feedback-residual-medium","2.5%",0.004629467024013456,1.421158088,44,516.1781169136185
"feedback-residual-medium","2.5%",0.004629467024013456,1.421158088,45,77.02530347942269
"feedback-residual-medium","2.5%",0.004629467024013456,1.421158088,46,32.016511865936664
"feedback-residual-medium","2.5%",0.004629467024013456,1.421158088,47,85.51120434292883
"feedback-residual-medium","2.5%",0.004629467024013456,1.421158088,48,81.19493750151806
"feedback-residual-medium","2.5%",0.004629467024013456,1.421158088,49,56.54161667719004
"feedback-residual-medium","2.5%",0.004629467024013456,1.421158088,50,93.24811353320487
"feedback-residual-medium","2.5%",0.004629467024013456,1.421158088,51,103.03254185690669
"feedback-residual-medium","2.5%",0.004629467024013456,1.421158088,52,160.6827437509105
"feedback-residual-medium","2.5%",0.004629467024013456,1.421158088,53,68.36091231581153
"feedback-residual-medium","2.5%",0.004629467024013456,1.421158088,54,7.9580290272695455
"feedback-residual-medium","2.5%",0.004629467024013456,1.421158088,55,251.71442961068104
"feedback-residual-medium","2.5%",0.004629467024013456,1.421158088,56,235.4968005706847
"feedback-residual-medium","2.5%",0.004629467024013456,1.421158088,57,58.81177553007485
"feedback-residual-medium","2.5%",0.004629467024013456,1.421158088,58,53.47084248206049
"feedback-residual-medium","2.5%",0.004629467024013456,1.421158088,59,238.48948870293592
"feedback-residual-medium","2.5%",0.004629467024013456,1.421158088,60,254.68061958717772
"feedback-residual-medium","2.5%",0.004629467024013456,1.421158088,61,119.47301424960844
"feedback-residual-medium","2.5%",0.004629467024013456,1.421158088,62,39.25232899889368
"feedback-residual-medium","2.5%",0.004629467024013456,1.421158088,63,200.20384137206082
"feedback-residual-medium","2.5%",0.004629467024013456,1.421158088,64,101.0146533906166
"feedback-residual-medium","2.5%",0.004629467024013456,1.421158088,65,4.841552270220451
"feedback-residual-medium","2.5%",0.004629467024013456,1.421158088,66,54.769881128285434
"feedback-residual-medium","2.5%",0.004629467024013456,1.421158088,67,131.24673282271485
"feedback-residual-medium","2.5%",0.004629467024013456,1.421158088,68,905.224644979686
"feedback-residual-medium","2.5%",0.004629467024013456,1.421158088,69,60.522482910730595
"feedback-residual-medium","2.5%",0.004629467024013456,1.421158088,70,102.86241830010106
"feedback-residual-medium","2.5%",0.004629467024013456,1.421158088,71,58.57117115671192
"feedback-residual-medium","2.5%",0.004629467024013456,1.421158088,72,259.0161437175851
"feedback-residual-medium","2.5%",0.004629467024013456,1.421158088,73,150.55288746992034
"feedback-residual-medium","2.5%",0.004629467024013456,1.421158088,74,42.444850446532655
"feedback-residual-medium","2.5%",0.004629467024013456,1.421158088,75,121.78984069496454
"feedback-residual-medium","2.5%",0.004629467024013456,1.421158088,76,87.13338839480551
"feedback-residual-medium","2.5%",0.004629467024013456,1.421158088,77,133.23253524731365
"feedback-residual-medium","2.5%",0.004629467024013456,1.421158088,78,82.06566313286017
"feedback-residual-medium","2.5%",0.004629467024013456,1.421158088,79,138.65073417741314
"feedback-residual-medium","2.5%",0.004629467024013456,1.421158088,80,96.00250123269821
"feedback-residual-medium","2.5%",0.004629467024013456,1.421158088,81,57.22104502024574
"feedback-residual-medium","2.5%",0.004629467024013456,1.421158088,82,97.91388302331758
"feedback-residual-medium","2.5%",0.004629467024013456,1.421158088,83,61.96257761022274
"feedback-residual-medium","2.5%",0.004629467024013456,1.421158088,84,85.34210746676213
"feedback-residual-medium","2.5%",0.004629467024013456,1.421158088,85,302.02239817846385
"feedback-residual-medium","2.5%",0.004629467024013456,1.421158088,86,303.60338406149805
"feedback-residual-medium","2.5%",0.004629467024013456,1.421158088,87,123.40344637675742
"feedback-residual-medium","2.5%",0.004629467024013456,1.421158088,88,67.33682824871646
"feedback-residual-medium","2.5%",0.004629467024013456,1.421158088,89,123.404682436315
"feedback-residual-medium","2.5%",0.004629467024013456,1.421158088,90,0.41666538029107186
"feedback-residual-medium","2.5%",0.004629467024013456,1.421158088,91,52.75187971679846
"feedback-residual-medium","2.5%",0.004629467024013456,1.421158088,92,93.28153694910114
"feedback-residual-medium","2.5%",0.004629467024013456,1.421158088,93,200.0163030924188
"feedback-residual-medium","2.5%",0.004629467024013456,1.421158088,94,118.92828829389356
"feedback-residual-medium","2.5%",0.004629467024013456,1.421158088,95,100.72920517650773
"feedback-residual-medium","2.5%",0.004629467024013456,1.421158088,96,148.81571883133455
"feedback-residual-medium","2.5%",0.004629467024013456,1.421158088,97,12.877001976854192
"feedback-residual-medium","2.5%",0.004629467024013456,1.421158088,98,116.65221873766444
"feedback-residual-medium","2.5%",0.004629467024013456,1.421158088,99,238.52760122156502
"feedback-residual-medium","2.5%",0.004629467024013456,1.421158088,100,49.396530978139346
"feedback-residual-medium","2.0%",0.0019745879362491614,1.244458999,1,220.5697782420573
"feedback-residual-medium","2.0%",0.0019745879362491614,1.244458999,2,364.21029231869244
"feedback-residual-medium","2.0%",0.0019745879362491614,1.244458999,3,144.88819545181107
"feedback-residual-medium","2.0%",0.0019745879362491614,1.244458999,4,156.12086826583385
"feedback-residual-medium","2.0%",0.0019745879362491614,1.244458999,5,375.34746868160613
"feedback-residual-medium","2.0%",0.0019745879362491614,1.244458999,6,179.79946398594302
"feedback-residual-medium","2.0%",0.0019745879362491614,1.244458999,7,93.48225106417422
"feedback-residual-medium","2.0%",0.0019745879362491614,1.244458999,8,515.4947228743595
"feedback-residual-medium","2.0%",0.0019745879362491614,1.244458999,9,129.91317674486993
"feedback-residual-medium","2.0%",0.0019745879362491614,1.244458999,10,54.48179199096156
"feedback-residual-medium","2.0%",0.0019745879362491614,1.244458999,11,698.6449573416088
"feedback-residual-medium","2.0%",0.0019745879362491614,1.244458999,12,222.6144949757522
"feedback-residual-medium","2.0%",0.0019745879362491614,1.244458999,13,161.17145277512324
"feedback-residual-medium","2.0%",0.0019745879362491614,1.244458999,14,98.76120889737426
"feedback-residual-medium","2.0%",0.0019745879362491614,1.244458999,15,33.67707717809037
"feedback-residual-medium","2.0%",0.0019745879362491614,1.244458999,16,144.9022480434718
"feedback-residual-medium","2.0%",0.0019745879362491614,1.244458999,17,66.98618956685155
"feedback-residual-medium","2.0%",0.0019745879362491614,1.244458999,18,308.4782340624588
"feedback-residual-medium","2.0%",0.0019745879362491614,1.244458999,19,131.37936767015896
"feedback-residual-medium","2.0%",0.0019745879362491614,1.244458999,20,227.9855724972296
"feedback-residual-medium","2.0%",0.0019745879362491614,1.244458999,21,297.25216100246644
"feedback-residual-medium","2.0%",0.0019745879362491614,1.244458999,22,52.53323531367402
"feedback-residual-medium","2.0%",0.0019745879362491614,1.244458999,23,76.2016212141799
"feedback-residual-medium","2.0%",0.0019745879362491614,1.244458999,24,392.1700330209645
"feedback-residual-medium","2.0%",0.0019745879362491614,1.244458999,25,199.71819732543048
"feedback-residual-medium","2.0%",0.0019745879362491614,1.244458999,26,24.227944151298416
"feedback-residual-medium","2.0%",0.0019745879362491614,1.244458999,27,139.35705137926294
"feedback-residual-medium","2.0%",0.0019745879362491614,1.244458999,28,133.52843235291238
"feedback-residual-medium","2.0%",0.0019745879362491614,1.244458999,29,234.48268905439593
"feedback-residual-medium","2.0%",0.0019745879362491614,1.244458999,30,91.5039895699219
"feedback-residual-medium","2.0%",0.0019745879362491614,1.244458999,31,94.21991353831928
"feedback-residual-medium","2.0%",0.0019745879362491614,1.244458999,32,149.19356851843335
"feedback-residual-medium","2.0%",0.0019745879362491614,1.244458999,33,124.11782179005884
"feedback-residual-medium","2.0%",0.0019745879362491614,1.244458999,34,108.54637580317315
"feedback-residual-medium","2.0%",0.0019745879362491614,1.244458999,35,232.0435919421959
"feedback-residual-medium","2.0%",0.0019745879362491614,1.244458999,36,67.54766599967576
"feedback-residual-medium","2.0%",0.0019745879362491614,1.244458999,37,187.98499116461247
"feedback-residual-medium","2.0%",0.0019745879362491614,1.244458999,38,338.45543801825835
"feedback-residual-medium","2.0%",0.0019745879362491614,1.244458999,39,121.42929639000103
"feedback-residual-medium","2.0%",0.0019745879362491614,1.244458999,40,177.59886354428573
"feedback-residual-medium","2.0%",0.0019745879362491614,1.244458999,41,301.3700811204916
"feedback-residual-medium","2.0%",0.0019745879362491614,1.244458999,42,211.662281614726
"feedback-residual-medium","2.0%",0.0019745879362491614,1.244458999,43,114.54335667229061
"feedback-residual-medium","2.0%",0.0019745879362491614,1.244458999,44,758.3605599426379
"feedback-residual-medium","2.0%",0.0019745879362491614,1.244458999,45,153.93568263146415
"feedback-residual-medium","2.0%",0.0019745879362491614,1.244458999,46,60.696865328054265
"feedback-residual-medium","2.0%",0.0019745879362491614,1.244458999,47,136.13244606193715
"feedback-residual-medium","2.0%",0.0019745879362491614,1.244458999,48,106.05943100146789
"feedback-residual-medium","2.0%",0.0019745879362491614,1.244458999,49,104.74034159064774
"feedback-residual-medium","2.0%",0.0019745879362491614,1.244458999,50,137.48995255721968
"feedback-residual-medium","2.0%",0.0019745879362491614,1.244458999,51,150.13945654900394
"feedback-residual-medium","2.0%",0.0019745879362491614,1.244458999,52,228.33077854871522
"feedback-residual-medium","2.0%",0.0019745879362491614,1.244458999,53,115.91132120516072
"feedback-residual-medium","2.0%",0.0019745879362491614,1.244458999,54,27.97666983695295
"feedback-residual-medium","2.0%",0.0019745879362491614,1.244458999,55,354.97578716903234
"feedback-residual-medium","2.0%",0.0019745879362491614,1.244458999,56,337.35679247887725
"feedback-residual-medium","2.0%",0.0019745879362491614,1.244458999,57,114.7753901781349
"feedback-residual-medium","2.0%",0.0019745879362491614,1.244458999,58,94.57554428455585
"feedback-residual-medium","2.0%",0.0019745879362491614,1.244458999,59,371.59957237483553
"feedback-residual-medium","2.0%",0.0019745879362491614,1.244458999,60,432.4083274735569
"feedback-residual-medium","2.0%",0.0019745879362491614,1.244458999,61,181.3198007487924
"feedback-residual-medium","2.0%",0.0019745879362491614,1.244458999,62,74.49989459819894
"feedback-residual-medium","2.0%",0.0019745879362491614,1.244458999,63,261.0880533858135
"feedback-residual-medium","2.0%",0.0019745879362491614,1.244458999,64,159.14857549270738
"feedback-residual-medium","2.0%",0.0019745879362491614,1.244458999,65,16.91779136122457
"feedback-residual-medium","2.0%",0.0019745879362491614,1.244458999,66,85.28359301555567
"feedback-residual-medium","2.0%",0.0019745879362491614,1.244458999,67,215.55775678417947
"feedback-residual-medium","2.0%",0.0019745879362491614,1.244458999,68,1003.4802567275466
"feedback-residual-medium","2.0%",0.0019745879362491614,1.244458999,69,99.24552557128817
"feedback-residual-medium","2.0%",0.0019745879362491614,1.244458999,70,157.1187000092958
"feedback-residual-medium","2.0%",0.0019745879362491614,1.244458999,71,95.07391096567801
"feedback-residual-medium","2.0%",0.0019745879362491614,1.244458999,72,472.9581848560641
"feedback-residual-medium","2.0%",0.0019745879362491614,1.244458999,73,226.5689797035708
"feedback-residual-medium","2.0%",0.0019745879362491614,1.244458999,74,79.60812890446267
"feedback-residual-medium","2.0%",0.0019745879362491614,1.244458999,75,203.2911271015198
"feedback-residual-medium","2.0%",0.0019745879362491614,1.244458999,76,165.02840328717153
"feedback-residual-medium","2.0%",0.0019745879362491614,1.244458999,77,239.5448616027239
"feedback-residual-medium","2.0%",0.0019745879362491614,1.244458999,78,127.92938479109387
"feedback-residual-medium","2.0%",0.0019745879362491614,1.244458999,79,235.53742006560714
"feedback-residual-medium","2.0%",0.0019745879362491614,1.244458999,80,155.93151783452709
"feedback-residual-medium","2.0%",0.0019745879362491614,1.244458999,81,99.81564847185389
"feedback-residual-medium","2.0%",0.0019745879362491614,1.244458999,82,169.93369996819897
"feedback-residual-medium","2.0%",0.0019745879362491614,1.244458999,83,109.43672878597235
"feedback-residual-medium","2.0%",0.0019745879362491614,1.244458999,84,145.17736767463936
"feedback-residual-medium","2.0%",0.0019745879362491614,1.244458999,85,439.315907161304
"feedback-residual-medium","2.0%",0.0019745879362491614,1.244458999,86,464.8245534677664
"feedback-residual-medium","2.0%",0.0019745879362491614,1.244458999,87,197.69194429839553
"feedback-residual-medium","2.0%",0.0019745879362491614,1.244458999,88,113.11974317599153
"feedback-residual-medium","2.0%",0.0019745879362491614,1.244458999,89,216.59950640691093
"feedback-residual-medium","2.0%",0.0019745879362491614,1.244458999,90,6.506343392463399
"feedback-residual-medium","2.0%",0.0019745879362491614,1.244458999,91,91.90553928274149
"feedback-residual-medium","2.0%",0.0019745879362491614,1.244458999,92,161.81221685348086
"feedback-residual-medium","2.0%",0.0019745879362491614,1.244458999,93,280.1468123902148
"feedback-residual-medium","2.0%",0.0019745879362491614,1.244458999,94,175.32561531871548
"feedback-residual-medium","2.0%",0.0019745879362491614,1.244458999,95,151.5001161282718
"feedback-residual-medium","2.0%",0.0019745879362491614,1.244458999,96,222.6241467486084
"feedback-residual-medium","2.0%",0.0019745879362491614,1.244458999,97,29.41885561869125
"feedback-residual-medium","2.0%",0.0019745879362491614,1.244458999,98,201.9420046932517
"feedback-residual-medium","2.0%",0.0019745879362491614,1.244458999,99,384.6842904616573
"feedback-residual-medium","2.0%",0.0019745879362491614,1.244458999,100,88.04102739021496
"feedback-residual-medium","3.0%",0.007732453194507549,1.567899391,1,110.0322276696757
"feedback-residual-medium","3.0%",0.007732453194507549,1.567899391,2,149.86403871330774
"feedback-residual-medium","3.0%",0.007732453194507549,1.567899391,3,49.63722514628755
"feedback-residual-medium","3.0%",0.007732453194507549,1.567899391,4,62.64133449057527
"feedback-residual-medium","3.0%",0.007732453194507549,1.567899391,5,130.39327970792607
"feedback-residual-medium","3.0%",0.007732453194507549,1.567899391,6,89.70885349813258
"feedback-residual-medium","3.0%",0.007732453194507549,1.567899391,7,30.367199182350063
"feedback-residual-medium","3.0%",0.007732453194507549,1.567899391,8,276.1916832396315
"feedback-residual-medium","3.0%",0.007732453194507549,1.567899391,9,52.62223523666117
"feedback-residual-medium","3.0%",0.007732453194507549,1.567899391,10,16.58741880477425
"feedback-residual-medium","3.0%",0.007732453194507549,1.567899391,11,264.9863836835982
"feedback-residual-medium","3.0%",0.007732453194507549,1.567899391,12,76.907900383933
"feedback-residual-medium","3.0%",0.007732453194507549,1.567899391,13,55.29980419695739
"feedback-residual-medium","3.0%",0.007732453194507549,1.567899391,14,29.951623433674083
"feedback-residual-medium","3.0%",0.007732453194507549,1.567899391,15,4.9935761383507975
"feedback-residual-medium","3.0%",0.007732453194507549,1.567899391,16,49.21289883733157
"feedback-residual-medium","3.0%",0.007732453194507549,1.567899391,17,16.17429272953084
"feedback-residual-medium","3.0%",0.007732453194507549,1.567899391,18,147.68723581793284
"feedback-residual-medium","3.0%",0.007732453194507549,1.567899391,19,56.63266699828071
"feedback-residual-medium","3.0%",0.007732453194507549,1.567899391,20,114.29918652282271
"feedback-residual-medium","3.0%",0.007732453194507549,1.567899391,21,156.24488498277051
"feedback-residual-medium","3.0%",0.007732453194507549,1.567899391,22,18.842694778266043
"feedback-residual-medium","3.0%",0.007732453194507549,1.567899391,23,14.914980491792685
"feedback-residual-medium","3.0%",0.007732453194507549,1.567899391,24,188.72237757214288
"feedback-residual-medium","3.0%",0.007732453194507549,1.567899391,25,64.90546918067561
"feedback-residual-medium","3.0%",0.007732453194507549,1.567899391,26,1.5929697186279435
"feedback-residual-medium","3.0%",0.007732453194507549,1.567899391,27,74.01659721344691
"feedback-residual-medium","3.0%",0.007732453194507549,1.567899391,28,51.29333254157248
"feedback-residual-medium","3.0%",0.007732453194507549,1.567899391,29,98.95847288359118
"feedback-residual-medium","3.0%",0.007732453194507549,1.567899391,30,30.431633367457017
"feedback-residual-medium","3.0%",0.007732453194507549,1.567899391,31,30.177935132087217
"feedback-residual-medium","3.0%",0.007732453194507549,1.567899391,32,87.81140059787897
"feedback-residual-medium","3.0%",0.007732453194507549,1.567899391,33,56.232804357292615
"feedback-residual-medium","3.0%",0.007732453194507549,1.567899391,34,30.5349403026651
"feedback-residual-medium","3.0%",0.007732453194507549,1.567899391,35,92.45158523308734
"feedback-residual-medium","3.0%",0.007732453194507549,1.567899391,36,32.78899768565234
"feedback-residual-medium","3.0%",0.007732453194507549,1.567899391,37,89.75008320639236
"feedback-residual-medium","3.0%",0.007732453194507549,1.567899391,38,182.3423456354359
"feedback-residual-medium","3.0%",0.007732453194507549,1.567899391,39,62.70500779212466
"feedback-residual-medium","3.0%",0.007732453194507549,1.567899391,40,77.95092582473461
"feedback-residual-medium","3.0%",0.007732453194507549,1.567899391,41,91.98865315374474
"feedback-residual-medium","3.0%",0.007732453194507549,1.567899391,42,79.93686754542618
"feedback-residual-medium","3.0%",0.007732453194507549,1.567899391,43,49.850053018233204
"feedback-residual-medium","3.0%",0.007732453194507549,1.567899391,44,350.30970522730496
"feedback-residual-medium","3.0%",0.007732453194507549,1.567899391,45,40.55922475946363
"feedback-residual-medium","3.0%",0.007732453194507549,1.567899391,46,19.640805059430768
"feedback-residual-medium","3.0%",0.007732453194507549,1.567899391,47,58.30988776954672
"feedback-residual-medium","3.0%",0.007732453194507549,1.567899391,48,61.187942815933795
"feedback-residual-medium","3.0%",0.007732453194507549,1.567899391,49,37.10005742912722
"feedback-residual-medium","3.0%",0.007732453194507549,1.567899391,50,66.47539689015012
"feedback-residual-medium","3.0%",0.007732453194507549,1.567899391,51,71.90250901825155
"feedback-residual-medium","3.0%",0.007732453194507549,1.567899391,52,119.72383045018711
"feedback-residual-medium","3.0%",0.007732453194507549,1.567899391,53,44.173073517599
"feedback-residual-medium","3.0%",0.007732453194507549,1.567899391,54,0.2442857408964189
"feedback-residual-medium","3.0%",0.007732453194507549,1.567899391,55,183.17859461756262
"feedback-residual-medium","3.0%",0.007732453194507549,1.567899391,56,166.59223506311542
"feedback-residual-medium","3.0%",0.007732453194507549,1.567899391,57,35.67238566958387
"feedback-residual-medium","3.0%",0.007732453194507549,1.567899391,58,30.863537331444025
"feedback-residual-medium","3.0%",0.007732453194507549,1.567899391,59,164.18312418204277
"feedback-residual-medium","3.0%",0.007732453194507549,1.567899391,60,155.7493820684977
"feedback-residual-medium","3.0%",0.007732453194507549,1.567899391,61,83.10785588464611
"feedback-residual-medium","3.0%",0.007732453194507549,1.567899391,62,26.270904722355024
"feedback-residual-medium","3.0%",0.007732453194507549,1.567899391,63,149.6956470442974
"feedback-residual-medium","3.0%",0.007732453194507549,1.567899391,64,69.86578435247516
"feedback-residual-medium","3.0%",0.007732453194507549,1.567899391,65,0.3554958765326
"feedback-residual-medium","3.0%",0.007732453194507549,1.567899391,66,38.31162564139364
"feedback-residual-medium","3.0%",0.007732453194507549,1.567899391,67,86.73362944586552
"feedback-residual-medium","3.0%",0.007732453194507549,1.567899391,68,742.0938090132496
"feedback-residual-medium","3.0%",0.007732453194507549,1.567899391,69,41.546334190026364
"feedback-residual-medium","3.0%",0.007732453194507549,1.567899391,70,73.45412701543448
"feedback-residual-medium","3.0%",0.007732453194507549,1.567899391,71,41.6268044106707
"feedback-residual-medium","3.0%",0.007732453194507549,1.567899391,72,150.4181183103074
"feedback-residual-medium","3.0%",0.007732453194507549,1.567899391,73,105.33246059148487
"feedback-residual-medium","3.0%",0.007732453194507549,1.567899391,74,27.51994176100636
"feedback-residual-medium","3.0%",0.007732453194507549,1.567899391,75,77.09103199209036
"feedback-residual-medium","3.0%",0.007732453194507549,1.567899391,76,46.100878442993675
"feedback-residual-medium","3.0%",0.007732453194507549,1.567899391,77,77.61314203945483
"feedback-residual-medium","3.0%",0.007732453194507549,1.567899391,78,52.433294296005336
"feedback-residual-medium","3.0%",0.007732453194507549,1.567899391,79,92.45165823429484
"feedback-residual-medium","3.0%",0.007732453194507549,1.567899391,80,61.741008745450785
"feedback-residual-medium","3.0%",0.007732453194507549,1.567899391,81,33.74196835860961
"feedback-residual-medium","3.0%",0.007732453194507549,1.567899391,82,59.17588696684481
"feedback-residual-medium","3.0%",0.007732453194507549,1.567899391,83,37.41819215975909
"feedback-residual-medium","3.0%",0.007732453194507549,1.567899391,84,48.155857798484575
"feedback-residual-medium","3.0%",0.007732453194507549,1.567899391,85,218.98118775313336
"feedback-residual-medium","3.0%",0.007732453194507549,1.567899391,86,206.88702380188596
"feedback-residual-medium","3.0%",0.007732453194507549,1.567899391,87,80.93692473740047
"feedback-residual-medium","3.0%",0.007732453194507549,1.567899391,88,42.24295258374519
"feedback-residual-medium","3.0%",0.007732453194507549,1.567899391,89,76.09177268848374
"feedback-residual-medium","3.0%",0.007732453194507549,1.567899391,90,-2.465177099936687
"feedback-residual-medium","3.0%",0.007732453194507549,1.567899391,91,33.27142268437974
"feedback-residual-medium","3.0%",0.007732453194507549,1.567899391,92,56.254028339921256
"feedback-residual-medium","3.0%",0.007732453194507549,1.567899391,93,150.01961264779442
"feedback-residual-medium","3.0%",0.007732453194507549,1.567899391,94,80.352147755442
"feedback-residual-medium","3.0%",0.007732453194507549,1.567899391,95,73.64921243172451
"feedback-residual-medium","3.0%",0.007732453194507549,1.567899391,96,103.14682183181303
"feedback-residual-medium","3.0%",0.007732453194507549,1.567899391,97,6.412488680950035
"feedback-residual-medium","3.0%",0.007732453194507549,1.567899391,98,75.45918502792273
"feedback-residual-medium","3.0%",0.007732453194507549,1.567899391,99,156.52658152060667
"feedback-residual-medium","3.0%",0.007732453194507549,1.567899391,100,29.872809698428714
"feedback-residual-high","1.5%",9.150024589210659e-5,1.01601,1,356.4831244866414
"feedback-residual-high","1.5%",9.150024589210659e-5,1.01601,2,616.7274766967957
"feedback-residual-high","1.5%",9.150024589210659e-5,1.01601,3,370.5637633476686
"feedback-residual-high","1.5%",9.150024589210659e-5,1.01601,4,282.1352742031166
"feedback-residual-high","1.5%",9.150024589210659e-5,1.01601,5,741.4502762076844
"feedback-residual-high","1.5%",9.150024589210659e-5,1.01601,6,266.05548434110466
"feedback-residual-high","1.5%",9.150024589210659e-5,1.01601,7,230.1809774699796
"feedback-residual-high","1.5%",9.150024589210659e-5,1.01601,8,616.9928751317042
"feedback-residual-high","1.5%",9.150024589210659e-5,1.01601,9,226.96891673418014
"feedback-residual-high","1.5%",9.150024589210659e-5,1.01601,10,137.61469516381237
"feedback-residual-high","1.5%",9.150024589210659e-5,1.01601,11,1173.6603474559424
"feedback-residual-high","1.5%",9.150024589210659e-5,1.01601,12,406.0710593864606
"feedback-residual-high","1.5%",9.150024589210659e-5,1.01601,13,324.99290182219227
"feedback-residual-high","1.5%",9.150024589210659e-5,1.01601,14,229.37899983218094
"feedback-residual-high","1.5%",9.150024589210659e-5,1.01601,15,107.3608304252733
"feedback-residual-high","1.5%",9.150024589210659e-5,1.01601,16,297.55402857212687
"feedback-residual-high","1.5%",9.150024589210659e-5,1.01601,17,133.18957182027523
"feedback-residual-high","1.5%",9.150024589210659e-5,1.01601,18,426.61294891510573
"feedback-residual-high","1.5%",9.150024589210659e-5,1.01601,19,301.17686206115
"feedback-residual-high","1.5%",9.150024589210659e-5,1.01601,20,350.33476147241197
"feedback-residual-high","1.5%",9.150024589210659e-5,1.01601,21,416.7838020453894
"feedback-residual-high","1.5%",9.150024589210659e-5,1.01601,22,89.56187452993079
"feedback-residual-high","1.5%",9.150024589210659e-5,1.01601,23,232.53115642772914
"feedback-residual-high","1.5%",9.150024589210659e-5,1.01601,24,664.5080571681458
"feedback-residual-high","1.5%",9.150024589210659e-5,1.01601,25,371.23893965398594
"feedback-residual-high","1.5%",9.150024589210659e-5,1.01601,26,70.91730968021588
"feedback-residual-high","1.5%",9.150024589210659e-5,1.01601,27,216.83387307659305
"feedback-residual-high","1.5%",9.150024589210659e-5,1.01601,28,265.2628470191071
"feedback-residual-high","1.5%",9.150024589210659e-5,1.01601,29,403.18252694525324
"feedback-residual-high","1.5%",9.150024589210659e-5,1.01601,30,173.9047014498685
"feedback-residual-high","1.5%",9.150024589210659e-5,1.01601,31,198.16891819519054
"feedback-residual-high","1.5%",9.150024589210659e-5,1.01601,32,203.85486469507444
"feedback-residual-high","1.5%",9.150024589210659e-5,1.01601,33,208.16388269293194
"feedback-residual-high","1.5%",9.150024589210659e-5,1.01601,34,296.5786954924377
"feedback-residual-high","1.5%",9.150024589210659e-5,1.01601,35,377.2814825489088
"feedback-residual-high","1.5%",9.150024589210659e-5,1.01601,36,125.36803773655144
"feedback-residual-high","1.5%",9.150024589210659e-5,1.01601,37,300.0978361695047
"feedback-residual-high","1.5%",9.150024589210659e-5,1.01601,38,503.30642807678856
"feedback-residual-high","1.5%",9.150024589210659e-5,1.01601,39,179.77192620224287
"feedback-residual-high","1.5%",9.150024589210659e-5,1.01601,40,323.7481317007821
"feedback-residual-high","1.5%",9.150024589210659e-5,1.01601,41,577.5926859264646
"feedback-residual-high","1.5%",9.150024589210659e-5,1.01601,42,457.9042102306556
"feedback-residual-high","1.5%",9.150024589210659e-5,1.01601,43,241.1323267437335
"feedback-residual-high","1.5%",9.150024589210659e-5,1.01601,44,1071.5760408908493
"feedback-residual-high","1.5%",9.150024589210659e-5,1.01601,45,342.0030382456301
"feedback-residual-high","1.5%",9.150024589210659e-5,1.01601,46,154.72703009900337
"feedback-residual-high","1.5%",9.150024589210659e-5,1.01601,47,248.5084529480109
"feedback-residual-high","1.5%",9.150024589210659e-5,1.01601,48,138.07316373201652
"feedback-residual-high","1.5%",9.150024589210659e-5,1.01601,49,293.1281156811508
"feedback-residual-high","1.5%",9.150024589210659e-5,1.01601,50,221.8831712923959
"feedback-residual-high","1.5%",9.150024589210659e-5,1.01601,51,224.18071663421046
"feedback-residual-high","1.5%",9.150024589210659e-5,1.01601,52,380.6072145356978
"feedback-residual-high","1.5%",9.150024589210659e-5,1.01601,53,232.96881308227285
"feedback-residual-high","1.5%",9.150024589210659e-5,1.01601,54,90.71403314266857
"feedback-residual-high","1.5%",9.150024589210659e-5,1.01601,55,579.357822677052
"feedback-residual-high","1.5%",9.150024589210659e-5,1.01601,56,506.0448868920339
"feedback-residual-high","1.5%",9.150024589210659e-5,1.01601,57,293.21197507615335
"feedback-residual-high","1.5%",9.150024589210659e-5,1.01601,58,176.90521704971104
"feedback-residual-high","1.5%",9.150024589210659e-5,1.01601,59,649.8311465162307
"feedback-residual-high","1.5%",9.150024589210659e-5,1.01601,60,794.172954417915
"feedback-residual-high","1.5%",9.150024589210659e-5,1.01601,61,310.80878920549566
"feedback-residual-high","1.5%",9.150024589210659e-5,1.01601,62,253.82109538346165
"feedback-residual-high","1.5%",9.150024589210659e-5,1.01601,63,329.4928214620425
"feedback-residual-high","1.5%",9.150024589210659e-5,1.01601,64,295.4921103250232
"feedback-residual-high","1.5%",9.150024589210659e-5,1.01601,65,56.86027851543912
"feedback-residual-high","1.5%",9.150024589210659e-5,1.01601,66,152.2419934840602
"feedback-residual-high","1.5%",9.150024589210659e-5,1.01601,67,409.0703229857779
"feedback-residual-high","1.5%",9.150024589210659e-5,1.01601,68,1003.8488144733092
"feedback-residual-high","1.5%",9.150024589210659e-5,1.01601,69,199.83765090342396
"feedback-residual-high","1.5%",9.150024589210659e-5,1.01601,70,271.7455267268319
"feedback-residual-high","1.5%",9.150024589210659e-5,1.01601,71,203.53134833721788
"feedback-residual-high","1.5%",9.150024589210659e-5,1.01601,72,985.6859761221814
"feedback-residual-high","1.5%",9.150024589210659e-5,1.01601,73,383.12314493548604
"feedback-residual-high","1.5%",9.150024589210659e-5,1.01601,74,219.733099115176
"feedback-residual-high","1.5%",9.150024589210659e-5,1.01601,75,366.0755273377258
"feedback-residual-high","1.5%",9.150024589210659e-5,1.01601,76,315.5099426370579
"feedback-residual-high","1.5%",9.150024589210659e-5,1.01601,77,467.62907792222256
"feedback-residual-high","1.5%",9.150024589210659e-5,1.01601,78,196.628603216842
"feedback-residual-high","1.5%",9.150024589210659e-5,1.01601,79,493.5853657630965
"feedback-residual-high","1.5%",9.150024589210659e-5,1.01601,80,265.377171314171
"feedback-residual-high","1.5%",9.150024589210659e-5,1.01601,81,182.42893440859135
"feedback-residual-high","1.5%",9.150024589210659e-5,1.01601,82,318.1046735714209
"feedback-residual-high","1.5%",9.150024589210659e-5,1.01601,83,209.9293688063844
"feedback-residual-high","1.5%",9.150024589210659e-5,1.01601,84,231.79218400870437
"feedback-residual-high","1.5%",9.150024589210659e-5,1.01601,85,693.4757856454677
"feedback-residual-high","1.5%",9.150024589210659e-5,1.01601,86,756.8754169383482
"feedback-residual-high","1.5%",9.150024589210659e-5,1.01601,87,350.8740953812545
"feedback-residual-high","1.5%",9.150024589210659e-5,1.01601,88,198.5082133118656
"feedback-residual-high","1.5%",9.150024589210659e-5,1.01601,89,411.55865353293495
"feedback-residual-high","1.5%",9.150024589210659e-5,1.01601,90,19.26214978417173
"feedback-residual-high","1.5%",9.150024589210659e-5,1.01601,91,187.50259194913585
"feedback-residual-high","1.5%",9.150024589210659e-5,1.01601,92,297.3768821402403
"feedback-residual-high","1.5%",9.150024589210659e-5,1.01601,93,436.5492125229259
"feedback-residual-high","1.5%",9.150024589210659e-5,1.01601,94,262.9973344546127
"feedback-residual-high","1.5%",9.150024589210659e-5,1.01601,95,263.5546157659835
"feedback-residual-high","1.5%",9.150024589210659e-5,1.01601,96,343.9956822633703
"feedback-residual-high","1.5%",9.150024589210659e-5,1.01601,97,111.93255831215316
"feedback-residual-high","1.5%",9.150024589210659e-5,1.01601,98,450.32844304860663
"feedback-residual-high","1.5%",9.150024589210659e-5,1.01601,99,647.594318822532
"feedback-residual-high","1.5%",9.150024589210659e-5,1.01601,100,175.79503331945446
"feedback-residual-high","2.5%",0.004629467024013456,1.421158088,1,152.76704350544665
"feedback-residual-high","2.5%",0.004629467024013456,1.421158088,2,240.93370812597564
"feedback-residual-high","2.5%",0.004629467024013456,1.421158088,3,79.68687057239423
"feedback-residual-high","2.5%",0.004629467024013456,1.421158088,4,96.46157628817674
"feedback-residual-high","2.5%",0.004629467024013456,1.421158088,5,265.22091678231527
"feedback-residual-high","2.5%",0.004629467024013456,1.421158088,6,132.96168057139022
"feedback-residual-high","2.5%",0.004629467024013456,1.421158088,7,50.21392348045695
"feedback-residual-high","2.5%",0.004629467024013456,1.421158088,8,403.5359984783448
"feedback-residual-high","2.5%",0.004629467024013456,1.421158088,9,81.70920310382378
"feedback-residual-high","2.5%",0.004629467024013456,1.421158088,10,28.68251778847459
"feedback-residual-high","2.5%",0.004629467024013456,1.421158088,11,436.4297794007277
"feedback-residual-high","2.5%",0.004629467024013456,1.421158088,12,134.14560207150888
"feedback-residual-high","2.5%",0.004629467024013456,1.421158088,13,95.18718970180718
"feedback-residual-high","2.5%",0.004629467024013456,1.421158088,14,54.2399969460489
"feedback-residual-high","2.5%",0.004629467024013456,1.421158088,15,13.605507336457238
"feedback-residual-high","2.5%",0.004629467024013456,1.421158088,16,82.41172765503934
"feedback-residual-high","2.5%",0.004629467024013456,1.421158088,17,35.775106522507286
"feedback-residual-high","2.5%",0.004629467024013456,1.421158088,18,222.78439274313612
"feedback-residual-high","2.5%",0.004629467024013456,1.421158088,19,83.02097144766427
"feedback-residual-high","2.5%",0.004629467024013456,1.421158088,20,160.89451710265956
"feedback-residual-high","2.5%",0.004629467024013456,1.421158088,21,232.30465506178547
"feedback-residual-high","2.5%",0.004629467024013456,1.421158088,22,31.91182468723106
"feedback-residual-high","2.5%",0.004629467024013456,1.421158088,23,35.1671513789854
"feedback-residual-high","2.5%",0.004629467024013456,1.421158088,24,272.5690803632447
"feedback-residual-high","2.5%",0.004629467024013456,1.421158088,25,117.8053565785762
"feedback-residual-high","2.5%",0.004629467024013456,1.421158088,26,8.223930309652713
"feedback-residual-high","2.5%",0.004629467024013456,1.421158088,27,104.91893275780217
"feedback-residual-high","2.5%",0.004629467024013456,1.421158088,28,80.8262004700374
"feedback-residual-high","2.5%",0.004629467024013456,1.421158088,29,152.71359924962843
"feedback-residual-high","2.5%",0.004629467024013456,1.421158088,30,52.12667221689131
"feedback-residual-high","2.5%",0.004629467024013456,1.421158088,31,52.15958137879516
"feedback-residual-high","2.5%",0.004629467024013456,1.421158088,32,114.75986771854096
"feedback-residual-high","2.5%",0.004629467024013456,1.421158088,33,83.14868585175722
"feedback-residual-high","2.5%",0.004629467024013456,1.421158088,34,53.79578353069735
"feedback-residual-high","2.5%",0.004629467024013456,1.421158088,35,150.8449441201778
"feedback-residual-high","2.5%",0.004629467024013456,1.421158088,36,45.74071614938667
"feedback-residual-high","2.5%",0.004629467024013456,1.421158088,37,127.40694702256084
"feedback-residual-high","2.5%",0.004629467024013456,1.421158088,38,248.791304319565
"feedback-residual-high","2.5%",0.004629467024013456,1.421158088,39,88.28249346585325
"feedback-residual-high","2.5%",0.004629467024013456,1.421158088,40,137.00538594041467
"feedback-residual-high","2.5%",0.004629467024013456,1.421158088,41,178.6403453439765
"feedback-residual-high","2.5%",0.004629467024013456,1.421158088,42,127.07562984655219
"feedback-residual-high","2.5%",0.004629467024013456,1.421158088,43,71.38315110225031
"feedback-residual-high","2.5%",0.004629467024013456,1.421158088,44,524.7123112910272
"feedback-residual-high","2.5%",0.004629467024013456,1.421158088,45,81.98810250845732
"feedback-residual-high","2.5%",0.004629467024013456,1.421158088,46,33.28547315926986
"feedback-residual-high","2.5%",0.004629467024013456,1.421158088,47,88.13277196533812
"feedback-residual-high","2.5%",0.004629467024013456,1.421158088,48,84.86319365975544
"feedback-residual-high","2.5%",0.004629467024013456,1.421158088,49,58.112078633645666
"feedback-residual-high","2.5%",0.004629467024013456,1.421158088,50,96.92101344400551
"feedback-residual-high","2.5%",0.004629467024013456,1.421158088,51,105.70917343720072
"feedback-residual-high","2.5%",0.004629467024013456,1.421158088,52,168.1641714959495
"feedback-residual-high","2.5%",0.004629467024013456,1.421158088,53,70.417127008565
"feedback-residual-high","2.5%",0.004629467024013456,1.421158088,54,8.733947650116464
"feedback-residual-high","2.5%",0.004629467024013456,1.421158088,55,283.93830983345566
"feedback-residual-high","2.5%",0.004629467024013456,1.421158088,56,250.679106173462
"feedback-residual-high","2.5%",0.004629467024013456,1.421158088,57,60.21565708694997
"feedback-residual-high","2.5%",0.004629467024013456,1.421158088,58,55.804723854057094
"feedback-residual-high","2.5%",0.004629467024013456,1.421158088,59,245.5800336666777
"feedback-residual-high","2.5%",0.004629467024013456,1.421158088,60,274.3392699401641
"feedback-residual-high","2.5%",0.004629467024013456,1.421158088,61,124.03796639892235
"feedback-residual-high","2.5%",0.004629467024013456,1.421158088,62,39.50538613321131
"feedback-residual-high","2.5%",0.004629467024013456,1.421158088,63,209.25573205119858
"feedback-residual-high","2.5%",0.004629467024013456,1.421158088,64,105.0261958199727
"feedback-residual-high","2.5%",0.004629467024013456,1.421158088,65,5.435142280511424
"feedback-residual-high","2.5%",0.004629467024013456,1.421158088,66,55.721087007026
"feedback-residual-high","2.5%",0.004629467024013456,1.421158088,67,137.74196448107892
"feedback-residual-high","2.5%",0.004629467024013456,1.421158088,68,985.9708526449327
"feedback-residual-high","2.5%",0.004629467024013456,1.421158088,69,61.22586692729408
"feedback-residual-high","2.5%",0.004629467024013456,1.421158088,70,104.67049620737245
"feedback-residual-high","2.5%",0.004629467024013456,1.421158088,71,59.63445487274748
"feedback-residual-high","2.5%",0.004629467024013456,1.421158088,72,288.8954231477293
"feedback-residual-high","2.5%",0.004629467024013456,1.421158088,73,159.1654999951635
"feedback-residual-high","2.5%",0.004629467024013456,1.421158088,74,43.94521135308625
"feedback-residual-high","2.5%",0.004629467024013456,1.421158088,75,126.47073353351048
"feedback-residual-high","2.5%",0.004629467024013456,1.421158088,76,90.33752497992641
"feedback-residual-high","2.5%",0.004629467024013456,1.421158088,77,142.98665097141003
"feedback-residual-high","2.5%",0.004629467024013456,1.421158088,78,85.20289365075207
"feedback-residual-high","2.5%",0.004629467024013456,1.421158088,79,142.4390963613481
"feedback-residual-high","2.5%",0.004629467024013456,1.421158088,80,99.77679938276023
"feedback-residual-high","2.5%",0.004629467024013456,1.421158088,81,59.46677151187773
"feedback-residual-high","2.5%",0.004629467024013456,1.421158088,82,102.35551257877977
"feedback-residual-high","2.5%",0.004629467024013456,1.421158088,83,64.00721746786732
"feedback-residual-high","2.5%",0.004629467024013456,1.421158088,84,88.78473695231547
"feedback-residual-high","2.5%",0.004629467024013456,1.421158088,85,306.1403930116439
"feedback-residual-high","2.5%",0.004629467024013456,1.421158088,86,314.70353367848367
"feedback-residual-high","2.5%",0.004629467024013456,1.421158088,87,129.7436250927704
"feedback-residual-high","2.5%",0.004629467024013456,1.421158088,88,68.44800653066409
"feedback-residual-high","2.5%",0.004629467024013456,1.421158088,89,126.63056831799811
"feedback-residual-high","2.5%",0.004629467024013456,1.421158088,90,0.7370764435473891
"feedback-residual-high","2.5%",0.004629467024013456,1.421158088,91,55.50662395169828
"feedback-residual-high","2.5%",0.004629467024013456,1.421158088,92,96.73086309729702
"feedback-residual-high","2.5%",0.004629467024013456,1.421158088,93,205.66529100731378
"feedback-residual-high","2.5%",0.004629467024013456,1.421158088,94,125.9915402755284
"feedback-residual-high","2.5%",0.004629467024013456,1.421158088,95,102.05471106568038
"feedback-residual-high","2.5%",0.004629467024013456,1.421158088,96,152.02701004300226
"feedback-residual-high","2.5%",0.004629467024013456,1.421158088,97,13.327238317446197
"feedback-residual-high","2.5%",0.004629467024013456,1.421158088,98,127.26296282480394
"feedback-residual-high","2.5%",0.004629467024013456,1.421158088,99,244.5331848769904
"feedback-residual-high","2.5%",0.004629467024013456,1.421158088,100,50.10810624031556
"feedback-residual-high","2.0%",0.0019745879362491614,1.244458999,1,224.72124467278843
"feedback-residual-high","2.0%",0.0019745879362491614,1.244458999,2,387.26643976362453
"feedback-residual-high","2.0%",0.0019745879362491614,1.244458999,3,151.17991941260942
"feedback-residual-high","2.0%",0.0019745879362491614,1.244458999,4,158.98162314970324
"feedback-residual-high","2.0%",0.0019745879362491614,1.244458999,5,458.251187585764
"feedback-residual-high","2.0%",0.0019745879362491614,1.244458999,6,190.4724141607792
"feedback-residual-high","2.0%",0.0019745879362491614,1.244458999,7,96.45507236529664
"feedback-residual-high","2.0%",0.0019745879362491614,1.244458999,8,532.7370827238224
"feedback-residual-high","2.0%",0.0019745879362491614,1.244458999,9,132.36744282820644
"feedback-residual-high","2.0%",0.0019745879362491614,1.244458999,10,56.62469440052814
"feedback-residual-high","2.0%",0.0019745879362491614,1.244458999,11,723.5600892891937
"feedback-residual-high","2.0%",0.0019745879362491614,1.244458999,12,233.97974286528034
"feedback-residual-high","2.0%",0.0019745879362491614,1.244458999,13,170.15406099976997
"feedback-residual-high","2.0%",0.0019745879362491614,1.244458999,14,103.98336480895202
"feedback-residual-high","2.0%",0.0019745879362491614,1.244458999,15,36.07274155314663
"feedback-residual-high","2.0%",0.0019745879362491614,1.244458999,16,149.21257586434012
"feedback-residual-high","2.0%",0.0019745879362491614,1.244458999,17,70.74313336900829
"feedback-residual-high","2.0%",0.0019745879362491614,1.244458999,18,319.7435732079217
"feedback-residual-high","2.0%",0.0019745879362491614,1.244458999,19,137.32863573010505
"feedback-residual-high","2.0%",0.0019745879362491614,1.244458999,20,232.8708473036148
"feedback-residual-high","2.0%",0.0019745879362491614,1.244458999,21,319.95313803410073
"feedback-residual-high","2.0%",0.0019745879362491614,1.244458999,22,53.50832904786088
"feedback-residual-high","2.0%",0.0019745879362491614,1.244458999,23,84.79969296844075
"feedback-residual-high","2.0%",0.0019745879362491614,1.244458999,24,412.40242735642903
"feedback-residual-high","2.0%",0.0019745879362491614,1.244458999,25,210.57700621101947
"feedback-residual-high","2.0%",0.0019745879362491614,1.244458999,26,24.794792263536255
"feedback-residual-high","2.0%",0.0019745879362491614,1.244458999,27,146.83881074455658
"feedback-residual-high","2.0%",0.0019745879362491614,1.244458999,28,137.5531299933453
"feedback-residual-high","2.0%",0.0019745879362491614,1.244458999,29,244.04776327016248
"feedback-residual-high","2.0%",0.0019745879362491614,1.244458999,30,93.39841972220624
"feedback-residual-high","2.0%",0.0019745879362491614,1.244458999,31,97.51979000469484
"feedback-residual-high","2.0%",0.0019745879362491614,1.244458999,32,151.73098116929572
"feedback-residual-high","2.0%",0.0019745879362491614,1.244458999,33,128.00806741584927
"feedback-residual-high","2.0%",0.0019745879362491614,1.244458999,34,111.34106549870911
"feedback-residual-high","2.0%",0.0019745879362491614,1.244458999,35,241.45427557141235
"feedback-residual-high","2.0%",0.0019745879362491614,1.244458999,36,69.71316369458663
"feedback-residual-high","2.0%",0.0019745879362491614,1.244458999,37,190.6442911457555
"feedback-residual-high","2.0%",0.0019745879362491614,1.244458999,38,347.7583335521375
"feedback-residual-high","2.0%",0.0019745879362491614,1.244458999,39,124.95327753649151
"feedback-residual-high","2.0%",0.0019745879362491614,1.244458999,40,214.54140455013174
"feedback-residual-high","2.0%",0.0019745879362491614,1.244458999,41,326.4916719631991
"feedback-residual-high","2.0%",0.0019745879362491614,1.244458999,42,221.4907578136116
"feedback-residual-high","2.0%",0.0019745879362491614,1.244458999,43,116.6984742201744
"feedback-residual-high","2.0%",0.0019745879362491614,1.244458999,44,770.5168047239134
"feedback-residual-high","2.0%",0.0019745879362491614,1.244458999,45,164.70996087777382
"feedback-residual-high","2.0%",0.0019745879362491614,1.244458999,46,63.858821884594995
"feedback-residual-high","2.0%",0.0019745879362491614,1.244458999,47,141.64518690780574
"feedback-residual-high","2.0%",0.0019745879362491614,1.244458999,48,111.13635065136401
"feedback-residual-high","2.0%",0.0019745879362491614,1.244458999,49,108.5551159005829
"feedback-residual-high","2.0%",0.0019745879362491614,1.244458999,50,144.0352846311617
"feedback-residual-high","2.0%",0.0019745879362491614,1.244458999,51,154.3889504808071
"feedback-residual-high","2.0%",0.0019745879362491614,1.244458999,52,241.43310491425223
"feedback-residual-high","2.0%",0.0019745879362491614,1.244458999,53,120.18771405685035
"feedback-residual-high","2.0%",0.0019745879362491614,1.244458999,54,29.39182486036097
"feedback-residual-high","2.0%",0.0019745879362491614,1.244458999,55,407.9108046250401
"feedback-residual-high","2.0%",0.0019745879362491614,1.244458999,56,361.69986971362226
"feedback-residual-high","2.0%",0.0019745879362491614,1.244458999,57,118.30186774299109
"feedback-residual-high","2.0%",0.0019745879362491614,1.244458999,58,98.89469244799376
"feedback-residual-high","2.0%",0.0019745879362491614,1.244458999,59,383.6575893427973
"feedback-residual-high","2.0%",0.0019745879362491614,1.244458999,60,468.5364955486121
"feedback-residual-high","2.0%",0.0019745879362491614,1.244458999,61,189.2537729955654
"feedback-residual-high","2.0%",0.0019745879362491614,1.244458999,62,75.32285346768877
"feedback-residual-high","2.0%",0.0019745879362491614,1.244458999,63,273.36168157447514
"feedback-residual-high","2.0%",0.0019745879362491614,1.244458999,64,167.3318576094566
"feedback-residual-high","2.0%",0.0019745879362491614,1.244458999,65,18.127072601309195
"feedback-residual-high","2.0%",0.0019745879362491614,1.244458999,66,87.06220342430494
"feedback-residual-high","2.0%",0.0019745879362491614,1.244458999,67,228.548951424576
"feedback-residual-high","2.0%",0.0019745879362491614,1.244458999,68,1096.5522966367055
"feedback-residual-high","2.0%",0.0019745879362491614,1.244458999,69,100.61429214601144
"feedback-residual-high","2.0%",0.0019745879362491614,1.244458999,70,160.11378536036148
"feedback-residual-high","2.0%",0.0019745879362491614,1.244458999,71,97.4310965641438
"feedback-residual-high","2.0%",0.0019745879362491614,1.244458999,72,534.4008951224542
"feedback-residual-high","2.0%",0.0019745879362491614,1.244458999,73,241.10599946283193
"feedback-residual-high","2.0%",0.0019745879362491614,1.244458999,74,83.52645867585251
"feedback-residual-high","2.0%",0.0019745879362491614,1.244458999,75,212.27608951139703
"feedback-residual-high","2.0%",0.0019745879362491614,1.244458999,76,171.3691694787884
"feedback-residual-high","2.0%",0.0019745879362491614,1.244458999,77,259.23061777875773
"feedback-residual-high","2.0%",0.0019745879362491614,1.244458999,78,133.08139395596896
"feedback-residual-high","2.0%",0.0019745879362491614,1.244458999,79,243.04912868673472
"feedback-residual-high","2.0%",0.0019745879362491614,1.244458999,80,163.23547874403678
"feedback-residual-high","2.0%",0.0019745879362491614,1.244458999,81,103.95749112455621
"feedback-residual-high","2.0%",0.0019745879362491614,1.244458999,82,178.44988634392828
"feedback-residual-high","2.0%",0.0019745879362491614,1.244458999,83,113.61278183767072
"feedback-residual-high","2.0%",0.0019745879362491614,1.244458999,84,151.2041159017255
"feedback-residual-high","2.0%",0.0019745879362491614,1.244458999,85,447.4067429700336
"feedback-residual-high","2.0%",0.0019745879362491614,1.244458999,86,482.7606144956444
"feedback-residual-high","2.0%",0.0019745879362491614,1.244458999,87,209.08061652863552
"feedback-residual-high","2.0%",0.0019745879362491614,1.244458999,88,115.31618520335357
"feedback-residual-high","2.0%",0.0019745879362491614,1.244458999,89,223.22135245812783
"feedback-residual-high","2.0%",0.0019745879362491614,1.244458999,90,7.174560018079359
"feedback-residual-high","2.0%",0.0019745879362491614,1.244458999,91,97.11129893005626
"feedback-residual-high","2.0%",0.0019745879362491614,1.244458999,92,168.35713465320285
"feedback-residual-high","2.0%",0.0019745879362491614,1.244458999,93,289.7717826959289
"feedback-residual-high","2.0%",0.0019745879362491614,1.244458999,94,186.20229239702402
"feedback-residual-high","2.0%",0.0019745879362491614,1.244458999,95,154.0523984695532
"feedback-residual-high","2.0%",0.0019745879362491614,1.244458999,96,227.3179339674718
"feedback-residual-high","2.0%",0.0019745879362491614,1.244458999,97,30.541933140987982
"feedback-residual-high","2.0%",0.0019745879362491614,1.244458999,98,224.72328096906284
"feedback-residual-high","2.0%",0.0019745879362491614,1.244458999,99,396.2592847706896
"feedback-residual-high","2.0%",0.0019745879362491614,1.244458999,100,89.4268038900734
"feedback-residual-high","3.0%",0.007732453194507549,1.567899391,1,111.6297067598524
"feedback-residual-high","3.0%",0.007732453194507549,1.567899391,2,156.4604755023235
"feedback-residual-high","3.0%",0.007732453194507549,1.567899391,3,50.61675040947925
"feedback-residual-high","3.0%",0.007732453194507549,1.567899391,4,63.60653618480835
"feedback-residual-high","3.0%",0.007732453194507549,1.567899391,5,153.3964418621863
"feedback-residual-high","3.0%",0.007732453194507549,1.567899391,6,94.08463710125345
"feedback-residual-high","3.0%",0.007732453194507549,1.567899391,7,30.994008334605837
"feedback-residual-high","3.0%",0.007732453194507549,1.567899391,8,285.57308303250886
"feedback-residual-high","3.0%",0.007732453194507549,1.567899391,9,53.435819011527
"feedback-residual-high","3.0%",0.007732453194507549,1.567899391,10,17.057239797589418
"feedback-residual-high","3.0%",0.007732453194507549,1.567899391,11,272.49251778709447
"feedback-residual-high","3.0%",0.007732453194507549,1.567899391,12,80.09571860661895
"feedback-residual-high","3.0%",0.007732453194507549,1.567899391,13,57.5580124510079
"feedback-residual-high","3.0%",0.007732453194507549,1.567899391,14,31.15403300445938
"feedback-residual-high","3.0%",0.007732453194507549,1.567899391,15,5.353420463961825
"feedback-residual-high","3.0%",0.007732453194507549,1.567899391,16,50.480937945671094
"feedback-residual-high","3.0%",0.007732453194507549,1.567899391,17,17.181048700297563
"feedback-residual-high","3.0%",0.007732453194507549,1.567899391,18,152.76173233882827
"feedback-residual-high","3.0%",0.007732453194507549,1.567899391,19,58.02368872929246
"feedback-residual-high","3.0%",0.007732453194507549,1.567899391,20,116.3330361085477
"feedback-residual-high","3.0%",0.007732453194507549,1.567899391,21,166.64164961762222
"feedback-residual-high","3.0%",0.007732453194507549,1.567899391,22,19.132753119710813
"feedback-residual-high","3.0%",0.007732453194507549,1.567899391,23,16.096467566992402
"feedback-residual-high","3.0%",0.007732453194507549,1.567899391,24,194.51978003050738
"feedback-residual-high","3.0%",0.007732453194507549,1.567899391,25,67.75434499843114
"feedback-residual-high","3.0%",0.007732453194507549,1.567899391,26,1.6964552508538329
"feedback-residual-high","3.0%",0.007732453194507549,1.567899391,27,77.41864370034413
"feedback-residual-high","3.0%",0.007732453194507549,1.567899391,28,52.31190178042759
"feedback-residual-high","3.0%",0.007732453194507549,1.567899391,29,101.89590772999163
"feedback-residual-high","3.0%",0.007732453194507549,1.567899391,30,30.952512013312557
"feedback-residual-high","3.0%",0.007732453194507549,1.567899391,31,30.972658240508768
"feedback-residual-high","3.0%",0.007732453194507549,1.567899391,32,89.1497997099407
"feedback-residual-high","3.0%",0.007732453194507549,1.567899391,33,57.53953334105547
"feedback-residual-high","3.0%",0.007732453194507549,1.567899391,34,31.023995739270052
"feedback-residual-high","3.0%",0.007732453194507549,1.567899391,35,95.4559947981315
"feedback-residual-high","3.0%",0.007732453194507549,1.567899391,36,33.47626200122674
"feedback-residual-high","3.0%",0.007732453194507549,1.567899391,37,90.78650330948486
"feedback-residual-high","3.0%",0.007732453194507549,1.567899391,38,185.60010833072803
"feedback-residual-high","3.0%",0.007732453194507549,1.567899391,39,64.25992790626853
"feedback-residual-high","3.0%",0.007732453194507549,1.567899391,40,88.55302910569725
"feedback-residual-high","3.0%",0.007732453194507549,1.567899391,41,98.4820157577985
"feedback-residual-high","3.0%",0.007732453194507549,1.567899391,42,82.51074053691778
"feedback-residual-high","3.0%",0.007732453194507549,1.567899391,43,50.37882179158177
"feedback-residual-high","3.0%",0.007732453194507549,1.567899391,44,356.02939653624327
"feedback-residual-high","3.0%",0.007732453194507549,1.567899391,45,42.9815719669614
"feedback-residual-high","3.0%",0.007732453194507549,1.567899391,46,20.262049696745553
"feedback-residual-high","3.0%",0.007732453194507549,1.567899391,47,59.648157331956845
"feedback-residual-high","3.0%",0.007732453194507549,1.567899391,48,63.815377136999636
"feedback-residual-high","3.0%",0.007732453194507549,1.567899391,49,37.92309782541921
"feedback-residual-high","3.0%",0.007732453194507549,1.567899391,50,68.63150825931528
"feedback-residual-high","3.0%",0.007732453194507549,1.567899391,51,73.60862426022193
"feedback-residual-high","3.0%",0.007732453194507549,1.567899391,52,124.40143211354886
"feedback-residual-high","3.0%",0.007732453194507549,1.567899391,53,45.262527165819904
"feedback-residual-high","3.0%",0.007732453194507549,1.567899391,54,0.7336571186500015
"feedback-residual-high","3.0%",0.007732453194507549,1.567899391,55,203.07645292308513
"feedback-residual-high","3.0%",0.007732453194507549,1.567899391,56,176.0829912473463
"feedback-residual-high","3.0%",0.007732453194507549,1.567899391,57,36.338787033114336
"feedback-residual-high","3.0%",0.007732453194507549,1.567899391,58,32.16104822053057
"feedback-residual-high","3.0%",0.007732453194507549,1.567899391,59,168.45332114350128
"feedback-residual-high","3.0%",0.007732453194507549,1.567899391,60,166.3714025906964
"feedback-residual-high","3.0%",0.007732453194507549,1.567899391,61,85.9103751546328
"feedback-residual-high","3.0%",0.007732453194507549,1.567899391,62,26.384375439651485
"feedback-residual-high","3.0%",0.007732453194507549,1.567899391,63,156.14998614993218
"feedback-residual-high","3.0%",0.007732453194507549,1.567899391,64,72.02726035338276
"feedback-residual-high","3.0%",0.007732453194507549,1.567899391,65,0.6984312005300415
"feedback-residual-high","3.0%",0.007732453194507549,1.567899391,66,38.86269902197553
"feedback-residual-high","3.0%",0.007732453194507549,1.567899391,67,90.08908020368581
"feedback-residual-high","3.0%",0.007732453194507549,1.567899391,68,803.6421544467939
"feedback-residual-high","3.0%",0.007732453194507549,1.567899391,69,41.95864032878302
"feedback-residual-high","3.0%",0.007732453194507549,1.567899391,70,74.62671668441337
"feedback-residual-high","3.0%",0.007732453194507549,1.567899391,71,42.21109649902693
"feedback-residual-high","3.0%",0.007732453194507549,1.567899391,72,164.83477870985294
"feedback-residual-high","3.0%",0.007732453194507549,1.567899391,73,110.76147125107107
"feedback-residual-high","3.0%",0.007732453194507549,1.567899391,74,28.243544261014755
"feedback-residual-high","3.0%",0.007732453194507549,1.567899391,75,79.62116348671437
"feedback-residual-high","3.0%",0.007732453194507549,1.567899391,76,47.73237390912112
"feedback-residual-high","3.0%",0.007732453194507549,1.567899391,77,82.3979989281158
"feedback-residual-high","3.0%",0.007732453194507549,1.567899391,78,54.3219627472113
"feedback-residual-high","3.0%",0.007732453194507549,1.567899391,79,94.61546991198853
"feedback-residual-high","3.0%",0.007732453194507549,1.567899391,80,63.70070798674172
"feedback-residual-high","3.0%",0.007732453194507549,1.567899391,81,34.99417405879957
"feedback-residual-high","3.0%",0.007732453194507549,1.567899391,82,61.564278996029685
"feedback-residual-high","3.0%",0.007732453194507549,1.567899391,83,38.45245041925758
"feedback-residual-high","3.0%",0.007732453194507549,1.567899391,84,49.978822210922516
"feedback-residual-high","3.0%",0.007732453194507549,1.567899391,85,221.38752683746824
"feedback-residual-high","3.0%",0.007732453194507549,1.567899391,86,213.92893735177452
"feedback-residual-high","3.0%",0.007732453194507549,1.567899391,87,84.65133972367033
"feedback-residual-high","3.0%",0.007732453194507549,1.567899391,88,42.82055437887557
"feedback-residual-high","3.0%",0.007732453194507549,1.567899391,89,77.6973132034056
"feedback-residual-high","3.0%",0.007732453194507549,1.567899391,90,-2.3194789482969838
"feedback-residual-high","3.0%",0.007732453194507549,1.567899391,91,34.9107242598586
"feedback-residual-high","3.0%",0.007732453194507549,1.567899391,92,58.140417537466995
"feedback-residual-high","3.0%",0.007732453194507549,1.567899391,93,153.61372129358153
"feedback-residual-high","3.0%",0.007732453194507549,1.567899391,94,84.8497355270613
"feedback-residual-high","3.0%",0.007732453194507549,1.567899391,95,74.41548624536918
"feedback-residual-high","3.0%",0.007732453194507549,1.567899391,96,105.34508738612274
"feedback-residual-high","3.0%",0.007732453194507549,1.567899391,97,6.659056182218608
"feedback-residual-high","3.0%",0.007732453194507549,1.567899391,98,80.85870370594898
"feedback-residual-high","3.0%",0.007732453194507549,1.567899391,99,159.69199249538858
"feedback-residual-high","3.0%",0.007732453194507549,1.567899391,100,30.264124909010125
"feedback-resfire-half-gross","1.5%",9.150024589210659e-5,1.01601,1,389.0239384082465
"feedback-resfire-half-gross","1.5%",9.150024589210659e-5,1.01601,2,895.4098637908935
"feedback-resfire-half-gross","1.5%",9.150024589210659e-5,1.01601,3,483.8364448370509
"feedback-resfire-half-gross","1.5%",9.150024589210659e-5,1.01601,4,308.16212763316776
"feedback-resfire-half-gross","1.5%",9.150024589210659e-5,1.01601,5,1137.3209960518927
"feedback-resfire-half-gross","1.5%",9.150024589210659e-5,1.01601,6,306.4402199564434
"feedback-resfire-half-gross","1.5%",9.150024589210659e-5,1.01601,7,258.73982656941143
"feedback-resfire-half-gross","1.5%",9.150024589210659e-5,1.01601,8,626.1146858923247
"feedback-resfire-half-gross","1.5%",9.150024589210659e-5,1.01601,9,278.5974547310303
"feedback-resfire-half-gross","1.5%",9.150024589210659e-5,1.01601,10,182.26233570538588
"feedback-resfire-half-gross","1.5%",9.150024589210659e-5,1.01601,11,1673.0371107516762
"feedback-resfire-half-gross","1.5%",9.150024589210659e-5,1.01601,12,514.2586658156782
"feedback-resfire-half-gross","1.5%",9.150024589210659e-5,1.01601,13,376.15980853815097
"feedback-resfire-half-gross","1.5%",9.150024589210659e-5,1.01601,14,318.35383554503966
"feedback-resfire-half-gross","1.5%",9.150024589210659e-5,1.01601,15,139.34407893561342
"feedback-resfire-half-gross","1.5%",9.150024589210659e-5,1.01601,16,320.3579554180516
"feedback-resfire-half-gross","1.5%",9.150024589210659e-5,1.01601,17,162.33209930005566
"feedback-resfire-half-gross","1.5%",9.150024589210659e-5,1.01601,18,516.5626957143335
"feedback-resfire-half-gross","1.5%",9.150024589210659e-5,1.01601,19,401.88214008754085
"feedback-resfire-half-gross","1.5%",9.150024589210659e-5,1.01601,20,410.0346781515064
"feedback-resfire-half-gross","1.5%",9.150024589210659e-5,1.01601,21,549.6646662459134
"feedback-resfire-half-gross","1.5%",9.150024589210659e-5,1.01601,22,139.65460262563647
"feedback-resfire-half-gross","1.5%",9.150024589210659e-5,1.01601,23,360.9416990419345
"feedback-resfire-half-gross","1.5%",9.150024589210659e-5,1.01601,24,981.3681629829161
"feedback-resfire-half-gross","1.5%",9.150024589210659e-5,1.01601,25,488.7238787403503
"feedback-resfire-half-gross","1.5%",9.150024589210659e-5,1.01601,26,84.16253499580972
"feedback-resfire-half-gross","1.5%",9.150024589210659e-5,1.01601,27,283.32381263360946
"feedback-resfire-half-gross","1.5%",9.150024589210659e-5,1.01601,28,404.87484174020227
"feedback-resfire-half-gross","1.5%",9.150024589210659e-5,1.01601,29,482.33337801671235
"feedback-resfire-half-gross","1.5%",9.150024589210659e-5,1.01601,30,193.95496701705903
"feedback-resfire-half-gross","1.5%",9.150024589210659e-5,1.01601,31,258.13910513681157
"feedback-resfire-half-gross","1.5%",9.150024589210659e-5,1.01601,32,221.59744117074254
"feedback-resfire-half-gross","1.5%",9.150024589210659e-5,1.01601,33,234.90399173037463
"feedback-resfire-half-gross","1.5%",9.150024589210659e-5,1.01601,34,460.4682531660587
"feedback-resfire-half-gross","1.5%",9.150024589210659e-5,1.01601,35,490.3528138992102
"feedback-resfire-half-gross","1.5%",9.150024589210659e-5,1.01601,36,149.05283034367378
"feedback-resfire-half-gross","1.5%",9.150024589210659e-5,1.01601,37,349.5706992058691
"feedback-resfire-half-gross","1.5%",9.150024589210659e-5,1.01601,38,567.3548579156153
"feedback-resfire-half-gross","1.5%",9.150024589210659e-5,1.01601,39,194.11256042590534
"feedback-resfire-half-gross","1.5%",9.150024589210659e-5,1.01601,40,449.89129443084795
"feedback-resfire-half-gross","1.5%",9.150024589210659e-5,1.01601,41,748.5021290260481
"feedback-resfire-half-gross","1.5%",9.150024589210659e-5,1.01601,42,539.0326591650319
"feedback-resfire-half-gross","1.5%",9.150024589210659e-5,1.01601,43,315.70652377952604
"feedback-resfire-half-gross","1.5%",9.150024589210659e-5,1.01601,44,1201.3728987266602
"feedback-resfire-half-gross","1.5%",9.150024589210659e-5,1.01601,45,393.4078712657216
"feedback-resfire-half-gross","1.5%",9.150024589210659e-5,1.01601,46,198.03488617696894
"feedback-resfire-half-gross","1.5%",9.150024589210659e-5,1.01601,47,327.5674899155649
"feedback-resfire-half-gross","1.5%",9.150024589210659e-5,1.01601,48,158.74456569957545
"feedback-resfire-half-gross","1.5%",9.150024589210659e-5,1.01601,49,361.32827358499674
"feedback-resfire-half-gross","1.5%",9.150024589210659e-5,1.01601,50,272.7792665119002
"feedback-resfire-half-gross","1.5%",9.150024589210659e-5,1.01601,51,295.49577015543673
"feedback-resfire-half-gross","1.5%",9.150024589210659e-5,1.01601,52,663.5155528870799
"feedback-resfire-half-gross","1.5%",9.150024589210659e-5,1.01601,53,303.7665347832694
"feedback-resfire-half-gross","1.5%",9.150024589210659e-5,1.01601,54,101.37648732718827
"feedback-resfire-half-gross","1.5%",9.150024589210659e-5,1.01601,55,1017.5866231822042
"feedback-resfire-half-gross","1.5%",9.150024589210659e-5,1.01601,56,599.8482384098609
"feedback-resfire-half-gross","1.5%",9.150024589210659e-5,1.01601,57,327.468424315978
"feedback-resfire-half-gross","1.5%",9.150024589210659e-5,1.01601,58,237.32654812557985
"feedback-resfire-half-gross","1.5%",9.150024589210659e-5,1.01601,59,729.9750557769609
"feedback-resfire-half-gross","1.5%",9.150024589210659e-5,1.01601,60,934.1701845859972
"feedback-resfire-half-gross","1.5%",9.150024589210659e-5,1.01601,61,365.7278939051198
"feedback-resfire-half-gross","1.5%",9.150024589210659e-5,1.01601,62,348.8637443849969
"feedback-resfire-half-gross","1.5%",9.150024589210659e-5,1.01601,63,381.44170982114696
"feedback-resfire-half-gross","1.5%",9.150024589210659e-5,1.01601,64,394.4300881085833
"feedback-resfire-half-gross","1.5%",9.150024589210659e-5,1.01601,65,91.60095765137768
"feedback-resfire-half-gross","1.5%",9.150024589210659e-5,1.01601,66,191.83483574936213
"feedback-resfire-half-gross","1.5%",9.150024589210659e-5,1.01601,67,524.583300434406
"feedback-resfire-half-gross","1.5%",9.150024589210659e-5,1.01601,68,1430.3992491232052
"feedback-resfire-half-gross","1.5%",9.150024589210659e-5,1.01601,69,238.44287062122862
"feedback-resfire-half-gross","1.5%",9.150024589210659e-5,1.01601,70,316.16814438874303
"feedback-resfire-half-gross","1.5%",9.150024589210659e-5,1.01601,71,245.75818682251713
"feedback-resfire-half-gross","1.5%",9.150024589210659e-5,1.01601,72,1189.8861024081802
"feedback-resfire-half-gross","1.5%",9.150024589210659e-5,1.01601,73,500.4244485080891
"feedback-resfire-half-gross","1.5%",9.150024589210659e-5,1.01601,74,265.25844213366247
"feedback-resfire-half-gross","1.5%",9.150024589210659e-5,1.01601,75,505.88908190338736
"feedback-resfire-half-gross","1.5%",9.150024589210659e-5,1.01601,76,453.97607714389136
"feedback-resfire-half-gross","1.5%",9.150024589210659e-5,1.01601,77,711.7455509249057
"feedback-resfire-half-gross","1.5%",9.150024589210659e-5,1.01601,78,229.47257557293125
"feedback-resfire-half-gross","1.5%",9.150024589210659e-5,1.01601,79,527.7496898111214
"feedback-resfire-half-gross","1.5%",9.150024589210659e-5,1.01601,80,381.956463705729
"feedback-resfire-half-gross","1.5%",9.150024589210659e-5,1.01601,81,200.5544385185574
"feedback-resfire-half-gross","1.5%",9.150024589210659e-5,1.01601,82,383.0226471290643
"feedback-resfire-half-gross","1.5%",9.150024589210659e-5,1.01601,83,264.098449801242
"feedback-resfire-half-gross","1.5%",9.150024589210659e-5,1.01601,84,298.2578250921117
"feedback-resfire-half-gross","1.5%",9.150024589210659e-5,1.01601,85,767.714821562467
"feedback-resfire-half-gross","1.5%",9.150024589210659e-5,1.01601,86,858.3862832796061
"feedback-resfire-half-gross","1.5%",9.150024589210659e-5,1.01601,87,425.5511663933987
"feedback-resfire-half-gross","1.5%",9.150024589210659e-5,1.01601,88,337.27321460280956
"feedback-resfire-half-gross","1.5%",9.150024589210659e-5,1.01601,89,522.7336100438514
"feedback-resfire-half-gross","1.5%",9.150024589210659e-5,1.01601,90,25.46854287947707
"feedback-resfire-half-gross","1.5%",9.150024589210659e-5,1.01601,91,245.95672299374044
"feedback-resfire-half-gross","1.5%",9.150024589210659e-5,1.01601,92,375.2452002530639
"feedback-resfire-half-gross","1.5%",9.150024589210659e-5,1.01601,93,724.1298162226149
"feedback-resfire-half-gross","1.5%",9.150024589210659e-5,1.01601,94,377.0985056390923
"feedback-resfire-half-gross","1.5%",9.150024589210659e-5,1.01601,95,332.5027634778759
"feedback-resfire-half-gross","1.5%",9.150024589210659e-5,1.01601,96,377.7305622596348
"feedback-resfire-half-gross","1.5%",9.150024589210659e-5,1.01601,97,149.0139534826517
"feedback-resfire-half-gross","1.5%",9.150024589210659e-5,1.01601,98,545.0886314159226
"feedback-resfire-half-gross","1.5%",9.150024589210659e-5,1.01601,99,758.9959289858936
"feedback-resfire-half-gross","1.5%",9.150024589210659e-5,1.01601,100,224.61453891345923
"feedback-resfire-half-gross","2.5%",0.004629467024013456,1.421158088,1,165.11545475908875
"feedback-resfire-half-gross","2.5%",0.004629467024013456,1.421158088,2,314.8735079722528
"feedback-resfire-half-gross","2.5%",0.004629467024013456,1.421158088,3,92.22287106040781
"feedback-resfire-half-gross","2.5%",0.004629467024013456,1.421158088,4,104.73826366586252
"feedback-resfire-half-gross","2.5%",0.004629467024013456,1.421158088,5,391.7453805638008
"feedback-resfire-half-gross","2.5%",0.004629467024013456,1.421158088,6,152.0201281257329
"feedback-resfire-half-gross","2.5%",0.004629467024013456,1.421158088,7,54.89610962823561
"feedback-resfire-half-gross","2.5%",0.004629467024013456,1.421158088,8,404.0734230816359
"feedback-resfire-half-gross","2.5%",0.004629467024013456,1.421158088,9,98.96182534586674
"feedback-resfire-half-gross","2.5%",0.004629467024013456,1.421158088,10,35.17379285707081
"feedback-resfire-half-gross","2.5%",0.004629467024013456,1.421158088,11,614.9954523038988
"feedback-resfire-half-gross","2.5%",0.004629467024013456,1.421158088,12,165.37743841176032
"feedback-resfire-half-gross","2.5%",0.004629467024013456,1.421158088,13,107.62932622877747
"feedback-resfire-half-gross","2.5%",0.004629467024013456,1.421158088,14,70.60552975340471
"feedback-resfire-half-gross","2.5%",0.004629467024013456,1.421158088,15,17.052498061079554
"feedback-resfire-half-gross","2.5%",0.004629467024013456,1.421158088,16,88.20619213601145
"feedback-resfire-half-gross","2.5%",0.004629467024013456,1.421158088,17,44.09126175662525
"feedback-resfire-half-gross","2.5%",0.004629467024013456,1.421158088,18,269.12715181295454
"feedback-resfire-half-gross","2.5%",0.004629467024013456,1.421158088,19,94.98711381746891
"feedback-resfire-half-gross","2.5%",0.004629467024013456,1.421158088,20,186.0607766419
"feedback-resfire-half-gross","2.5%",0.004629467024013456,1.421158088,21,299.3980642615588
"feedback-resfire-half-gross","2.5%",0.004629467024013456,1.421158088,22,47.80862215262496
"feedback-resfire-half-gross","2.5%",0.004629467024013456,1.421158088,23,48.595427074310514
"feedback-resfire-half-gross","2.5%",0.004629467024013456,1.421158088,24,349.40483286024505
"feedback-resfire-half-gross","2.5%",0.004629467024013456,1.421158088,25,150.62856288112346
"feedback-resfire-half-gross","2.5%",0.004629467024013456,1.421158088,26,10.459317051975034
"feedback-resfire-half-gross","2.5%",0.004629467024013456,1.421158088,27,131.74953205179406
"feedback-resfire-half-gross","2.5%",0.004629467024013456,1.421158088,28,105.43635422569054
"feedback-resfire-half-gross","2.5%",0.004629467024013456,1.421158088,29,180.34645831098962
"feedback-resfire-half-gross","2.5%",0.004629467024013456,1.421158088,30,57.46781671147972
"feedback-resfire-half-gross","2.5%",0.004629467024013456,1.421158088,31,63.904584128373685
"feedback-resfire-half-gross","2.5%",0.004629467024013456,1.421158088,32,123.81424131805032
"feedback-resfire-half-gross","2.5%",0.004629467024013456,1.421158088,33,91.6074796462737
"feedback-resfire-half-gross","2.5%",0.004629467024013456,1.421158088,34,73.04358999034964
"feedback-resfire-half-gross","2.5%",0.004629467024013456,1.421158088,35,190.56151415937322
"feedback-resfire-half-gross","2.5%",0.004629467024013456,1.421158088,36,51.19992623175551
"feedback-resfire-half-gross","2.5%",0.004629467024013456,1.421158088,37,146.1644478877733
"feedback-resfire-half-gross","2.5%",0.004629467024013456,1.421158088,38,270.16443944726484
"feedback-resfire-half-gross","2.5%",0.004629467024013456,1.421158088,39,94.27878961652446
"feedback-resfire-half-gross","2.5%",0.004629467024013456,1.421158088,40,182.36322048081294
"feedback-resfire-half-gross","2.5%",0.004629467024013456,1.421158088,41,225.65238326001588
"feedback-resfire-half-gross","2.5%",0.004629467024013456,1.421158088,42,146.6366162941381
"feedback-resfire-half-gross","2.5%",0.004629467024013456,1.421158088,43,82.47719463067602
"feedback-resfire-half-gross","2.5%",0.004629467024013456,1.421158088,44,599.8973856132229
"feedback-resfire-half-gross","2.5%",0.004629467024013456,1.421158088,45,92.77271504432491
"feedback-resfire-half-gross","2.5%",0.004629467024013456,1.421158088,46,39.18106860928044
"feedback-resfire-half-gross","2.5%",0.004629467024013456,1.421158088,47,107.08860190215032
"feedback-resfire-half-gross","2.5%",0.004629467024013456,1.421158088,48,96.24282462923031
"feedback-resfire-half-gross","2.5%",0.004629467024013456,1.421158088,49,66.3566941495218
"feedback-resfire-half-gross","2.5%",0.004629467024013456,1.421158088,50,111.58187038271181
"feedback-resfire-half-gross","2.5%",0.004629467024013456,1.421158088,51,134.32131818775932
"feedback-resfire-half-gross","2.5%",0.004629467024013456,1.421158088,52,240.2026740244351
"feedback-resfire-half-gross","2.5%",0.004629467024013456,1.421158088,53,84.0069068180854
"feedback-resfire-half-gross","2.5%",0.004629467024013456,1.421158088,54,10.41002122688909
"feedback-resfire-half-gross","2.5%",0.004629467024013456,1.421158088,55,447.5243061638435
"feedback-resfire-half-gross","2.5%",0.004629467024013456,1.421158088,56,290.4214206727831
"feedback-resfire-half-gross","2.5%",0.004629467024013456,1.421158088,57,64.66174385034921
"feedback-resfire-half-gross","2.5%",0.004629467024013456,1.421158088,58,73.9379493567811
"feedback-resfire-half-gross","2.5%",0.004629467024013456,1.421158088,59,279.8391681188527
"feedback-resfire-half-gross","2.5%",0.004629467024013456,1.421158088,60,322.7174625964211
"feedback-resfire-half-gross","2.5%",0.004629467024013456,1.421158088,61,141.37167396658896
"feedback-resfire-half-gross","2.5%",0.004629467024013456,1.421158088,62,45.07338967394464
"feedback-resfire-half-gross","2.5%",0.004629467024013456,1.421158088,63,239.55752062621116
"feedback-resfire-half-gross","2.5%",0.004629467024013456,1.421158088,64,128.70566914345463
"feedback-resfire-half-gross","2.5%",0.004629467024013456,1.421158088,65,10.073180752900056
"feedback-resfire-half-gross","2.5%",0.004629467024013456,1.421158088,66,65.32964296975943
"feedback-resfire-half-gross","2.5%",0.004629467024013456,1.421158088,67,166.895681862262
"feedback-resfire-half-gross","2.5%",0.004629467024013456,1.421158088,68,1386.5644032682512
"feedback-resfire-half-gross","2.5%",0.004629467024013456,1.421158088,69,69.62285183393669
"feedback-resfire-half-gross","2.5%",0.004629467024013456,1.421158088,70,118.17159563951517
"feedback-resfire-half-gross","2.5%",0.004629467024013456,1.421158088,71,65.72226480410492
"feedback-resfire-half-gross","2.5%",0.004629467024013456,1.421158088,72,345.5337623303686
"feedback-resfire-half-gross","2.5%",0.004629467024013456,1.421158088,73,196.6869321661058
"feedback-resfire-half-gross","2.5%",0.004629467024013456,1.421158088,74,49.16207662500015
"feedback-resfire-half-gross","2.5%",0.004629467024013456,1.421158088,75,163.8330479274545
"feedback-resfire-half-gross","2.5%",0.004629467024013456,1.421158088,76,128.00568964084533
"feedback-resfire-half-gross","2.5%",0.004629467024013456,1.421158088,77,207.65283618403595
"feedback-resfire-half-gross","2.5%",0.004629467024013456,1.421158088,78,98.81743394419946
"feedback-resfire-half-gross","2.5%",0.004629467024013456,1.421158088,79,151.24861622371935
"feedback-resfire-half-gross","2.5%",0.004629467024013456,1.421158088,80,134.14823676141376
"feedback-resfire-half-gross","2.5%",0.004629467024013456,1.421158088,81,64.86854845486826
"feedback-resfire-half-gross","2.5%",0.004629467024013456,1.421158088,82,121.29739565937734
"feedback-resfire-half-gross","2.5%",0.004629467024013456,1.421158088,83,75.97833066613171
"feedback-resfire-half-gross","2.5%",0.004629467024013456,1.421158088,84,114.18562008299546
"feedback-resfire-half-gross","2.5%",0.004629467024013456,1.421158088,85,328.40348183800387
"feedback-resfire-half-gross","2.5%",0.004629467024013456,1.421158088,86,363.0134876695453
"feedback-resfire-half-gross","2.5%",0.004629467024013456,1.421158088,87,153.41735941984976
"feedback-resfire-half-gross","2.5%",0.004629467024013456,1.421158088,88,98.9271180783944
"feedback-resfire-half-gross","2.5%",0.004629467024013456,1.421158088,89,154.7519622861251
"feedback-resfire-half-gross","2.5%",0.004629467024013456,1.421158088,90,2.279285861357684
"feedback-resfire-half-gross","2.5%",0.004629467024013456,1.421158088,91,68.54619151237621
"feedback-resfire-half-gross","2.5%",0.004629467024013456,1.421158088,92,118.2263298935453
"feedback-resfire-half-gross","2.5%",0.004629467024013456,1.421158088,93,279.76497890689024
"feedback-resfire-half-gross","2.5%",0.004629467024013456,1.421158088,94,174.47705621076105
"feedback-resfire-half-gross","2.5%",0.004629467024013456,1.421158088,95,118.77341942293295
"feedback-resfire-half-gross","2.5%",0.004629467024013456,1.421158088,96,168.22778694693287
"feedback-resfire-half-gross","2.5%",0.004629467024013456,1.421158088,97,15.932796008683914
"feedback-resfire-half-gross","2.5%",0.004629467024013456,1.421158088,98,146.32154903408852
"feedback-resfire-half-gross","2.5%",0.004629467024013456,1.421158088,99,275.9773040231559
"feedback-resfire-half-gross","2.5%",0.004629467024013456,1.421158088,100,62.34763901022817
"feedback-resfire-half-gross","2.0%",0.0019745879362491614,1.244458999,1,244.22930563725478
"feedback-resfire-half-gross","2.0%",0.0019745879362491614,1.244458999,2,536.865183090151
"feedback-resfire-half-gross","2.0%",0.0019745879362491614,1.244458999,3,185.685987673146
"feedback-resfire-half-gross","2.0%",0.0019745879362491614,1.244458999,4,173.3406281896885
"feedback-resfire-half-gross","2.0%",0.0019745879362491614,1.244458999,5,695.0330900221887
"feedback-resfire-half-gross","2.0%",0.0019745879362491614,1.244458999,6,218.98619290358295
"feedback-resfire-half-gross","2.0%",0.0019745879362491614,1.244458999,7,107.07892753093094
"feedback-resfire-half-gross","2.0%",0.0019745879362491614,1.244458999,8,533.3674701287274
"feedback-resfire-half-gross","2.0%",0.0019745879362491614,1.244458999,9,161.75651516159263
"feedback-resfire-half-gross","2.0%",0.0019745879362491614,1.244458999,10,72.13040250387478
"feedback-resfire-half-gross","2.0%",0.0019745879362491614,1.244458999,11,1031.2854433784767
"feedback-resfire-half-gross","2.0%",0.0019745879362491614,1.244458999,12,293.1014451686647
"feedback-resfire-half-gross","2.0%",0.0019745879362491614,1.244458999,13,194.74832045372503
"feedback-resfire-half-gross","2.0%",0.0019745879362491614,1.244458999,14,139.3881597016256
"feedback-resfire-half-gross","2.0%",0.0019745879362491614,1.244458999,15,45.860339953522846
"feedback-resfire-half-gross","2.0%",0.0019745879362491614,1.244458999,16,160.3334255628739
"feedback-resfire-half-gross","2.0%",0.0019745879362491614,1.244458999,17,86.44775850490176
"feedback-resfire-half-gross","2.0%",0.0019745879362491614,1.244458999,18,387.0895587777186
"feedback-resfire-half-gross","2.0%",0.0019745879362491614,1.244458999,19,166.18131788193165
"feedback-resfire-half-gross","2.0%",0.0019745879362491614,1.244458999,20,271.41052937291755
"feedback-resfire-half-gross","2.0%",0.0019745879362491614,1.244458999,21,417.6915343188166
"feedback-resfire-half-gross","2.0%",0.0019745879362491614,1.244458999,22,81.8323842569027
"feedback-resfire-half-gross","2.0%",0.0019745879362491614,1.244458999,23,124.87238238725543
"feedback-resfire-half-gross","2.0%",0.0019745879362491614,1.244458999,24,568.5575844637999
"feedback-resfire-half-gross","2.0%",0.0019745879362491614,1.244458999,25,274.1862203452663
"feedback-resfire-half-gross","2.0%",0.0019745879362491614,1.244458999,26,29.913325480057015
"feedback-resfire-half-gross","2.0%",0.0019745879362491614,1.244458999,27,187.37162878216813
"feedback-resfire-half-gross","2.0%",0.0019745879362491614,1.244458999,28,192.49130941404167
"feedback-resfire-half-gross","2.0%",0.0019745879362491614,1.244458999,29,290.9367461198055
"feedback-resfire-half-gross","2.0%",0.0019745879362491614,1.244458999,30,103.70242393380236
"feedback-resfire-half-gross","2.0%",0.0019745879362491614,1.244458999,31,123.4782061718614
"feedback-resfire-half-gross","2.0%",0.0019745879362491614,1.244458999,32,164.35486189021833
"feedback-resfire-half-gross","2.0%",0.0019745879362491614,1.244458999,33,142.83745922386777
"feedback-resfire-half-gross","2.0%",0.0019745879362491614,1.244458999,34,162.02921545434336
"feedback-resfire-half-gross","2.0%",0.0019745879362491614,1.244458999,35,310.1245323573522
"feedback-resfire-half-gross","2.0%",0.0019745879362491614,1.244458999,36,80.26240714412093
"feedback-resfire-half-gross","2.0%",0.0019745879362491614,1.244458999,37,220.77914045823385
"feedback-resfire-half-gross","2.0%",0.0019745879362491614,1.244458999,38,384.0535350347545
"feedback-resfire-half-gross","2.0%",0.0019745879362491614,1.244458999,39,134.19328744683966
"feedback-resfire-half-gross","2.0%",0.0019745879362491614,1.244458999,40,293.24875655432555
"feedback-resfire-half-gross","2.0%",0.0019745879362491614,1.244458999,41,418.3646271525119
"feedback-resfire-half-gross","2.0%",0.0019745879362491614,1.244458999,42,259.0813122935846
"feedback-resfire-half-gross","2.0%",0.0019745879362491614,1.244458999,43,141.93055502369822
"feedback-resfire-half-gross","2.0%",0.0019745879362491614,1.244458999,44,872.5597212047849
"feedback-resfire-half-gross","2.0%",0.0019745879362491614,1.244458999,45,188.1026392436233
"feedback-resfire-half-gross","2.0%",0.0019745879362491614,1.244458999,46,77.90571934588554
"feedback-resfire-half-gross","2.0%",0.0019745879362491614,1.244458999,47,179.6128015744228
"feedback-resfire-half-gross","2.0%",0.0019745879362491614,1.244458999,48,126.81265206569452
"feedback-resfire-half-gross","2.0%",0.0019745879362491614,1.244458999,49,128.0667930886845
"feedback-resfire-half-gross","2.0%",0.0019745879362491614,1.244458999,50,171.09711627115144
"feedback-resfire-half-gross","2.0%",0.0019745879362491614,1.244458999,51,199.79182385738673
"feedback-resfire-half-gross","2.0%",0.0019745879362491614,1.244458999,52,376.65424591677595
"feedback-resfire-half-gross","2.0%",0.0019745879362491614,1.244458999,53,148.8642754822957
"feedback-resfire-half-gross","2.0%",0.0019745879362491614,1.244458999,54,33.351378137760705
"feedback-resfire-half-gross","2.0%",0.0019745879362491614,1.244458999,55,681.1183270784303
"feedback-resfire-half-gross","2.0%",0.0019745879362491614,1.244458999,56,424.47410415099444
"feedback-resfire-half-gross","2.0%",0.0019745879362491614,1.244458999,57,129.51448430265594
"feedback-resfire-half-gross","2.0%",0.0019745879362491614,1.244458999,58,131.8533623522299
"feedback-resfire-half-gross","2.0%",0.0019745879362491614,1.244458999,59,436.47583309785074
"feedback-resfire-half-gross","2.0%",0.0019745879362491614,1.244458999,60,552.163893894932
"feedback-resfire-half-gross","2.0%",0.0019745879362491614,1.244458999,61,218.95649473570765
"feedback-resfire-half-gross","2.0%",0.0019745879362491614,1.244458999,62,92.4681377105672
"feedback-resfire-half-gross","2.0%",0.0019745879362491614,1.244458999,63,315.0468154271487
"feedback-resfire-half-gross","2.0%",0.0019745879362491614,1.244458999,64,214.0113696810911
"feedback-resfire-half-gross","2.0%",0.0019745879362491614,1.244458999,65,29.96582713290326
"feedback-resfire-half-gross","2.0%",0.0019745879362491614,1.244458999,66,105.61634820671716
"feedback-resfire-half-gross","2.0%",0.0019745879362491614,1.244458999,67,285.49015612763804
"feedback-resfire-half-gross","2.0%",0.0019745879362491614,1.244458999,68,1568.1406591245766
"feedback-resfire-half-gross","2.0%",0.0019745879362491614,1.244458999,69,117.07384440365269
"feedback-resfire-half-gross","2.0%",0.0019745879362491614,1.244458999,70,183.658179351295
"feedback-resfire-half-gross","2.0%",0.0019745879362491614,1.244458999,71,111.53074757405143
"feedback-resfire-half-gross","2.0%",0.0019745879362491614,1.244458999,72,644.6034695608429
"feedback-resfire-half-gross","2.0%",0.0019745879362491614,1.244458999,73,306.1186483216033
"feedback-resfire-half-gross","2.0%",0.0019745879362491614,1.244458999,74,96.70971845566757
"feedback-resfire-half-gross","2.0%",0.0019745879362491614,1.244458999,75,284.81537869918094
"feedback-resfire-half-gross","2.0%",0.0019745879362491614,1.244458999,76,244.93149790881438
"feedback-resfire-half-gross","2.0%",0.0019745879362491614,1.244458999,77,388.13465283133996
"feedback-resfire-half-gross","2.0%",0.0019745879362491614,1.244458999,78,154.91309246798855
"feedback-resfire-half-gross","2.0%",0.0019745879362491614,1.244458999,79,259.50914066788727
"feedback-resfire-half-gross","2.0%",0.0019745879362491614,1.244458999,80,228.46856427049389
"feedback-resfire-half-gross","2.0%",0.0019745879362491614,1.244458999,81,113.88577475169828
"feedback-resfire-half-gross","2.0%",0.0019745879362491614,1.244458999,82,213.52502863446347
"feedback-resfire-half-gross","2.0%",0.0019745879362491614,1.244458999,83,139.29085320265335
"feedback-resfire-half-gross","2.0%",0.0019745879362491614,1.244458999,84,195.11905457675752
"feedback-resfire-half-gross","2.0%",0.0019745879362491614,1.244458999,85,486.81868918035764
"feedback-resfire-half-gross","2.0%",0.0019745879362491614,1.244458999,86,553.5333392276206
"feedback-resfire-half-gross","2.0%",0.0019745879362491614,1.244458999,87,250.4673981577108
"feedback-resfire-half-gross","2.0%",0.0019745879362491614,1.244458999,88,181.7636654562512
"feedback-resfire-half-gross","2.0%",0.0019745879362491614,1.244458999,89,279.4031584585527
"feedback-resfire-half-gross","2.0%",0.0019745879362491614,1.244458999,90,10.366373529091629
"feedback-resfire-half-gross","2.0%",0.0019745879362491614,1.244458999,91,123.8464024077418
"feedback-resfire-half-gross","2.0%",0.0019745879362491614,1.244458999,92,209.32874415828474
"feedback-resfire-half-gross","2.0%",0.0019745879362491614,1.244458999,93,429.99889344824567
"feedback-resfire-half-gross","2.0%",0.0019745879362491614,1.244458999,94,262.89663860840244
"feedback-resfire-half-gross","2.0%",0.0019745879362491614,1.244458999,95,186.29753979545035
"feedback-resfire-half-gross","2.0%",0.0019745879362491614,1.244458999,96,250.81263668608128
"feedback-resfire-half-gross","2.0%",0.0019745879362491614,1.244458999,97,37.62917833251622
"feedback-resfire-half-gross","2.0%",0.0019745879362491614,1.244458999,98,265.3156440769795
"feedback-resfire-half-gross","2.0%",0.0019745879362491614,1.244458999,99,456.73086008116337
"feedback-resfire-half-gross","2.0%",0.0019745879362491614,1.244458999,100,112.8416441366158
"feedback-resfire-half-gross","3.0%",0.007732453194507549,1.567899391,1,119.94309856208423
"feedback-resfire-half-gross","3.0%",0.007732453194507549,1.567899391,2,192.45860462601053
"feedback-resfire-half-gross","3.0%",0.007732453194507549,1.567899391,3,56.05889258411021
"feedback-resfire-half-gross","3.0%",0.007732453194507549,1.567899391,4,68.65098736252072
"feedback-resfire-half-gross","3.0%",0.007732453194507549,1.567899391,5,218.0599014560076
"feedback-resfire-half-gross","3.0%",0.007732453194507549,1.567899391,6,106.73386922845992
"feedback-resfire-half-gross","3.0%",0.007732453194507549,1.567899391,7,33.39161765073882
"feedback-resfire-half-gross","3.0%",0.007732453194507549,1.567899391,8,288.43685717797723
"feedback-resfire-half-gross","3.0%",0.007732453194507549,1.567899391,9,63.97421762846548
"feedback-resfire-half-gross","3.0%",0.007732453194507549,1.567899391,10,20.2439611016779
"feedback-resfire-half-gross","3.0%",0.007732453194507549,1.567899391,11,375.39258664051556
"feedback-resfire-half-gross","3.0%",0.007732453194507549,1.567899391,12,96.95394771056834
"feedback-resfire-half-gross","3.0%",0.007732453194507549,1.567899391,13,64.37727938393235
"feedback-resfire-half-gross","3.0%",0.007732453194507549,1.567899391,14,39.62014813314115
"feedback-resfire-half-gross","3.0%",0.007732453194507549,1.567899391,15,6.7615735690238115
"feedback-resfire-half-gross","3.0%",0.007732453194507549,1.567899391,16,53.73863143482744
"feedback-resfire-half-gross","3.0%",0.007732453194507549,1.567899391,17,21.683752166338923
"feedback-resfire-half-gross","3.0%",0.007732453194507549,1.567899391,18,183.63148419433116
"feedback-resfire-half-gross","3.0%",0.007732453194507549,1.567899391,19,64.45321398202609
"feedback-resfire-half-gross","3.0%",0.007732453194507549,1.567899391,20,133.19466705657672
"feedback-resfire-half-gross","3.0%",0.007732453194507549,1.567899391,21,211.83096798239887
"feedback-resfire-half-gross","3.0%",0.007732453194507549,1.567899391,22,28.197243030044557
"feedback-resfire-half-gross","3.0%",0.007732453194507549,1.567899391,23,21.02358246185482
"feedback-resfire-half-gross","3.0%",0.007732453194507549,1.567899391,24,234.3137993099278
"feedback-resfire-half-gross","3.0%",0.007732453194507549,1.567899391,25,84.65220971871173
"feedback-resfire-half-gross","3.0%",0.007732453194507549,1.567899391,26,2.80205847275586
"feedback-resfire-half-gross","3.0%",0.007732453194507549,1.567899391,27,96.20769228499883
"feedback-resfire-half-gross","3.0%",0.007732453194507549,1.567899391,28,64.86785659570899
"feedback-resfire-half-gross","3.0%",0.007732453194507549,1.567899391,29,118.64251544987444
"feedback-resfire-half-gross","3.0%",0.007732453194507549,1.567899391,30,33.82079397263263
"feedback-resfire-half-gross","3.0%",0.007732453194507549,1.567899391,31,36.7518317852037
"feedback-resfire-half-gross","3.0%",0.007732453194507549,1.567899391,32,95.7766460071612
"feedback-resfire-half-gross","3.0%",0.007732453194507549,1.567899391,33,62.58924357080519
"feedback-resfire-half-gross","3.0%",0.007732453194507549,1.567899391,34,39.586549409223515
"feedback-resfire-half-gross","3.0%",0.007732453194507549,1.567899391,35,118.2419436990902
"feedback-resfire-half-gross","3.0%",0.007732453194507549,1.567899391,36,36.65771968539134
"feedback-resfire-half-gross","3.0%",0.007732453194507549,1.567899391,37,102.98338408323818
"feedback-resfire-half-gross","3.0%",0.007732453194507549,1.567899391,38,199.2843307769711
"feedback-resfire-half-gross","3.0%",0.007732453194507549,1.567899391,39,68.25942350912378
"feedback-resfire-half-gross","3.0%",0.007732453194507549,1.567899391,40,114.13227240167016
"feedback-resfire-half-gross","3.0%",0.007732453194507549,1.567899391,41,122.5526975735126
"feedback-resfire-half-gross","3.0%",0.007732453194507549,1.567899391,42,93.71431853183721
"feedback-resfire-half-gross","3.0%",0.007732453194507549,1.567899391,43,56.26101396183511
"feedback-resfire-half-gross","3.0%",0.007732453194507549,1.567899391,44,409.71536445834033
"feedback-resfire-half-gross","3.0%",0.007732453194507549,1.567899391,45,48.187957735967856
"feedback-resfire-half-gross","3.0%",0.007732453194507549,1.567899391,46,23.33756028762076
"feedback-resfire-half-gross","3.0%",0.007732453194507549,1.567899391,47,69.65742587759362
"feedback-resfire-half-gross","3.0%",0.007732453194507549,1.567899391,48,72.02176403019409
"feedback-resfire-half-gross","3.0%",0.007732453194507549,1.567899391,49,42.37304548517002
"feedback-resfire-half-gross","3.0%",0.007732453194507549,1.567899391,50,76.96053623761011
"feedback-resfire-half-gross","3.0%",0.007732453194507549,1.567899391,51,91.90280039792678
"feedback-resfire-half-gross","3.0%",0.007732453194507549,1.567899391,52,166.0649969410021
"feedback-resfire-half-gross","3.0%",0.007732453194507549,1.567899391,53,52.4501326307631
"feedback-resfire-half-gross","3.0%",0.007732453194507549,1.567899391,54,1.5112138146017258
"feedback-resfire-half-gross","3.0%",0.007732453194507549,1.567899391,55,302.35414145037294
"feedback-resfire-half-gross","3.0%",0.007732453194507549,1.567899391,56,201.23474696186622
"feedback-resfire-half-gross","3.0%",0.007732453194507549,1.567899391,57,38.42576593858726
"feedback-resfire-half-gross","3.0%",0.007732453194507549,1.567899391,58,42.446842915065965
"feedback-resfire-half-gross","3.0%",0.007732453194507549,1.567899391,59,190.8449847520199
"feedback-resfire-half-gross","3.0%",0.007732453194507549,1.567899391,60,194.34172778354596
"feedback-resfire-half-gross","3.0%",0.007732453194507549,1.567899391,61,96.6533508417555
"feedback-resfire-half-gross","3.0%",0.007732453194507549,1.567899391,62,28.84644999596482
"feedback-resfire-half-gross","3.0%",0.007732453194507549,1.567899391,63,177.30982973956185
"feedback-resfire-half-gross","3.0%",0.007732453194507549,1.567899391,64,85.06775041855654
"feedback-resfire-half-gross","3.0%",0.007732453194507549,1.567899391,65,2.7779310130575365
"feedback-resfire-half-gross","3.0%",0.007732453194507549,1.567899391,66,44.277405609172405
"feedback-resfire-half-gross","3.0%",0.007732453194507549,1.567899391,67,105.79307256583343
"feedback-resfire-half-gross","3.0%",0.007732453194507549,1.567899391,68,1098.8203825150974
"feedback-resfire-half-gross","3.0%",0.007732453194507549,1.567899391,69,46.83012315068372
"feedback-resfire-half-gross","3.0%",0.007732453194507549,1.567899391,70,82.96672733133546
"feedback-resfire-half-gross","3.0%",0.007732453194507549,1.567899391,71,45.399106571063776
"feedback-resfire-half-gross","3.0%",0.007732453194507549,1.567899391,72,193.65037091006724
"feedback-resfire-half-gross","3.0%",0.007732453194507549,1.567899391,73,133.5360675679713
"feedback-resfire-half-gross","3.0%",0.007732453194507549,1.567899391,74,30.87691423321339
"feedback-resfire-half-gross","3.0%",0.007732453194507549,1.567899391,75,99.52086792596022
"feedback-resfire-half-gross","3.0%",0.007732453194507549,1.567899391,76,67.13531472314544
"feedback-resfire-half-gross","3.0%",0.007732453194507549,1.567899391,77,114.58428385821264
"feedback-resfire-half-gross","3.0%",0.007732453194507549,1.567899391,78,62.74413239314226
"feedback-resfire-half-gross","3.0%",0.007732453194507549,1.567899391,79,99.77224352424145
"feedback-resfire-half-gross","3.0%",0.007732453194507549,1.567899391,80,81.83247045567448
"feedback-resfire-half-gross","3.0%",0.007732453194507549,1.567899391,81,38.01380895677358
"feedback-resfire-half-gross","3.0%",0.007732453194507549,1.567899391,82,72.1102407248112
"feedback-resfire-half-gross","3.0%",0.007732453194507549,1.567899391,83,44.20001799562485
"feedback-resfire-half-gross","3.0%",0.007732453194507549,1.567899391,84,63.6785234665511
"feedback-resfire-half-gross","3.0%",0.007732453194507549,1.567899391,85,235.3239969679122
"feedback-resfire-half-gross","3.0%",0.007732453194507549,1.567899391,86,246.7763342479314
"feedback-resfire-half-gross","3.0%",0.007732453194507549,1.567899391,87,98.90126668123385
"feedback-resfire-half-gross","3.0%",0.007732453194507549,1.567899391,88,56.89888635250687
"feedback-resfire-half-gross","3.0%",0.007732453194507549,1.567899391,89,92.1057400699149
"feedback-resfire-half-gross","3.0%",0.007732453194507549,1.567899391,90,-1.6067536436313137
"feedback-resfire-half-gross","3.0%",0.007732453194507549,1.567899391,91,41.78926768427629
"feedback-resfire-half-gross","3.0%",0.007732453194507549,1.567899391,92,69.84456308011275
"feedback-resfire-half-gross","3.0%",0.007732453194507549,1.567899391,93,196.54830279766665
"feedback-resfire-half-gross","3.0%",0.007732453194507549,1.567899391,94,115.07003270887586
"feedback-resfire-half-gross","3.0%",0.007732453194507549,1.567899391,95,84.03734956379128
"feedback-resfire-half-gross","3.0%",0.007732453194507549,1.567899391,96,116.52532771037836
"feedback-resfire-half-gross","3.0%",0.007732453194507549,1.567899391,97,8.000721495953819
"feedback-resfire-half-gross","3.0%",0.007732453194507549,1.567899391,98,90.7006418214569
"feedback-resfire-half-gross","3.0%",0.007732453194507549,1.567899391,99,176.35633256476783
"feedback-resfire-half-gross","3.0%",0.007732453194507549,1.567899391,100,37.11003407235278
"feedback-resfire-gross","1.5%",9.150024589210659e-5,1.01601,1,428.672254563263
"feedback-resfire-gross","1.5%",9.150024589210659e-5,1.01601,2,1272.2861300409606
"feedback-resfire-gross","1.5%",9.150024589210659e-5,1.01601,3,763.1525341708129
"feedback-resfire-gross","1.5%",9.150024589210659e-5,1.01601,4,343.29787663551986
"feedback-resfire-gross","1.5%",9.150024589210659e-5,1.01601,5,1251.4227710323662
"feedback-resfire-gross","1.5%",9.150024589210659e-5,1.01601,6,337.4011750930343
"feedback-resfire-gross","1.5%",9.150024589210659e-5,1.01601,7,289.6094275210501
"feedback-resfire-gross","1.5%",9.150024589210659e-5,1.01601,8,657.5402622745545
"feedback-resfire-gross","1.5%",9.150024589210659e-5,1.01601,9,288.62988287127024
"feedback-resfire-gross","1.5%",9.150024589210659e-5,1.01601,10,289.3715030245661
"feedback-resfire-gross","1.5%",9.150024589210659e-5,1.01601,11,1870.8282025244318
"feedback-resfire-gross","1.5%",9.150024589210659e-5,1.01601,12,659.3116470056846
"feedback-resfire-gross","1.5%",9.150024589210659e-5,1.01601,13,453.5317735054551
"feedback-resfire-gross","1.5%",9.150024589210659e-5,1.01601,14,473.22567660587754
"feedback-resfire-gross","1.5%",9.150024589210659e-5,1.01601,15,329.96373930199945
"feedback-resfire-gross","1.5%",9.150024589210659e-5,1.01601,16,360.836679304919
"feedback-resfire-gross","1.5%",9.150024589210659e-5,1.01601,17,232.64117456850693
"feedback-resfire-gross","1.5%",9.150024589210659e-5,1.01601,18,500.99930728118323
"feedback-resfire-gross","1.5%",9.150024589210659e-5,1.01601,19,564.2726303541717
"feedback-resfire-gross","1.5%",9.150024589210659e-5,1.01601,20,465.11444462945207
"feedback-resfire-gross","1.5%",9.150024589210659e-5,1.01601,21,654.433224291525
"feedback-resfire-gross","1.5%",9.150024589210659e-5,1.01601,22,146.60233672518655
"feedback-resfire-gross","1.5%",9.150024589210659e-5,1.01601,23,540.5875119864701
"feedback-resfire-gross","1.5%",9.150024589210659e-5,1.01601,24,1439.0914958847607
"feedback-resfire-gross","1.5%",9.150024589210659e-5,1.01601,25,599.8269977008976
"feedback-resfire-gross","1.5%",9.150024589210659e-5,1.01601,26,98.0217309049127
"feedback-resfire-gross","1.5%",9.150024589210659e-5,1.01601,27,319.7744708197546
"feedback-resfire-gross","1.5%",9.150024589210659e-5,1.01601,28,693.7019121754603
"feedback-resfire-gross","1.5%",9.150024589210659e-5,1.01601,29,558.6760778354947
"feedback-resfire-gross","1.5%",9.150024589210659e-5,1.01601,30,221.79593028624623
"feedback-resfire-gross","1.5%",9.150024589210659e-5,1.01601,31,267.18581493818573
"feedback-resfire-gross","1.5%",9.150024589210659e-5,1.01601,32,299.39483401076603
"feedback-resfire-gross","1.5%",9.150024589210659e-5,1.01601,33,276.2763645403768
"feedback-resfire-gross","1.5%",9.150024589210659e-5,1.01601,34,516.1021652316578
"feedback-resfire-gross","1.5%",9.150024589210659e-5,1.01601,35,596.1871216205843
"feedback-resfire-gross","1.5%",9.150024589210659e-5,1.01601,36,280.7026133626114
"feedback-resfire-gross","1.5%",9.150024589210659e-5,1.01601,37,388.0020758859066
"feedback-resfire-gross","1.5%",9.150024589210659e-5,1.01601,38,613.488427180237
"feedback-resfire-gross","1.5%",9.150024589210659e-5,1.01601,39,257.6959788214226
"feedback-resfire-gross","1.5%",9.150024589210659e-5,1.01601,40,713.0271576331742
"feedback-resfire-gross","1.5%",9.150024589210659e-5,1.01601,41,1047.9956413357959
"feedback-resfire-gross","1.5%",9.150024589210659e-5,1.01601,42,597.7085124122153
"feedback-resfire-gross","1.5%",9.150024589210659e-5,1.01601,43,443.73852214236683
"feedback-resfire-gross","1.5%",9.150024589210659e-5,1.01601,44,1351.0031151319617
"feedback-resfire-gross","1.5%",9.150024589210659e-5,1.01601,45,452.11551607726585
"feedback-resfire-gross","1.5%",9.150024589210659e-5,1.01601,46,277.7202266438676
"feedback-resfire-gross","1.5%",9.150024589210659e-5,1.01601,47,465.9351641733968
"feedback-resfire-gross","1.5%",9.150024589210659e-5,1.01601,48,251.30100339886462
"feedback-resfire-gross","1.5%",9.150024589210659e-5,1.01601,49,435.25860116152523
"feedback-resfire-gross","1.5%",9.150024589210659e-5,1.01601,50,557.8472256744259
"feedback-resfire-gross","1.5%",9.150024589210659e-5,1.01601,51,356.9673702320371
"feedback-resfire-gross","1.5%",9.150024589210659e-5,1.01601,52,964.7412393031206
"feedback-resfire-gross","1.5%",9.150024589210659e-5,1.01601,53,432.8986009720411
"feedback-resfire-gross","1.5%",9.150024589210659e-5,1.01601,54,124.84981899413617
"feedback-resfire-gross","1.5%",9.150024589210659e-5,1.01601,55,1228.5735052641814
"feedback-resfire-gross","1.5%",9.150024589210659e-5,1.01601,56,712.5248097332442
"feedback-resfire-gross","1.5%",9.150024589210659e-5,1.01601,57,409.74874227961124
"feedback-resfire-gross","1.5%",9.150024589210659e-5,1.01601,58,259.69648324449076
"feedback-resfire-gross","1.5%",9.150024589210659e-5,1.01601,59,757.952529976319
"feedback-resfire-gross","1.5%",9.150024589210659e-5,1.01601,60,1061.2379382971415
"feedback-resfire-gross","1.5%",9.150024589210659e-5,1.01601,61,438.85034257755837
"feedback-resfire-gross","1.5%",9.150024589210659e-5,1.01601,62,611.5739212723867
"feedback-resfire-gross","1.5%",9.150024589210659e-5,1.01601,63,481.34398723816213
"feedback-resfire-gross","1.5%",9.150024589210659e-5,1.01601,64,464.29523271560885
"feedback-resfire-gross","1.5%",9.150024589210659e-5,1.01601,65,128.3404330612433
"feedback-resfire-gross","1.5%",9.150024589210659e-5,1.01601,66,283.36185962967124
"feedback-resfire-gross","1.5%",9.150024589210659e-5,1.01601,67,669.4426860316672
"feedback-resfire-gross","1.5%",9.150024589210659e-5,1.01601,68,3624.851363332034
"feedback-resfire-gross","1.5%",9.150024589210659e-5,1.01601,69,258.58244166475816
"feedback-resfire-gross","1.5%",9.150024589210659e-5,1.01601,70,391.9915577035864
"feedback-resfire-gross","1.5%",9.150024589210659e-5,1.01601,71,266.72913460592
"feedback-resfire-gross","1.5%",9.150024589210659e-5,1.01601,72,1128.6241703225896
"feedback-resfire-gross","1.5%",9.150024589210659e-5,1.01601,73,614.8360102881139
"feedback-resfire-gross","1.5%",9.150024589210659e-5,1.01601,74,324.32243530897534
"feedback-resfire-gross","1.5%",9.150024589210659e-5,1.01601,75,683.6010041423144
"feedback-resfire-gross","1.5%",9.150024589210659e-5,1.01601,76,555.1987310401285
"feedback-resfire-gross","1.5%",9.150024589210659e-5,1.01601,77,804.8302014498843
"feedback-resfire-gross","1.5%",9.150024589210659e-5,1.01601,78,283.10807228059303
"feedback-resfire-gross","1.5%",9.150024589210659e-5,1.01601,79,568.4843477770296
"feedback-resfire-gross","1.5%",9.150024589210659e-5,1.01601,80,484.6669407466036
"feedback-resfire-gross","1.5%",9.150024589210659e-5,1.01601,81,260.0114434911835
"feedback-resfire-gross","1.5%",9.150024589210659e-5,1.01601,82,426.86256388740895
"feedback-resfire-gross","1.5%",9.150024589210659e-5,1.01601,83,486.8157541937846
"feedback-resfire-gross","1.5%",9.150024589210659e-5,1.01601,84,544.5101802312322
"feedback-resfire-gross","1.5%",9.150024589210659e-5,1.01601,85,802.9988362921806
"feedback-resfire-gross","1.5%",9.150024589210659e-5,1.01601,86,899.2488979216407
"feedback-resfire-gross","1.5%",9.150024589210659e-5,1.01601,87,505.49558412647264
"feedback-resfire-gross","1.5%",9.150024589210659e-5,1.01601,88,532.6841188450455
"feedback-resfire-gross","1.5%",9.150024589210659e-5,1.01601,89,582.3152653938259
"feedback-resfire-gross","1.5%",9.150024589210659e-5,1.01601,90,38.98365029821737
"feedback-resfire-gross","1.5%",9.150024589210659e-5,1.01601,91,297.7453926915164
"feedback-resfire-gross","1.5%",9.150024589210659e-5,1.01601,92,558.524862278031
"feedback-resfire-gross","1.5%",9.150024589210659e-5,1.01601,93,1083.6469739871543
"feedback-resfire-gross","1.5%",9.150024589210659e-5,1.01601,94,479.9368174445436
"feedback-resfire-gross","1.5%",9.150024589210659e-5,1.01601,95,373.11004572590787
"feedback-resfire-gross","1.5%",9.150024589210659e-5,1.01601,96,433.9847285543082
"feedback-resfire-gross","1.5%",9.150024589210659e-5,1.01601,97,257.7856699179541
"feedback-resfire-gross","1.5%",9.150024589210659e-5,1.01601,98,735.717116407155
"feedback-resfire-gross","1.5%",9.150024589210659e-5,1.01601,99,1389.17020559729
"feedback-resfire-gross","1.5%",9.150024589210659e-5,1.01601,100,230.97934640741155
"feedback-resfire-gross","2.5%",0.004629467024013456,1.421158088,1,181.08807924217933
"feedback-resfire-gross","2.5%",0.004629467024013456,1.421158088,2,428.36269136460186
"feedback-resfire-gross","2.5%",0.004629467024013456,1.421158088,3,127.56547320944583
"feedback-resfire-gross","2.5%",0.004629467024013456,1.421158088,4,117.88617425542041
"feedback-resfire-gross","2.5%",0.004629467024013456,1.421158088,5,428.8270666998545
"feedback-resfire-gross","2.5%",0.004629467024013456,1.421158088,6,170.73839332928344
"feedback-resfire-gross","2.5%",0.004629467024013456,1.421158088,7,60.75327729837217
"feedback-resfire-gross","2.5%",0.004629467024013456,1.421158088,8,430.8581499875518
"feedback-resfire-gross","2.5%",0.004629467024013456,1.421158088,9,102.74809155162342
"feedback-resfire-gross","2.5%",0.004629467024013456,1.421158088,10,48.4408039315799
"feedback-resfire-gross","2.5%",0.004629467024013456,1.421158088,11,704.8040257344366
"feedback-resfire-gross","2.5%",0.004629467024013456,1.421158088,12,207.89356296575576
"feedback-resfire-gross","2.5%",0.004629467024013456,1.421158088,13,138.68041667106877
"feedback-resfire-gross","2.5%",0.004629467024013456,1.421158088,14,99.86260668499429
"feedback-resfire-gross","2.5%",0.004629467024013456,1.421158088,15,33.90783514542603
"feedback-resfire-gross","2.5%",0.004629467024013456,1.421158088,16,99.2092212873642
"feedback-resfire-gross","2.5%",0.004629467024013456,1.421158088,17,64.7802266870456
"feedback-resfire-gross","2.5%",0.004629467024013456,1.421158088,18,260.75702760350975
"feedback-resfire-gross","2.5%",0.004629467024013456,1.421158088,19,114.35519636551548
"feedback-resfire-gross","2.5%",0.004629467024013456,1.421158088,20,212.53566820346637
"feedback-resfire-gross","2.5%",0.004629467024013456,1.421158088,21,359.3612909768809
"feedback-resfire-gross","2.5%",0.004629467024013456,1.421158088,22,50.12534943778784
"feedback-resfire-gross","2.5%",0.004629467024013456,1.421158088,23,68.16048963658086
"feedback-resfire-gross","2.5%",0.004629467024013456,1.421158088,24,450.91853780051633
"feedback-resfire-gross","2.5%",0.004629467024013456,1.421158088,25,188.70875529083855
"feedback-resfire-gross","2.5%",0.004629467024013456,1.421158088,26,12.826663719762276
"feedback-resfire-gross","2.5%",0.004629467024013456,1.421158088,27,148.18699438952987
"feedback-resfire-gross","2.5%",0.004629467024013456,1.421158088,28,159.52791066629672
"feedback-resfire-gross","2.5%",0.004629467024013456,1.421158088,29,220.3765940848315
"feedback-resfire-gross","2.5%",0.004629467024013456,1.421158088,30,65.93494088159277
"feedback-resfire-gross","2.5%",0.004629467024013456,1.421158088,31,65.55713438450377
"feedback-resfire-gross","2.5%",0.004629467024013456,1.421158088,32,162.37869106326022
"feedback-resfire-gross","2.5%",0.004629467024013456,1.421158088,33,105.39024708440574
"feedback-resfire-gross","2.5%",0.004629467024013456,1.421158088,34,78.61302380376405
"feedback-resfire-gross","2.5%",0.004629467024013456,1.421158088,35,229.2478901396947
"feedback-resfire-gross","2.5%",0.004629467024013456,1.421158088,36,80.48547393835366
"feedback-resfire-gross","2.5%",0.004629467024013456,1.421158088,37,167.85933285197157
"feedback-resfire-gross","2.5%",0.004629467024013456,1.421158088,38,289.33439770639245
"feedback-resfire-gross","2.5%",0.004629467024013456,1.421158088,39,125.36215295522294
"feedback-resfire-gross","2.5%",0.004629467024013456,1.421158088,40,285.09302751332154
"feedback-resfire-gross","2.5%",0.004629467024013456,1.421158088,41,327.9228498088947
"feedback-resfire-gross","2.5%",0.004629467024013456,1.421158088,42,166.48780125932464
"feedback-resfire-gross","2.5%",0.004629467024013456,1.421158088,43,102.68889623156933
"feedback-resfire-gross","2.5%",0.004629467024013456,1.421158088,44,698.6136744306621
"feedback-resfire-gross","2.5%",0.004629467024013456,1.421158088,45,112.57104964087272
"feedback-resfire-gross","2.5%",0.004629467024013456,1.421158088,46,48.550954488456355
"feedback-resfire-gross","2.5%",0.004629467024013456,1.421158088,47,141.2227780435582
"feedback-resfire-gross","2.5%",0.004629467024013456,1.421158088,48,140.9256218675082
"feedback-resfire-gross","2.5%",0.004629467024013456,1.421158088,49,77.01977500529154
"feedback-resfire-gross","2.5%",0.004629467024013456,1.421158088,50,196.91109642527758
"feedback-resfire-gross","2.5%",0.004629467024013456,1.421158088,51,159.2987948158425
"feedback-resfire-gross","2.5%",0.004629467024013456,1.421158088,52,327.74834313550616
"feedback-resfire-gross","2.5%",0.004629467024013456,1.421158088,53,106.65890917629049
"feedback-resfire-gross","2.5%",0.004629467024013456,1.421158088,54,14.707004239498614
"feedback-resfire-gross","2.5%",0.004629467024013456,1.421158088,55,558.1852249802965
"feedback-resfire-gross","2.5%",0.004629467024013456,1.421158088,56,369.4300128370249
"feedback-resfire-gross","2.5%",0.004629467024013456,1.421158088,57,80.80883474864956
"feedback-resfire-gross","2.5%",0.004629467024013456,1.421158088,58,80.91774317545689
"feedback-resfire-gross","2.5%",0.004629467024013456,1.421158088,59,319.5712266202331
"feedback-resfire-gross","2.5%",0.004629467024013456,1.421158088,60,365.48641086274284
"feedback-resfire-gross","2.5%",0.004629467024013456,1.421158088,61,174.40016175022186
"feedback-resfire-gross","2.5%",0.004629467024013456,1.421158088,62,55.8017786707504
"feedback-resfire-gross","2.5%",0.004629467024013456,1.421158088,63,301.2679654873783
"feedback-resfire-gross","2.5%",0.004629467024013456,1.421158088,64,145.70803222365967
"feedback-resfire-gross","2.5%",0.004629467024013456,1.421158088,65,14.212902975918075
"feedback-resfire-gross","2.5%",0.004629467024013456,1.421158088,66,83.44163618540642
"feedback-resfire-gross","2.5%",0.004629467024013456,1.421158088,67,210.29748138796782
"feedback-resfire-gross","2.5%",0.004629467024013456,1.421158088,68,3499.7415058240526
"feedback-resfire-gross","2.5%",0.004629467024013456,1.421158088,69,74.83816165280905
"feedback-resfire-gross","2.5%",0.004629467024013456,1.421158088,70,145.11228839206836
"feedback-resfire-gross","2.5%",0.004629467024013456,1.421158088,71,68.70559575129259
"feedback-resfire-gross","2.5%",0.004629467024013456,1.421158088,72,344.871379570232
"feedback-resfire-gross","2.5%",0.004629467024013456,1.421158088,73,235.01953120955153
"feedback-resfire-gross","2.5%",0.004629467024013456,1.421158088,74,55.9021936925197
"feedback-resfire-gross","2.5%",0.004629467024013456,1.421158088,75,214.32680299569085
"feedback-resfire-gross","2.5%",0.004629467024013456,1.421158088,76,159.82098004186403
"feedback-resfire-gross","2.5%",0.004629467024013456,1.421158088,77,234.20073467908873
"feedback-resfire-gross","2.5%",0.004629467024013456,1.421158088,78,122.84932387006187
"feedback-resfire-gross","2.5%",0.004629467024013456,1.421158088,79,166.72633800596148
"feedback-resfire-gross","2.5%",0.004629467024013456,1.421158088,80,165.05816647251217
"feedback-resfire-gross","2.5%",0.004629467024013456,1.421158088,81,84.28819999776468
"feedback-resfire-gross","2.5%",0.004629467024013456,1.421158088,82,136.24197629748264
"feedback-resfire-gross","2.5%",0.004629467024013456,1.421158088,83,126.71504603441502
"feedback-resfire-gross","2.5%",0.004629467024013456,1.421158088,84,209.98602323275577
"feedback-resfire-gross","2.5%",0.004629467024013456,1.421158088,85,344.24379593616834
"feedback-resfire-gross","2.5%",0.004629467024013456,1.421158088,86,387.4782449909754
"feedback-resfire-gross","2.5%",0.004629467024013456,1.421158088,87,187.82013862727942
"feedback-resfire-gross","2.5%",0.004629467024013456,1.421158088,88,150.15979953387577
"feedback-resfire-gross","2.5%",0.004629467024013456,1.421158088,89,172.52460255858423
"feedback-resfire-gross","2.5%",0.004629467024013456,1.421158088,90,5.677660537532676
"feedback-resfire-gross","2.5%",0.004629467024013456,1.421158088,91,81.03418431519678
"feedback-resfire-gross","2.5%",0.004629467024013456,1.421158088,92,171.0089202531585
"feedback-resfire-gross","2.5%",0.004629467024013456,1.421158088,93,391.93819488782293
"feedback-resfire-gross","2.5%",0.004629467024013456,1.421158088,94,219.7592877386315
"feedback-resfire-gross","2.5%",0.004629467024013456,1.421158088,95,129.28259939210358
"feedback-resfire-gross","2.5%",0.004629467024013456,1.421158088,96,198.72838829074786
"feedback-resfire-gross","2.5%",0.004629467024013456,1.421158088,97,25.496646109600924
"feedback-resfire-gross","2.5%",0.004629467024013456,1.421158088,98,201.95368790442197
"feedback-resfire-gross","2.5%",0.004629467024013456,1.421158088,99,439.171469858056
"feedback-resfire-gross","2.5%",0.004629467024013456,1.421158088,100,64.05473617797936
"feedback-resfire-gross","2.0%",0.0019745879362491614,1.244458999,1,268.7988361762928
"feedback-resfire-gross","2.0%",0.0019745879362491614,1.244458999,2,750.8546129250066
"feedback-resfire-gross","2.0%",0.0019745879362491614,1.244458999,3,276.1981687306426
"feedback-resfire-gross","2.0%",0.0019745879362491614,1.244458999,4,194.40174983174347
"feedback-resfire-gross","2.0%",0.0019745879362491614,1.244458999,5,763.9106928167404
"feedback-resfire-gross","2.0%",0.0019745879362491614,1.244458999,6,243.9724063332735
"feedback-resfire-gross","2.0%",0.0019745879362491614,1.244458999,7,119.51985026464908
"feedback-resfire-gross","2.0%",0.0019745879362491614,1.244458999,8,559.7407046291421
"feedback-resfire-gross","2.0%",0.0019745879362491614,1.244458999,9,167.89104779078542
"feedback-resfire-gross","2.0%",0.0019745879362491614,1.244458999,10,106.55132770390829
"feedback-resfire-gross","2.0%",0.0019745879362491614,1.244458999,11,1167.3011227058746
"feedback-resfire-gross","2.0%",0.0019745879362491614,1.244458999,12,373.1766894041216
"feedback-resfire-gross","2.0%",0.0019745879362491614,1.244458999,13,244.34589659649367
"feedback-resfire-gross","2.0%",0.0019745879362491614,1.244458999,14,202.34024163474635
"feedback-resfire-gross","2.0%",0.0019745879362491614,1.244458999,15,99.60223993747421
"feedback-resfire-gross","2.0%",0.0019745879362491614,1.244458999,16,180.71352510766252
"feedback-resfire-gross","2.0%",0.0019745879362491614,1.244458999,17,124.92506341998343
"feedback-resfire-gross","2.0%",0.0019745879362491614,1.244458999,18,375.21369505051996
"feedback-resfire-gross","2.0%",0.0019745879362491614,1.244458999,19,214.7479807947157
"feedback-resfire-gross","2.0%",0.0019745879362491614,1.244458999,20,309.82924643325885
"feedback-resfire-gross","2.0%",0.0019745879362491614,1.244458999,21,500.325277662044
"feedback-resfire-gross","2.0%",0.0019745879362491614,1.244458999,22,85.87359684076232
"feedback-resfire-gross","2.0%",0.0019745879362491614,1.244458999,23,181.9867548649181
"feedback-resfire-gross","2.0%",0.0019745879362491614,1.244458999,24,785.334787633953
"feedback-resfire-gross","2.0%",0.0019745879362491614,1.244458999,25,340.49533843750106
"feedback-resfire-gross","2.0%",0.0019745879362491614,1.244458999,26,35.37610918644484
"feedback-resfire-gross","2.0%",0.0019745879362491614,1.244458999,27,211.42795973848098
"feedback-resfire-gross","2.0%",0.0019745879362491614,1.244458999,28,311.0797792037012
"feedback-resfire-gross","2.0%",0.0019745879362491614,1.244458999,29,347.0226427351667
"feedback-resfire-gross","2.0%",0.0019745879362491614,1.244458999,30,118.91136152628171
"feedback-resfire-gross","2.0%",0.0019745879362491614,1.244458999,31,127.29142655842335
"feedback-resfire-gross","2.0%",0.0019745879362491614,1.244458999,32,218.95302456385568
"feedback-resfire-gross","2.0%",0.0019745879362491614,1.244458999,33,166.46624970010987
"feedback-resfire-gross","2.0%",0.0019745879362491614,1.244458999,34,178.0091684526273
"feedback-resfire-gross","2.0%",0.0019745879362491614,1.244458999,35,375.7366016237685
"feedback-resfire-gross","2.0%",0.0019745879362491614,1.244458999,36,137.75499804885771
"feedback-resfire-gross","2.0%",0.0019745879362491614,1.244458999,37,249.76081519249433
"feedback-resfire-gross","2.0%",0.0019745879362491614,1.244458999,38,413.57499332317457
"feedback-resfire-gross","2.0%",0.0019745879362491614,1.244458999,39,179.05527976730158
"feedback-resfire-gross","2.0%",0.0019745879362491614,1.244458999,40,463.15189481556837
"feedback-resfire-gross","2.0%",0.0019745879362491614,1.244458999,41,598.5588934104062
"feedback-resfire-gross","2.0%",0.0019745879362491614,1.244458999,42,292.64567263157403
"feedback-resfire-gross","2.0%",0.0019745879362491614,1.244458999,43,187.4673817465145
"feedback-resfire-gross","2.0%",0.0019745879362491614,1.244458999,44,997.65908434538
"feedback-resfire-gross","2.0%",0.0019745879362491614,1.244458999,45,222.32278655917585
"feedback-resfire-gross","2.0%",0.0019745879362491614,1.244458999,46,102.0983658202298
"feedback-resfire-gross","2.0%",0.0019745879362491614,1.244458999,47,246.97899005018044
"feedback-resfire-gross","2.0%",0.0019745879362491614,1.244458999,48,192.62159212658676
"feedback-resfire-gross","2.0%",0.0019745879362491614,1.244458999,49,152.23074053695862
"feedback-resfire-gross","2.0%",0.0019745879362491614,1.244458999,50,326.37674676233195
"feedback-resfire-gross","2.0%",0.0019745879362491614,1.244458999,51,239.38673764012384
"feedback-resfire-gross","2.0%",0.0019745879362491614,1.244458999,52,531.0075671630143
"feedback-resfire-gross","2.0%",0.0019745879362491614,1.244458999,53,199.47122574194262
"feedback-resfire-gross","2.0%",0.0019745879362491614,1.244458999,54,42.68119923042823
"feedback-resfire-gross","2.0%",0.0019745879362491614,1.244458999,55,840.0338978878228
"feedback-resfire-gross","2.0%",0.0019745879362491614,1.244458999,56,523.6656348438701
"feedback-resfire-gross","2.0%",0.0019745879362491614,1.244458999,57,163.39238275118933
"feedback-resfire-gross","2.0%",0.0019745879362491614,1.244458999,58,144.37639775551196
"feedback-resfire-gross","2.0%",0.0019745879362491614,1.244458999,59,479.5377700154301
"feedback-resfire-gross","2.0%",0.0019745879362491614,1.244458999,60,626.6005347374021
"feedback-resfire-gross","2.0%",0.0019745879362491614,1.244458999,61,268.69547398081795
"feedback-resfire-gross","2.0%",0.0019745879362491614,1.244458999,62,130.43098374207295
"feedback-resfire-gross","2.0%",0.0019745879362491614,1.244458999,63,397.6894177162783
"feedback-resfire-gross","2.0%",0.0019745879362491614,1.244458999,64,247.3430415609905
"feedback-resfire-gross","2.0%",0.0019745879362491614,1.244458999,65,41.6156514007578
"feedback-resfire-gross","2.0%",0.0019745879362491614,1.244458999,66,143.97276812896126
"feedback-resfire-gross","2.0%",0.0019745879362491614,1.244458999,67,364.1031040062354
"feedback-resfire-gross","2.0%",0.0019745879362491614,1.244458999,68,4043.629724855177
"feedback-resfire-gross","2.0%",0.0019745879362491614,1.244458999,69,126.53224695462109
"feedback-resfire-gross","2.0%",0.0019745879362491614,1.244458999,70,227.463127360528
"feedback-resfire-gross","2.0%",0.0019745879362491614,1.244458999,71,118.58450291314068
"feedback-resfire-gross","2.0%",0.0019745879362491614,1.244458999,72,622.3163660399189
"feedback-resfire-gross","2.0%",0.0019745879362491614,1.244458999,73,371.36055129833926
"feedback-resfire-gross","2.0%",0.0019745879362491614,1.244458999,74,114.05641320126826
"feedback-resfire-gross","2.0%",0.0019745879362491614,1.244458999,75,379.97753869493994
"feedback-resfire-gross","2.0%",0.0019745879362491614,1.244458999,76,302.6622985819155
"feedback-resfire-gross","2.0%",0.0019745879362491614,1.244458999,77,439.04746088815256
"feedback-resfire-gross","2.0%",0.0019745879362491614,1.244458999,78,191.9599820073866
"feedback-resfire-gross","2.0%",0.0019745879362491614,1.244458999,79,283.8489208540209
"feedback-resfire-gross","2.0%",0.0019745879362491614,1.244458999,80,286.4350524239665
"feedback-resfire-gross","2.0%",0.0019745879362491614,1.244458999,81,147.9519337803936
"feedback-resfire-gross","2.0%",0.0019745879362491614,1.244458999,82,239.379430897059
"feedback-resfire-gross","2.0%",0.0019745879362491614,1.244458999,83,246.75429015582463
"feedback-resfire-gross","2.0%",0.0019745879362491614,1.244458999,84,362.5544413699909
"feedback-resfire-gross","2.0%",0.0019745879362491614,1.244458999,85,510.3105399695028
"feedback-resfire-gross","2.0%",0.0019745879362491614,1.244458999,86,585.1815268619306
"feedback-resfire-gross","2.0%",0.0019745879362491614,1.244458999,87,303.6497615074784
"feedback-resfire-gross","2.0%",0.0019745879362491614,1.244458999,88,283.26657165719524
"feedback-resfire-gross","2.0%",0.0019745879362491614,1.244458999,89,312.0475830711718
"feedback-resfire-gross","2.0%",0.0019745879362491614,1.244458999,90,17.339749539050235
"feedback-resfire-gross","2.0%",0.0019745879362491614,1.244458999,91,148.3390134940348
"feedback-resfire-gross","2.0%",0.0019745879362491614,1.244458999,92,307.8292648489431
"feedback-resfire-gross","2.0%",0.0019745879362491614,1.244458999,93,625.9430834616115
"feedback-resfire-gross","2.0%",0.0019745879362491614,1.244458999,94,333.49198353212984
"feedback-resfire-gross","2.0%",0.0019745879362491614,1.244458999,95,206.09905681298656
"feedback-resfire-gross","2.0%",0.0019745879362491614,1.244458999,96,292.5832516527645
"feedback-resfire-gross","2.0%",0.0019745879362491614,1.244458999,97,60.97931268031366
"feedback-resfire-gross","2.0%",0.0019745879362491614,1.244458999,98,366.93754719573184
"feedback-resfire-gross","2.0%",0.0019745879362491614,1.244458999,99,787.9668389465666
"feedback-resfire-gross","2.0%",0.0019745879362491614,1.244458999,100,116.04087826695273
"feedback-resfire-gross","3.0%",0.007732453194507549,1.567899391,1,130.9151752389071
"feedback-resfire-gross","3.0%",0.007732453194507549,1.567899391,2,252.2861981407711
"feedback-resfire-gross","3.0%",0.007732453194507549,1.567899391,3,72.57590689014702
"feedback-resfire-gross","3.0%",0.007732453194507549,1.567899391,4,77.20082421871206
"feedback-resfire-gross","3.0%",0.007732453194507549,1.567899391,5,237.09837386813334
"feedback-resfire-gross","3.0%",0.007732453194507549,1.567899391,6,120.32284687853077
"feedback-resfire-gross","3.0%",0.007732453194507549,1.567899391,7,36.5262694171995
"feedback-resfire-gross","3.0%",0.007732453194507549,1.567899391,8,315.2154123216111
"feedback-resfire-gross","3.0%",0.007732453194507549,1.567899391,9,66.36735960653174
"feedback-resfire-gross","3.0%",0.007732453194507549,1.567899391,10,26.324571977951077
"feedback-resfire-gross","3.0%",0.007732453194507549,1.567899391,11,434.36669503186755
"feedback-resfire-gross","3.0%",0.007732453194507549,1.567899391,12,119.74753272528817
"feedback-resfire-gross","3.0%",0.007732453194507549,1.567899391,13,83.87522658084224
"feedback-resfire-gross","3.0%",0.007732453194507549,1.567899391,14,54.69171219523904
"feedback-resfire-gross","3.0%",0.007732453194507549,1.567899391,15,12.762301641771717
"feedback-resfire-gross","3.0%",0.007732453194507549,1.567899391,16,60.17641788337013
"feedback-resfire-gross","3.0%",0.007732453194507549,1.567899391,17,33.031615554090486
"feedback-resfire-gross","3.0%",0.007732453194507549,1.567899391,18,177.88283527475699
"feedback-resfire-gross","3.0%",0.007732453194507549,1.567899391,19,74.0743993459704
"feedback-resfire-gross","3.0%",0.007732453194507549,1.567899391,20,151.53452200037069
"feedback-resfire-gross","3.0%",0.007732453194507549,1.567899391,21,253.9393784074173
"feedback-resfire-gross","3.0%",0.007732453194507549,1.567899391,22,29.5307903932765
"feedback-resfire-gross","3.0%",0.007732453194507549,1.567899391,23,28.294863772569087
"feedback-resfire-gross","3.0%",0.007732453194507549,1.567899391,24,284.3750719619908
"feedback-resfire-gross","3.0%",0.007732453194507549,1.567899391,25,106.33247117435216
"feedback-resfire-gross","3.0%",0.007732453194507549,1.567899391,26,3.9167707301662156
"feedback-resfire-gross","3.0%",0.007732453194507549,1.567899391,27,107.80763586102906
"feedback-resfire-gross","3.0%",0.007732453194507549,1.567899391,28,92.21900398433483
"feedback-resfire-gross","3.0%",0.007732453194507549,1.567899391,29,146.7989232589282
"feedback-resfire-gross","3.0%",0.007732453194507549,1.567899391,30,38.67874348022928
"feedback-resfire-gross","3.0%",0.007732453194507549,1.567899391,31,37.51731526378589
"feedback-resfire-gross","3.0%",0.007732453194507549,1.567899391,32,123.5450286512535
"feedback-resfire-gross","3.0%",0.007732453194507549,1.567899391,33,70.93320659464425
"feedback-resfire-gross","3.0%",0.007732453194507549,1.567899391,34,41.829327328299684
"feedback-resfire-gross","3.0%",0.007732453194507549,1.567899391,35,140.820394838191
"feedback-resfire-gross","3.0%",0.007732453194507549,1.567899391,36,53.43541359043801
"feedback-resfire-gross","3.0%",0.007732453194507549,1.567899391,37,119.17717508849596
"feedback-resfire-gross","3.0%",0.007732453194507549,1.567899391,38,212.35406798200583
"feedback-resfire-gross","3.0%",0.007732453194507549,1.567899391,39,89.93772331426489
"feedback-resfire-gross","3.0%",0.007732453194507549,1.567899391,40,175.55917003336702
"feedback-resfire-gross","3.0%",0.007732453194507549,1.567899391,41,179.73763089834497
"feedback-resfire-gross","3.0%",0.007732453194507549,1.567899391,42,105.93314469309831
"feedback-resfire-gross","3.0%",0.007732453194507549,1.567899391,43,66.83391251730826
"feedback-resfire-gross","3.0%",0.007732453194507549,1.567899391,44,485.20522494444333
"feedback-resfire-gross","3.0%",0.007732453194507549,1.567899391,45,59.78259275529152
"feedback-resfire-gross","3.0%",0.007732453194507549,1.567899391,46,27.865038091969833
"feedback-resfire-gross","3.0%",0.007732453194507549,1.567899391,47,87.8795638334511
"feedback-resfire-gross","3.0%",0.007732453194507549,1.567899391,48,102.27351700679328
"feedback-resfire-gross","3.0%",0.007732453194507549,1.567899391,49,48.10285057494759
"feedback-resfire-gross","3.0%",0.007732453194507549,1.567899391,50,125.33528769922401
"feedback-resfire-gross","3.0%",0.007732453194507549,1.567899391,51,107.76810429980432
"feedback-resfire-gross","3.0%",0.007732453194507549,1.567899391,52,219.47468791997187
"feedback-resfire-gross","3.0%",0.007732453194507549,1.567899391,53,63.686623579340726
"feedback-resfire-gross","3.0%",0.007732453194507549,1.567899391,54,3.719856102053099
"feedback-resfire-gross","3.0%",0.007732453194507549,1.567899391,55,377.2710082809489
"feedback-resfire-gross","3.0%",0.007732453194507549,1.567899391,56,260.98391133998325
"feedback-resfire-gross","3.0%",0.007732453194507549,1.567899391,57,47.097904110816515
"feedback-resfire-gross","3.0%",0.007732453194507549,1.567899391,58,46.410803597606126
"feedback-resfire-gross","3.0%",0.007732453194507549,1.567899391,59,223.10234647079741
"feedback-resfire-gross","3.0%",0.007732453194507549,1.567899391,60,219.34781395645086
"feedback-resfire-gross","3.0%",0.007732453194507549,1.567899391,61,118.67731373155767
"feedback-resfire-gross","3.0%",0.007732453194507549,1.567899391,62,33.41489041657741
"feedback-resfire-gross","3.0%",0.007732453194507549,1.567899391,63,221.42816615630613
"feedback-resfire-gross","3.0%",0.007732453194507549,1.567899391,64,94.38901104776643
"feedback-resfire-gross","3.0%",0.007732453194507549,1.567899391,65,4.435991836841818
"feedback-resfire-gross","3.0%",0.007732453194507549,1.567899391,66,53.77050513722871
"feedback-resfire-gross","3.0%",0.007732453194507549,1.567899391,67,130.62355841869754
"feedback-resfire-gross","3.0%",0.007732453194507549,1.567899391,68,2647.1922681119418
"feedback-resfire-gross","3.0%",0.007732453194507549,1.567899391,69,50.06804175996494
"feedback-resfire-gross","3.0%",0.007732453194507549,1.567899391,70,100.468196145342
"feedback-resfire-gross","3.0%",0.007732453194507549,1.567899391,71,46.903248961641154
"feedback-resfire-gross","3.0%",0.007732453194507549,1.567899391,72,200.53543795972692
"feedback-resfire-gross","3.0%",0.007732453194507549,1.567899391,73,157.04749434048014
"feedback-resfire-gross","3.0%",0.007732453194507549,1.567899391,74,34.12929248442475
"feedback-resfire-gross","3.0%",0.007732453194507549,1.567899391,75,127.13125303394966
"feedback-resfire-gross","3.0%",0.007732453194507549,1.567899391,76,84.77669630913421
"feedback-resfire-gross","3.0%",0.007732453194507549,1.567899391,77,128.31182936605722
"feedback-resfire-gross","3.0%",0.007732453194507549,1.567899391,78,78.13041390505965
"feedback-resfire-gross","3.0%",0.007732453194507549,1.567899391,79,110.03453921482885
"feedback-resfire-gross","3.0%",0.007732453194507549,1.567899391,80,98.3164302529186
"feedback-resfire-gross","3.0%",0.007732453194507549,1.567899391,81,49.39010366489723
"feedback-resfire-gross","3.0%",0.007732453194507549,1.567899391,82,80.81777169044479
"feedback-resfire-gross","3.0%",0.007732453194507549,1.567899391,83,68.48398090457934
"feedback-resfire-gross","3.0%",0.007732453194507549,1.567899391,84,113.4026410399115
"feedback-resfire-gross","3.0%",0.007732453194507549,1.567899391,85,246.41855671977396
"feedback-resfire-gross","3.0%",0.007732453194507549,1.567899391,86,265.6004138197456
"feedback-resfire-gross","3.0%",0.007732453194507549,1.567899391,87,121.1237029333048
"feedback-resfire-gross","3.0%",0.007732453194507549,1.567899391,88,82.97527316478947
"feedback-resfire-gross","3.0%",0.007732453194507549,1.567899391,89,101.90292731164192
"feedback-resfire-gross","3.0%",0.007732453194507549,1.567899391,90,-0.003749359054339345
"feedback-resfire-gross","3.0%",0.007732453194507549,1.567899391,91,48.75005189228043
"feedback-resfire-gross","3.0%",0.007732453194507549,1.567899391,92,99.22042730324921
"feedback-resfire-gross","3.0%",0.007732453194507549,1.567899391,93,264.32642528481415
"feedback-resfire-gross","3.0%",0.007732453194507549,1.567899391,94,143.52356593245972
"feedback-resfire-gross","3.0%",0.007732453194507549,1.567899391,95,90.14629502487264
"feedback-resfire-gross","3.0%",0.007732453194507549,1.567899391,96,138.66053534853626
"feedback-resfire-gross","3.0%",0.007732453194507549,1.567899391,97,13.31395864380628
"feedback-resfire-gross","3.0%",0.007732453194507549,1.567899391,98,122.4649750700904
"feedback-resfire-gross","3.0%",0.007732453194507549,1.567899391,99,256.70437632355083
"feedback-resfire-gross","3.0%",0.007732453194507549,1.567899391,100,38.0679504440442
