esm_id,member_id,scenario,variable,dataset_id,dataset_name,dataset_version,file_id,file_name,file_start_year,file_end_year,size_bytes,sha512,file_url,rights,public,restricted
gfdl-esm4,r1i1p1f1,ssp126,pr,24cb1007-3c96-4b59-a0dc-42d94a8cff8c,gfdl-esm4_r1i1p1f1_w5e5_ssp126_pr_global_daily,20210512,4e159040-3a67-4626-ab24-262471211c39,gfdl-esm4_r1i1p1f1_w5e5_ssp126_pr_global_daily_2015_2020.nc,2015,2020,1244010374,c6cd1f38929c6b33fe0b3d51f63277cf942731566567b0098c53a1b89287a92674795920683b8400e64f8b3750748c8207a2076b2939916182b3f17b76fed6f4,https://files.isimip.org/ISIMIP3b/InputData/climate/atmosphere/bias-adjusted/global/daily/ssp126/GFDL-ESM4/gfdl-esm4_r1i1p1f1_w5e5_ssp126_pr_global_daily_2015_2020.nc,CC0 1.0,true,false
gfdl-esm4,r1i1p1f1,ssp126,pr,24cb1007-3c96-4b59-a0dc-42d94a8cff8c,gfdl-esm4_r1i1p1f1_w5e5_ssp126_pr_global_daily,20210512,cf3d953a-f6d9-49cb-962f-257b751d1d35,gfdl-esm4_r1i1p1f1_w5e5_ssp126_pr_global_daily_2021_2030.nc,2021,2030,2082578141,175328422cc2a0684f2ffba43b9a9aa1ede466d9d4ff9bcfdf81bb215c02159b5342f3a08e71f7cab964d0785b23469f3ec53a4bba6edf416e2bc54e5a3df5ca,https://files.isimip.org/ISIMIP3b/InputData/climate/atmosphere/bias-adjusted/global/daily/ssp126/GFDL-ESM4/gfdl-esm4_r1i1p1f1_w5e5_ssp126_pr_global_daily_2021_2030.nc,CC0 1.0,true,false
gfdl-esm4,r1i1p1f1,ssp126,pr,24cb1007-3c96-4b59-a0dc-42d94a8cff8c,gfdl-esm4_r1i1p1f1_w5e5_ssp126_pr_global_daily,20210512,8929f6f9-729e-4901-86ae-91a658d44924,gfdl-esm4_r1i1p1f1_w5e5_ssp126_pr_global_daily_2031_2040.nc,2031,2040,2073392185,ba61c35017853cfcb5aa4d111fa1240073fd45d101a4f69910993244c110b4682e290e492750c766b3371c83b5a35a9909181334d8d0052ef0f5dcf62eae0f33,https://files.isimip.org/ISIMIP3b/InputData/climate/atmosphere/bias-adjusted/global/daily/ssp126/GFDL-ESM4/gfdl-esm4_r1i1p1f1_w5e5_ssp126_pr_global_daily_2031_2040.nc,CC0 1.0,true,false
gfdl-esm4,r1i1p1f1,ssp126,pr,24cb1007-3c96-4b59-a0dc-42d94a8cff8c,gfdl-esm4_r1i1p1f1_w5e5_ssp126_pr_global_daily,20210512,1c590e23-31e7-4475-bde9-8eca462c4b3b,gfdl-esm4_r1i1p1f1_w5e5_ssp126_pr_global_daily_2041_2050.nc,2041,2050,2076388276,678cebcb61930c5d4aa17ab7e8ab2cb5b4c5c1d89c8467d23c2bdc67df09214124ab1720e5742eaef513493afb7084fd0afc97a24b6b2773657b0c579f361f61,https://files.isimip.org/ISIMIP3b/InputData/climate/atmosphere/bias-adjusted/global/daily/ssp126/GFDL-ESM4/gfdl-esm4_r1i1p1f1_w5e5_ssp126_pr_global_daily_2041_2050.nc,CC0 1.0,true,false
gfdl-esm4,r1i1p1f1,ssp126,pr,24cb1007-3c96-4b59-a0dc-42d94a8cff8c,gfdl-esm4_r1i1p1f1_w5e5_ssp126_pr_global_daily,20210512,1897cb72-a5f5-4385-ba0b-f3f7c419bb81,gfdl-esm4_r1i1p1f1_w5e5_ssp126_pr_global_daily_2051_2060.nc,2051,2060,2076225131,924563a0834dd49a68563fc165dd5230b6ea50d02db3ef113159436fdef005b1fe228fae866c46fad112bb4127b78a8f5389d3afe7c17113a4bb81023819564c,https://files.isimip.org/ISIMIP3b/InputData/climate/atmosphere/bias-adjusted/global/daily/ssp126/GFDL-ESM4/gfdl-esm4_r1i1p1f1_w5e5_ssp126_pr_global_daily_2051_2060.nc,CC0 1.0,true,false
gfdl-esm4,r1i1p1f1,ssp126,pr,24cb1007-3c96-4b59-a0dc-42d94a8cff8c,gfdl-esm4_r1i1p1f1_w5e5_ssp126_pr_global_daily,20210512,5f85e0ea-e759-4aa3-b925-eec473f315ce,gfdl-esm4_r1i1p1f1_w5e5_ssp126_pr_global_daily_2061_2070.nc,2061,2070,2074152486,697969ca45feea1b56f4a8ca579c5fd92a8dd682c4df891416082f44e8a3e5077f0ec303213f927f794805666a18a6f9b0d0f8301bff685607ae0a3e38745b91,https://files.isimip.org/ISIMIP3b/InputData/climate/atmosphere/bias-adjusted/global/daily/ssp126/GFDL-ESM4/gfdl-esm4_r1i1p1f1_w5e5_ssp126_pr_global_daily_2061_2070.nc,CC0 1.0,true,false
gfdl-esm4,r1i1p1f1,ssp126,pr,24cb1007-3c96-4b59-a0dc-42d94a8cff8c,gfdl-esm4_r1i1p1f1_w5e5_ssp126_pr_global_daily,20210512,5e959383-ee2a-4c7b-a485-8b8b2a3308de,gfdl-esm4_r1i1p1f1_w5e5_ssp126_pr_global_daily_2071_2080.nc,2071,2080,2082935559,6cef1a5f83ca46b119ebbed82383e374f0185aa5a567cc55515adb7db69eb41a5b28c9d3a17c4410736c97d63cc67e08d35eac5cf08c854d58d7c6a035ff98e8,https://files.isimip.org/ISIMIP3b/InputData/climate/atmosphere/bias-adjusted/global/daily/ssp126/GFDL-ESM4/gfdl-esm4_r1i1p1f1_w5e5_ssp126_pr_global_daily_2071_2080.nc,CC0 1.0,true,false
gfdl-esm4,r1i1p1f1,ssp126,pr,24cb1007-3c96-4b59-a0dc-42d94a8cff8c,gfdl-esm4_r1i1p1f1_w5e5_ssp126_pr_global_daily,20210512,8158c0b5-770c-4393-8abc-1e98efe06717,gfdl-esm4_r1i1p1f1_w5e5_ssp126_pr_global_daily_2081_2090.nc,2081,2090,2078499076,8b113d0409e50e956513e2d0a905fdb68dc3e63ed0749928a1f368a709d0decdb7d12053a2b15e18023a69c6d8e1ac1b586e5fc87abf37236ff1405458d17eeb,https://files.isimip.org/ISIMIP3b/InputData/climate/atmosphere/bias-adjusted/global/daily/ssp126/GFDL-ESM4/gfdl-esm4_r1i1p1f1_w5e5_ssp126_pr_global_daily_2081_2090.nc,CC0 1.0,true,false
gfdl-esm4,r1i1p1f1,ssp126,pr,24cb1007-3c96-4b59-a0dc-42d94a8cff8c,gfdl-esm4_r1i1p1f1_w5e5_ssp126_pr_global_daily,20210512,e78d23ef-47b8-4deb-b46e-d56e9863d31e,gfdl-esm4_r1i1p1f1_w5e5_ssp126_pr_global_daily_2091_2100.nc,2091,2100,2077308090,29cd92d35e82d5da21773ce32fff8c61bdc8e1e34121001843e73aaf610c4a77d51098ba5119e9e8826f534ce89dace5bda355ffa0b5ebca510482ffae8d1ffc,https://files.isimip.org/ISIMIP3b/InputData/climate/atmosphere/bias-adjusted/global/daily/ssp126/GFDL-ESM4/gfdl-esm4_r1i1p1f1_w5e5_ssp126_pr_global_daily_2091_2100.nc,CC0 1.0,true,false
gfdl-esm4,r1i1p1f1,ssp126,tas,f741da2d-9d21-4c86-be9b-484396303e33,gfdl-esm4_r1i1p1f1_w5e5_ssp126_tas_global_daily,20210512,361503f2-619a-4abd-a14f-5eb45aefb7fc,gfdl-esm4_r1i1p1f1_w5e5_ssp126_tas_global_daily_2015_2020.nc,2015,2020,1234409371,cef52ec9b2f24faedf27670434c54dae5a1b30cffbc673e6cbe842786800962214404fb9c89f4c3be15cef7f7e4ecee65cf1a2b91cbdede745ff64abf4cf6fee,https://files.isimip.org/ISIMIP3b/InputData/climate/atmosphere/bias-adjusted/global/daily/ssp126/GFDL-ESM4/gfdl-esm4_r1i1p1f1_w5e5_ssp126_tas_global_daily_2015_2020.nc,CC0 1.0,true,false
gfdl-esm4,r1i1p1f1,ssp126,tas,f741da2d-9d21-4c86-be9b-484396303e33,gfdl-esm4_r1i1p1f1_w5e5_ssp126_tas_global_daily,20210512,66f8e9ca-6349-426e-b897-c76b807b7c6e,gfdl-esm4_r1i1p1f1_w5e5_ssp126_tas_global_daily_2021_2030.nc,2021,2030,2053016493,8823e5ae1069dc113d61d3d23cc207fd3cde2291e5f45e81912773fa81453e9e606ce743fda4c2f0e28042604141f16e978c48975f9d98e57526903997fa67b7,https://files.isimip.org/ISIMIP3b/InputData/climate/atmosphere/bias-adjusted/global/daily/ssp126/GFDL-ESM4/gfdl-esm4_r1i1p1f1_w5e5_ssp126_tas_global_daily_2021_2030.nc,CC0 1.0,true,false
gfdl-esm4,r1i1p1f1,ssp126,tas,f741da2d-9d21-4c86-be9b-484396303e33,gfdl-esm4_r1i1p1f1_w5e5_ssp126_tas_global_daily,20210512,03380b9a-0131-405a-afa4-7894f764c3d5,gfdl-esm4_r1i1p1f1_w5e5_ssp126_tas_global_daily_2031_2040.nc,2031,2040,2053302613,35ef87ddeb32b763aa4345400233be4ba883fc0086562e7783d7c1c5192af947d4ee32d0935494b92eb16d67497783629cf82bf1ad536a5113621130a556055a,https://files.isimip.org/ISIMIP3b/InputData/climate/atmosphere/bias-adjusted/global/daily/ssp126/GFDL-ESM4/gfdl-esm4_r1i1p1f1_w5e5_ssp126_tas_global_daily_2031_2040.nc,CC0 1.0,true,false
gfdl-esm4,r1i1p1f1,ssp126,tas,f741da2d-9d21-4c86-be9b-484396303e33,gfdl-esm4_r1i1p1f1_w5e5_ssp126_tas_global_daily,20210512,827f5957-05a5-4205-8bcb-a593a2c323b5,gfdl-esm4_r1i1p1f1_w5e5_ssp126_tas_global_daily_2041_2050.nc,2041,2050,2052378930,3f6caf0e1f7bdee50ab7d89e7c033739e94da3aa1cc9082643d8a380f9dd915b073fb478344e53e338cb7d3738a94e0de698fade39b003e516e0fb1f1090e090,https://files.isimip.org/ISIMIP3b/InputData/climate/atmosphere/bias-adjusted/global/daily/ssp126/GFDL-ESM4/gfdl-esm4_r1i1p1f1_w5e5_ssp126_tas_global_daily_2041_2050.nc,CC0 1.0,true,false
gfdl-esm4,r1i1p1f1,ssp126,tas,f741da2d-9d21-4c86-be9b-484396303e33,gfdl-esm4_r1i1p1f1_w5e5_ssp126_tas_global_daily,20210512,235b4b8b-c141-4c0a-8b14-a46b72c234e6,gfdl-esm4_r1i1p1f1_w5e5_ssp126_tas_global_daily_2051_2060.nc,2051,2060,2053021365,a4cd47dbf2ecf6c1f439c67a02ff23b4a51ec9d99cd119b8ae00ae8e04e7012e5623faf6d265c306a4988a86d762b1dffc79cd915dd2f4b00dd0178965ed545b,https://files.isimip.org/ISIMIP3b/InputData/climate/atmosphere/bias-adjusted/global/daily/ssp126/GFDL-ESM4/gfdl-esm4_r1i1p1f1_w5e5_ssp126_tas_global_daily_2051_2060.nc,CC0 1.0,true,false
gfdl-esm4,r1i1p1f1,ssp126,tas,f741da2d-9d21-4c86-be9b-484396303e33,gfdl-esm4_r1i1p1f1_w5e5_ssp126_tas_global_daily,20210512,fbcb8332-d892-4e13-b7a6-6ce89260698e,gfdl-esm4_r1i1p1f1_w5e5_ssp126_tas_global_daily_2061_2070.nc,2061,2070,2052338322,674a78c53cae25801ea9a1023fa38d4c6ccfcf500c11d7d1d0d7a64216fc3664ec88c0c1bcdfdbbbb5eee9dd10eeef0a72ddda3631b3dd4ad4493b61ed61bb12,https://files.isimip.org/ISIMIP3b/InputData/climate/atmosphere/bias-adjusted/global/daily/ssp126/GFDL-ESM4/gfdl-esm4_r1i1p1f1_w5e5_ssp126_tas_global_daily_2061_2070.nc,CC0 1.0,true,false
gfdl-esm4,r1i1p1f1,ssp126,tas,f741da2d-9d21-4c86-be9b-484396303e33,gfdl-esm4_r1i1p1f1_w5e5_ssp126_tas_global_daily,20210512,ed3a270e-16f2-4e1e-ad91-91d832ef40fd,gfdl-esm4_r1i1p1f1_w5e5_ssp126_tas_global_daily_2071_2080.nc,2071,2080,2053256140,f3652475168ae1ac6fd8b843943d2bcbb637dda7d7a0be45ad24b4d35120d2f62fda7086ea25a119379b1c2721875f3ae507f582f145a3c513403a79522b23e4,https://files.isimip.org/ISIMIP3b/InputData/climate/atmosphere/bias-adjusted/global/daily/ssp126/GFDL-ESM4/gfdl-esm4_r1i1p1f1_w5e5_ssp126_tas_global_daily_2071_2080.nc,CC0 1.0,true,false
gfdl-esm4,r1i1p1f1,ssp126,tas,f741da2d-9d21-4c86-be9b-484396303e33,gfdl-esm4_r1i1p1f1_w5e5_ssp126_tas_global_daily,20210512,f4f575c6-83e9-49fb-b7f6-97703e79c775,gfdl-esm4_r1i1p1f1_w5e5_ssp126_tas_global_daily_2081_2090.nc,2081,2090,2052827466,6f1173811a1461614391e0e0f42f48f79df1afad9197a613dcf5001bf86e464cce4811d15f3eb1ab163f056fc0e218c6bc58f8fcc8439ab5f869ba3504f8fa8d,https://files.isimip.org/ISIMIP3b/InputData/climate/atmosphere/bias-adjusted/global/daily/ssp126/GFDL-ESM4/gfdl-esm4_r1i1p1f1_w5e5_ssp126_tas_global_daily_2081_2090.nc,CC0 1.0,true,false
gfdl-esm4,r1i1p1f1,ssp126,tas,f741da2d-9d21-4c86-be9b-484396303e33,gfdl-esm4_r1i1p1f1_w5e5_ssp126_tas_global_daily,20210512,145820f3-eaf1-4279-a8e2-2ccbe3938fe3,gfdl-esm4_r1i1p1f1_w5e5_ssp126_tas_global_daily_2091_2100.nc,2091,2100,2052768795,8fb466dabda38408f79a913678477cb51a3de2d812a7f6a6e6221325551638d88489002185381d1c75843ed4d6ef3f8e2b67e6f39361b8e2474379a7761aeefa,https://files.isimip.org/ISIMIP3b/InputData/climate/atmosphere/bias-adjusted/global/daily/ssp126/GFDL-ESM4/gfdl-esm4_r1i1p1f1_w5e5_ssp126_tas_global_daily_2091_2100.nc,CC0 1.0,true,false
gfdl-esm4,r1i1p1f1,ssp370,pr,5fe132b1-6f3e-4a9d-a613-ac3752109e03,gfdl-esm4_r1i1p1f1_w5e5_ssp370_pr_global_daily,20210512,85122afe-a3e9-498e-a703-bb0483ba0c46,gfdl-esm4_r1i1p1f1_w5e5_ssp370_pr_global_daily_2015_2020.nc,2015,2020,1242553767,7a357c17e9f3a27e672b79396da46d03f515957863dc623fca27bb7aaf849afe93d5eb2b4e7e46334a91dcecf9f8ea99e260f1de48cae1a971974e7e5eb26a92,https://files.isimip.org/ISIMIP3b/InputData/climate/atmosphere/bias-adjusted/global/daily/ssp370/GFDL-ESM4/gfdl-esm4_r1i1p1f1_w5e5_ssp370_pr_global_daily_2015_2020.nc,CC0 1.0,true,false
gfdl-esm4,r1i1p1f1,ssp370,pr,5fe132b1-6f3e-4a9d-a613-ac3752109e03,gfdl-esm4_r1i1p1f1_w5e5_ssp370_pr_global_daily,20210512,5c9fabdf-839b-4671-9443-5a402b6f025b,gfdl-esm4_r1i1p1f1_w5e5_ssp370_pr_global_daily_2021_2030.nc,2021,2030,2072628648,7be54706628b30027b12000fd2a6b666ffdba86cee4ea87cd51db3748451afe39f1d32a7363f32b38ae4e6b34e133e364e264969b7ad8a700b92102e9eb42b05,https://files.isimip.org/ISIMIP3b/InputData/climate/atmosphere/bias-adjusted/global/daily/ssp370/GFDL-ESM4/gfdl-esm4_r1i1p1f1_w5e5_ssp370_pr_global_daily_2021_2030.nc,CC0 1.0,true,false
gfdl-esm4,r1i1p1f1,ssp370,pr,5fe132b1-6f3e-4a9d-a613-ac3752109e03,gfdl-esm4_r1i1p1f1_w5e5_ssp370_pr_global_daily,20210512,9c631bd3-5342-4773-bfe6-5097badf1d60,gfdl-esm4_r1i1p1f1_w5e5_ssp370_pr_global_daily_2031_2040.nc,2031,2040,2063295260,8e2e5075b3498e7305aac652dc03720b4460b90eb766376c5fe6565b6c106431991a5eabe7e6562835b765090cbaec20132b3fb01b9a5556e8345d8d6bd44c96,https://files.isimip.org/ISIMIP3b/InputData/climate/atmosphere/bias-adjusted/global/daily/ssp370/GFDL-ESM4/gfdl-esm4_r1i1p1f1_w5e5_ssp370_pr_global_daily_2031_2040.nc,CC0 1.0,true,false
gfdl-esm4,r1i1p1f1,ssp370,pr,5fe132b1-6f3e-4a9d-a613-ac3752109e03,gfdl-esm4_r1i1p1f1_w5e5_ssp370_pr_global_daily,20210512,c954e0ed-64d9-434e-9629-b1503854848d,gfdl-esm4_r1i1p1f1_w5e5_ssp370_pr_global_daily_2041_2050.nc,2041,2050,2069328622,ed616c7c7d903c33cadf2a3e1580e084375723816d3538a03ad8a52df232e3630281a45b88dd2a4455c97bb780c1048245344000f9524a00e8f04d926b9610fb,https://files.isimip.org/ISIMIP3b/InputData/climate/atmosphere/bias-adjusted/global/daily/ssp370/GFDL-ESM4/gfdl-esm4_r1i1p1f1_w5e5_ssp370_pr_global_daily_2041_2050.nc,CC0 1.0,true,false
gfdl-esm4,r1i1p1f1,ssp370,pr,5fe132b1-6f3e-4a9d-a613-ac3752109e03,gfdl-esm4_r1i1p1f1_w5e5_ssp370_pr_global_daily,20210512,a3746f18-8256-4eb7-9089-afe8dc98f8cb,gfdl-esm4_r1i1p1f1_w5e5_ssp370_pr_global_daily_2051_2060.nc,2051,2060,2077292371,ea023ef0195167f8a9a070acea3f5eb45c22f45c50e494d7a595eacc94d6d135ddcdc24ef6fd122b0f4522658ff51f90fabd57ba1f01bcc860c2e1c66829b4a6,https://files.isimip.org/ISIMIP3b/InputData/climate/atmosphere/bias-adjusted/global/daily/ssp370/GFDL-ESM4/gfdl-esm4_r1i1p1f1_w5e5_ssp370_pr_global_daily_2051_2060.nc,CC0 1.0,true,false
gfdl-esm4,r1i1p1f1,ssp370,pr,5fe132b1-6f3e-4a9d-a613-ac3752109e03,gfdl-esm4_r1i1p1f1_w5e5_ssp370_pr_global_daily,20210512,66c9f4e5-5ea1-466e-96b2-ebb099cac417,gfdl-esm4_r1i1p1f1_w5e5_ssp370_pr_global_daily_2061_2070.nc,2061,2070,2077337924,67f135c0e1db916bcaa9f359478fe82ad87ecff770cc73a64332d36125fdbd5d4adaf0a7a00fd1765e080ece8fb5c83a3fc2b8e52427f4a27f134f38206bff18,https://files.isimip.org/ISIMIP3b/InputData/climate/atmosphere/bias-adjusted/global/daily/ssp370/GFDL-ESM4/gfdl-esm4_r1i1p1f1_w5e5_ssp370_pr_global_daily_2061_2070.nc,CC0 1.0,true,false
gfdl-esm4,r1i1p1f1,ssp370,pr,5fe132b1-6f3e-4a9d-a613-ac3752109e03,gfdl-esm4_r1i1p1f1_w5e5_ssp370_pr_global_daily,20210512,b2713dea-3965-49a6-bacc-010ddeddef9e,gfdl-esm4_r1i1p1f1_w5e5_ssp370_pr_global_daily_2071_2080.nc,2071,2080,2092390320,d77225c7ae92da779c66206597574e8f32e9b22020eb33c775d37614962459f856402d44c4758606edb343c85e42982f06f10e186c935b032fa10647b76c9665,https://files.isimip.org/ISIMIP3b/InputData/climate/atmosphere/bias-adjusted/global/daily/ssp370/GFDL-ESM4/gfdl-esm4_r1i1p1f1_w5e5_ssp370_pr_global_daily_2071_2080.nc,CC0 1.0,true,false
gfdl-esm4,r1i1p1f1,ssp370,pr,5fe132b1-6f3e-4a9d-a613-ac3752109e03,gfdl-esm4_r1i1p1f1_w5e5_ssp370_pr_global_daily,20210512,001f334d-6686-458b-bc81-903408243e79,gfdl-esm4_r1i1p1f1_w5e5_ssp370_pr_global_daily_2081_2090.nc,2081,2090,2081212424,8388c2a042bde27b2ddf828edbee11243a89c7c0d12393be6f5a058c50c536b6856b47f2c5bc4fc2ab27acf0a59de0198e71c4788bd0db8de03c40ef59351c31,https://files.isimip.org/ISIMIP3b/InputData/climate/atmosphere/bias-adjusted/global/daily/ssp370/GFDL-ESM4/gfdl-esm4_r1i1p1f1_w5e5_ssp370_pr_global_daily_2081_2090.nc,CC0 1.0,true,false
gfdl-esm4,r1i1p1f1,ssp370,pr,5fe132b1-6f3e-4a9d-a613-ac3752109e03,gfdl-esm4_r1i1p1f1_w5e5_ssp370_pr_global_daily,20210512,a9aa0828-9a8f-43f7-b12e-2e07bc8ccbfa,gfdl-esm4_r1i1p1f1_w5e5_ssp370_pr_global_daily_2091_2100.nc,2091,2100,2085164598,ab5ed0004de4b1ea4d6da1ed16f1800eedac2f1c2c8ffcc5f5bb68c084a51740fb4a579ec9c2a9d15f16231c3e6ae03d5a1297c3b0493a714174ab2bdb7059ff,https://files.isimip.org/ISIMIP3b/InputData/climate/atmosphere/bias-adjusted/global/daily/ssp370/GFDL-ESM4/gfdl-esm4_r1i1p1f1_w5e5_ssp370_pr_global_daily_2091_2100.nc,CC0 1.0,true,false
gfdl-esm4,r1i1p1f1,ssp370,tas,5614ea49-3a01-4fad-85d2-baea38727038,gfdl-esm4_r1i1p1f1_w5e5_ssp370_tas_global_daily,20210512,494e0fba-dccc-4cfa-8617-7c29e199cdee,gfdl-esm4_r1i1p1f1_w5e5_ssp370_tas_global_daily_2015_2020.nc,2015,2020,1234765998,263414c4e43dfefd4c18f0e924620899c0df4d8e3a5487b8eda9cd85f99832793242d6660c2639c730f3306445306095b8db7e4fb51e2fe078afcd10b5494bc1,https://files.isimip.org/ISIMIP3b/InputData/climate/atmosphere/bias-adjusted/global/daily/ssp370/GFDL-ESM4/gfdl-esm4_r1i1p1f1_w5e5_ssp370_tas_global_daily_2015_2020.nc,CC0 1.0,true,false
gfdl-esm4,r1i1p1f1,ssp370,tas,5614ea49-3a01-4fad-85d2-baea38727038,gfdl-esm4_r1i1p1f1_w5e5_ssp370_tas_global_daily,20210512,4090cc51-9fb9-4870-8fc4-ca7cea2f8c7a,gfdl-esm4_r1i1p1f1_w5e5_ssp370_tas_global_daily_2021_2030.nc,2021,2030,2053485837,a1c5c24d0b195e4647f8cae8d21db11822c1e0ca7f37ca7f14f184c501f6571a20e60c5830c4721328d5b59022dcfaed164b331ae005fc4929c66ebfd73c9212,https://files.isimip.org/ISIMIP3b/InputData/climate/atmosphere/bias-adjusted/global/daily/ssp370/GFDL-ESM4/gfdl-esm4_r1i1p1f1_w5e5_ssp370_tas_global_daily_2021_2030.nc,CC0 1.0,true,false
gfdl-esm4,r1i1p1f1,ssp370,tas,5614ea49-3a01-4fad-85d2-baea38727038,gfdl-esm4_r1i1p1f1_w5e5_ssp370_tas_global_daily,20210512,0c682748-ad62-4596-af36-8c0e450c3528,gfdl-esm4_r1i1p1f1_w5e5_ssp370_tas_global_daily_2031_2040.nc,2031,2040,2053005056,ab9881cf4647d5b8e65b44f923f041d94b4313ddd5341b197eccca57922d48bc9216492f61e679999ed3d53bfa95705f28acacb33aa7bb9014b9001bd01b6b33,https://files.isimip.org/ISIMIP3b/InputData/climate/atmosphere/bias-adjusted/global/daily/ssp370/GFDL-ESM4/gfdl-esm4_r1i1p1f1_w5e5_ssp370_tas_global_daily_2031_2040.nc,CC0 1.0,true,false
gfdl-esm4,r1i1p1f1,ssp370,tas,5614ea49-3a01-4fad-85d2-baea38727038,gfdl-esm4_r1i1p1f1_w5e5_ssp370_tas_global_daily,20210512,5dbd2a99-b684-4b00-a7b0-6b236e883ce9,gfdl-esm4_r1i1p1f1_w5e5_ssp370_tas_global_daily_2041_2050.nc,2041,2050,2052839269,a87b7b93d1753b6e013e42a0d89937e5fe83580c1b016cac034055f474850f352a41a8913a3a07c891cc843ebed559d5b06cd00383bfb591a7df80f182320006,https://files.isimip.org/ISIMIP3b/InputData/climate/atmosphere/bias-adjusted/global/daily/ssp370/GFDL-ESM4/gfdl-esm4_r1i1p1f1_w5e5_ssp370_tas_global_daily_2041_2050.nc,CC0 1.0,true,false
gfdl-esm4,r1i1p1f1,ssp370,tas,5614ea49-3a01-4fad-85d2-baea38727038,gfdl-esm4_r1i1p1f1_w5e5_ssp370_tas_global_daily,20210512,123e3e24-a04b-4f93-b644-40a2f41acdd3,gfdl-esm4_r1i1p1f1_w5e5_ssp370_tas_global_daily_2051_2060.nc,2051,2060,2052913461,08dfe1a53e860e132277fe6d81406acccb7a9e2765987b92af01b90772cc55fd247e76eb2b9f3ba3058800e4ed83c13a22745df0e5b2f7a33c95cbe9ba06797c,https://files.isimip.org/ISIMIP3b/InputData/climate/atmosphere/bias-adjusted/global/daily/ssp370/GFDL-ESM4/gfdl-esm4_r1i1p1f1_w5e5_ssp370_tas_global_daily_2051_2060.nc,CC0 1.0,true,false
gfdl-esm4,r1i1p1f1,ssp370,tas,5614ea49-3a01-4fad-85d2-baea38727038,gfdl-esm4_r1i1p1f1_w5e5_ssp370_tas_global_daily,20210512,9f4e421d-8711-430e-b5b3-e789a2c594f6,gfdl-esm4_r1i1p1f1_w5e5_ssp370_tas_global_daily_2061_2070.nc,2061,2070,2051514949,42ebf654ae548e51641917810da3132c4e99ee8aeb94793fdecbadd219cf99c5326487101537406a3a162277329172300f73b5bb8fa82bb667fa364870bd55d7,https://files.isimip.org/ISIMIP3b/InputData/climate/atmosphere/bias-adjusted/global/daily/ssp370/GFDL-ESM4/gfdl-esm4_r1i1p1f1_w5e5_ssp370_tas_global_daily_2061_2070.nc,CC0 1.0,true,false
gfdl-esm4,r1i1p1f1,ssp370,tas,5614ea49-3a01-4fad-85d2-baea38727038,gfdl-esm4_r1i1p1f1_w5e5_ssp370_tas_global_daily,20210512,5c9117a8-26d8-42f1-b8eb-cf66356cf491,gfdl-esm4_r1i1p1f1_w5e5_ssp370_tas_global_daily_2071_2080.nc,2071,2080,2052162721,dfa6a65a76cd30bfd7ab36c10a33edc9d33d86849ac9ef2543c9cc7a0c9231f4fcc134b712847be442347879393f93c42e6b5be5522e36fc4a9fc4f8118db194,https://files.isimip.org/ISIMIP3b/InputData/climate/atmosphere/bias-adjusted/global/daily/ssp370/GFDL-ESM4/gfdl-esm4_r1i1p1f1_w5e5_ssp370_tas_global_daily_2071_2080.nc,CC0 1.0,true,false
gfdl-esm4,r1i1p1f1,ssp370,tas,5614ea49-3a01-4fad-85d2-baea38727038,gfdl-esm4_r1i1p1f1_w5e5_ssp370_tas_global_daily,20210512,d698834b-d2df-4986-8f18-5aed11109fcf,gfdl-esm4_r1i1p1f1_w5e5_ssp370_tas_global_daily_2081_2090.nc,2081,2090,2051240053,f3f64eab2a78db7eea4044a26878b3ac6031ce2df5163df8f2c0a8c99763907f1ac6aa0391b7a66c93cb2a4eadbfab19cdc1000c1e958f2dc670981c7ab681a4,https://files.isimip.org/ISIMIP3b/InputData/climate/atmosphere/bias-adjusted/global/daily/ssp370/GFDL-ESM4/gfdl-esm4_r1i1p1f1_w5e5_ssp370_tas_global_daily_2081_2090.nc,CC0 1.0,true,false
gfdl-esm4,r1i1p1f1,ssp370,tas,5614ea49-3a01-4fad-85d2-baea38727038,gfdl-esm4_r1i1p1f1_w5e5_ssp370_tas_global_daily,20210512,a619efe3-c72a-4cf1-87aa-cfd1f99b8e9a,gfdl-esm4_r1i1p1f1_w5e5_ssp370_tas_global_daily_2091_2100.nc,2091,2100,2050541351,1577cdab5506f6ac7e37b63f41d98f4176fabc6a9139aa5e1da160abeaee64620700c28628294ac14a150a500eb88e808c12b2e3a33164fc7f15fed7ce846ee1,https://files.isimip.org/ISIMIP3b/InputData/climate/atmosphere/bias-adjusted/global/daily/ssp370/GFDL-ESM4/gfdl-esm4_r1i1p1f1_w5e5_ssp370_tas_global_daily_2091_2100.nc,CC0 1.0,true,false
gfdl-esm4,r1i1p1f1,ssp585,pr,4beceb4b-4626-4026-96d1-6d3544981eb4,gfdl-esm4_r1i1p1f1_w5e5_ssp585_pr_global_daily,20210512,69a8d92d-534c-47e2-813e-7b5295777c71,gfdl-esm4_r1i1p1f1_w5e5_ssp585_pr_global_daily_2015_2020.nc,2015,2020,1241960613,af835e115071c80529d623565882cfaec51a112ea0939f4d0d186cb1ba5b7ec0429ef7051234864825252faac539211057c0b8f496841dd0426b20e2010dceab,https://files.isimip.org/ISIMIP3b/InputData/climate/atmosphere/bias-adjusted/global/daily/ssp585/GFDL-ESM4/gfdl-esm4_r1i1p1f1_w5e5_ssp585_pr_global_daily_2015_2020.nc,CC0 1.0,true,false
gfdl-esm4,r1i1p1f1,ssp585,pr,4beceb4b-4626-4026-96d1-6d3544981eb4,gfdl-esm4_r1i1p1f1_w5e5_ssp585_pr_global_daily,20210512,630fc398-f903-4723-8e6f-b8978438a0a9,gfdl-esm4_r1i1p1f1_w5e5_ssp585_pr_global_daily_2021_2030.nc,2021,2030,2074487258,0dfcd6edf1d5b07c22cc921e08667e70d083e1108b18d52b49d21a08777a2ccf816d6ffcb17923181fe05b806360c36a907d3d6e93a18a83fec7f6a26b45805d,https://files.isimip.org/ISIMIP3b/InputData/climate/atmosphere/bias-adjusted/global/daily/ssp585/GFDL-ESM4/gfdl-esm4_r1i1p1f1_w5e5_ssp585_pr_global_daily_2021_2030.nc,CC0 1.0,true,false
gfdl-esm4,r1i1p1f1,ssp585,pr,4beceb4b-4626-4026-96d1-6d3544981eb4,gfdl-esm4_r1i1p1f1_w5e5_ssp585_pr_global_daily,20210512,46f72d4c-b832-4992-b16b-61fba6be0a70,gfdl-esm4_r1i1p1f1_w5e5_ssp585_pr_global_daily_2031_2040.nc,2031,2040,2072937141,efccf4125b8d8f4d2dc87b0c1a1d0f25441d3ee668e0c1cb5e58eb45150678e17ef43247e70142e274eb21b947192e53567aa1fcbc5c6b02f399c89ebbbecd24,https://files.isimip.org/ISIMIP3b/InputData/climate/atmosphere/bias-adjusted/global/daily/ssp585/GFDL-ESM4/gfdl-esm4_r1i1p1f1_w5e5_ssp585_pr_global_daily_2031_2040.nc,CC0 1.0,true,false
gfdl-esm4,r1i1p1f1,ssp585,pr,4beceb4b-4626-4026-96d1-6d3544981eb4,gfdl-esm4_r1i1p1f1_w5e5_ssp585_pr_global_daily,20210512,a1a4f988-d018-452e-b5fa-6e33cedcf175,gfdl-esm4_r1i1p1f1_w5e5_ssp585_pr_global_daily_2041_2050.nc,2041,2050,2074270346,f94f573a7fb430c6eabbe9139b1fe59e03800503268ac6ca082094e8828e25cf06f66e4c71a3333b58a29f138f180cc0a817f92bf680aa770602ead0d3676ca1,https://files.isimip.org/ISIMIP3b/InputData/climate/atmosphere/bias-adjusted/global/daily/ssp585/GFDL-ESM4/gfdl-esm4_r1i1p1f1_w5e5_ssp585_pr_global_daily_2041_2050.nc,CC0 1.0,true,false
gfdl-esm4,r1i1p1f1,ssp585,pr,4beceb4b-4626-4026-96d1-6d3544981eb4,gfdl-esm4_r1i1p1f1_w5e5_ssp585_pr_global_daily,20210512,1781819c-2979-4db1-aeea-6d7ab289e2eb,gfdl-esm4_r1i1p1f1_w5e5_ssp585_pr_global_daily_2051_2060.nc,2051,2060,2074975513,2511673ca5b2a97fc9b4738dd38c13f171ebf071bd1a5872564caaf7728a0f5f860453a81d391e722bfccee639d8dcf99ec9218bd2a28541f05e7cc79adb252d,https://files.isimip.org/ISIMIP3b/InputData/climate/atmosphere/bias-adjusted/global/daily/ssp585/GFDL-ESM4/gfdl-esm4_r1i1p1f1_w5e5_ssp585_pr_global_daily_2051_2060.nc,CC0 1.0,true,false
gfdl-esm4,r1i1p1f1,ssp585,pr,4beceb4b-4626-4026-96d1-6d3544981eb4,gfdl-esm4_r1i1p1f1_w5e5_ssp585_pr_global_daily,20210512,43989cbc-a328-4727-ac78-3222d0fb16ab,gfdl-esm4_r1i1p1f1_w5e5_ssp585_pr_global_daily_2061_2070.nc,2061,2070,2079964851,8277de4f6696c690fe2393341cb2a9fc612378e5d76209549bd792e517abb19630e9f8a03b1a5697913faf6d8dbdeba2da76cdd5b832f5df1ff01d0aff6fcbaa,https://files.isimip.org/ISIMIP3b/InputData/climate/atmosphere/bias-adjusted/global/daily/ssp585/GFDL-ESM4/gfdl-esm4_r1i1p1f1_w5e5_ssp585_pr_global_daily_2061_2070.nc,CC0 1.0,true,false
gfdl-esm4,r1i1p1f1,ssp585,pr,4beceb4b-4626-4026-96d1-6d3544981eb4,gfdl-esm4_r1i1p1f1_w5e5_ssp585_pr_global_daily,20210512,69cd5d06-b3bf-49f3-bf03-15dbdf64cf33,gfdl-esm4_r1i1p1f1_w5e5_ssp585_pr_global_daily_2071_2080.nc,2071,2080,2085035018,75c73a9cfa65a4016da5f9b1a9fa07ef998e4243b1f1e4678b61fe4abe27cd4c008e231f2ceba3f007ae343d66d070cfcf52ff8ad78843ccfc6ff1748f042e77,https://files.isimip.org/ISIMIP3b/InputData/climate/atmosphere/bias-adjusted/global/daily/ssp585/GFDL-ESM4/gfdl-esm4_r1i1p1f1_w5e5_ssp585_pr_global_daily_2071_2080.nc,CC0 1.0,true,false
gfdl-esm4,r1i1p1f1,ssp585,pr,4beceb4b-4626-4026-96d1-6d3544981eb4,gfdl-esm4_r1i1p1f1_w5e5_ssp585_pr_global_daily,20210512,f6537d6a-25c4-4fa1-96c9-d230ba2b040d,gfdl-esm4_r1i1p1f1_w5e5_ssp585_pr_global_daily_2081_2090.nc,2081,2090,2087614688,2f0b4f9dabb04e71a8c6a0853cebbdd98af8d6ca76f40ef91d703991623de7ac212e9cb173a75e8602a03f3c93c7e866dc3df3bac6b99d99fc10081a55e00aae,https://files.isimip.org/ISIMIP3b/InputData/climate/atmosphere/bias-adjusted/global/daily/ssp585/GFDL-ESM4/gfdl-esm4_r1i1p1f1_w5e5_ssp585_pr_global_daily_2081_2090.nc,CC0 1.0,true,false
gfdl-esm4,r1i1p1f1,ssp585,pr,4beceb4b-4626-4026-96d1-6d3544981eb4,gfdl-esm4_r1i1p1f1_w5e5_ssp585_pr_global_daily,20210512,aa74a098-049a-41aa-a45a-b38457c29e1d,gfdl-esm4_r1i1p1f1_w5e5_ssp585_pr_global_daily_2091_2100.nc,2091,2100,2092845455,226ca1d9988113892cdca641d4d4d34d357894ace49cebd3b1e622b447c0c71361816f930a9f44b3dc5814a710abd706c4dc6ce57bab3b45b4f827fb7105dad1,https://files.isimip.org/ISIMIP3b/InputData/climate/atmosphere/bias-adjusted/global/daily/ssp585/GFDL-ESM4/gfdl-esm4_r1i1p1f1_w5e5_ssp585_pr_global_daily_2091_2100.nc,CC0 1.0,true,false
gfdl-esm4,r1i1p1f1,ssp585,tas,9bb93283-4b22-4c18-825e-c12f30b8f114,gfdl-esm4_r1i1p1f1_w5e5_ssp585_tas_global_daily,20210512,2296d0df-5b87-47d4-9fa7-91ce1b01b0e2,gfdl-esm4_r1i1p1f1_w5e5_ssp585_tas_global_daily_2015_2020.nc,2015,2020,1234725814,d5fb97ab576b7411551c5826117ae0ded7133598bbea2ea89f29be22845f7a53b0bc2fdfb3beddabaf617810c43aab2f4a64874bb6caea397e0d9edbf26a2159,https://files.isimip.org/ISIMIP3b/InputData/climate/atmosphere/bias-adjusted/global/daily/ssp585/GFDL-ESM4/gfdl-esm4_r1i1p1f1_w5e5_ssp585_tas_global_daily_2015_2020.nc,CC0 1.0,true,false
gfdl-esm4,r1i1p1f1,ssp585,tas,9bb93283-4b22-4c18-825e-c12f30b8f114,gfdl-esm4_r1i1p1f1_w5e5_ssp585_tas_global_daily,20210512,862631e6-8454-440a-b191-24f04d7f030f,gfdl-esm4_r1i1p1f1_w5e5_ssp585_tas_global_daily_2021_2030.nc,2021,2030,2053123738,2f8404517a54dab79a8de79063a94e5ee9d75254003a514f033f62d5099c67186b48e6ff7879a9ec3b1a6449d879a626b54fe995a72f244ade1da772448b9179,https://files.isimip.org/ISIMIP3b/InputData/climate/atmosphere/bias-adjusted/global/daily/ssp585/GFDL-ESM4/gfdl-esm4_r1i1p1f1_w5e5_ssp585_tas_global_daily_2021_2030.nc,CC0 1.0,true,false
gfdl-esm4,r1i1p1f1,ssp585,tas,9bb93283-4b22-4c18-825e-c12f30b8f114,gfdl-esm4_r1i1p1f1_w5e5_ssp585_tas_global_daily,20210512,71060e57-46e0-4c15-847b-e202ab234940,gfdl-esm4_r1i1p1f1_w5e5_ssp585_tas_global_daily_2031_2040.nc,2031,2040,2052575026,fd1f0f4ad834e58e6b8c79e87866a48f3d5433a60236b6dc5d458d1043760d4a455e49097e32519136ed1e97c2c19f542d74299c6f0ee43d253f8b5006e6c820,https://files.isimip.org/ISIMIP3b/InputData/climate/atmosphere/bias-adjusted/global/daily/ssp585/GFDL-ESM4/gfdl-esm4_r1i1p1f1_w5e5_ssp585_tas_global_daily_2031_2040.nc,CC0 1.0,true,false
gfdl-esm4,r1i1p1f1,ssp585,tas,9bb93283-4b22-4c18-825e-c12f30b8f114,gfdl-esm4_r1i1p1f1_w5e5_ssp585_tas_global_daily,20210512,5fbc43f5-2529-4a07-a245-cc63486067e4,gfdl-esm4_r1i1p1f1_w5e5_ssp585_tas_global_daily_2041_2050.nc,2041,2050,2052533302,2decc93540e031939b45919de1a0bc5b5b8651f01d4bee562dd6cb71606c60801b4663be7fe078972b4b7c6629fb68176b7437e8810412ce4dd9abf98d44a0fc,https://files.isimip.org/ISIMIP3b/InputData/climate/atmosphere/bias-adjusted/global/daily/ssp585/GFDL-ESM4/gfdl-esm4_r1i1p1f1_w5e5_ssp585_tas_global_daily_2041_2050.nc,CC0 1.0,true,false
gfdl-esm4,r1i1p1f1,ssp585,tas,9bb93283-4b22-4c18-825e-c12f30b8f114,gfdl-esm4_r1i1p1f1_w5e5_ssp585_tas_global_daily,20210512,796492ea-62cf-4b93-8a0e-14ca66c35000,gfdl-esm4_r1i1p1f1_w5e5_ssp585_tas_global_daily_2051_2060.nc,2051,2060,2052542298,8264452f919cdf0f399d9b7f429a578a9532d340ebb3c75992fe3ee808ec0b334e61940eec66a40f06885fca1a4705ba184f0388892bdeb9237590cca7b7b594,https://files.isimip.org/ISIMIP3b/InputData/climate/atmosphere/bias-adjusted/global/daily/ssp585/GFDL-ESM4/gfdl-esm4_r1i1p1f1_w5e5_ssp585_tas_global_daily_2051_2060.nc,CC0 1.0,true,false
gfdl-esm4,r1i1p1f1,ssp585,tas,9bb93283-4b22-4c18-825e-c12f30b8f114,gfdl-esm4_r1i1p1f1_w5e5_ssp585_tas_global_daily,20210512,18e6dda8-48f7-492a-a6bf-1521b64861e9,gfdl-esm4_r1i1p1f1_w5e5_ssp585_tas_global_daily_2061_2070.nc,2061,2070,2051098782,891324119e33762efb46453acbc63efecc9eca2e5b5e939a4ea46d2ed7635af2ed025d667da6158f1d69a025ba83358bbbfe6cf10fc3c4694506541db2e3fa1e,https://files.isimip.org/ISIMIP3b/InputData/climate/atmosphere/bias-adjusted/global/daily/ssp585/GFDL-ESM4/gfdl-esm4_r1i1p1f1_w5e5_ssp585_tas_global_daily_2061_2070.nc,CC0 1.0,true,false
gfdl-esm4,r1i1p1f1,ssp585,tas,9bb93283-4b22-4c18-825e-c12f30b8f114,gfdl-esm4_r1i1p1f1_w5e5_ssp585_tas_global_daily,20210512,b5bb5bf4-eee2-4198-baf1-42846b3e1c1f,gfdl-esm4_r1i1p1f1_w5e5_ssp585_tas_global_daily_2071_2080.nc,2071,2080,2051894949,09b090b57515c64a78630d1fd01bdca38f2b37a7387498bddcf7919059a90c36859516dabd2a11d879cd789d9320d4e46d39994d20b951569b314755be02b394,https://files.isimip.org/ISIMIP3b/InputData/climate/atmosphere/bias-adjusted/global/daily/ssp585/GFDL-ESM4/gfdl-esm4_r1i1p1f1_w5e5_ssp585_tas_global_daily_2071_2080.nc,CC0 1.0,true,false
gfdl-esm4,r1i1p1f1,ssp585,tas,9bb93283-4b22-4c18-825e-c12f30b8f114,gfdl-esm4_r1i1p1f1_w5e5_ssp585_tas_global_daily,20210512,08b101fe-1d45-45c3-ae5e-260dcd3b5804,gfdl-esm4_r1i1p1f1_w5e5_ssp585_tas_global_daily_2081_2090.nc,2081,2090,2050389998,90292c661ebaf2d88a41cbd7e87dace641ff4fd6534742e3f83cc224e12a2851c400ac4d8821593f9e4b2469bb270c05e2e0197be8b9f1af033734389990579c,https://files.isimip.org/ISIMIP3b/InputData/climate/atmosphere/bias-adjusted/global/daily/ssp585/GFDL-ESM4/gfdl-esm4_r1i1p1f1_w5e5_ssp585_tas_global_daily_2081_2090.nc,CC0 1.0,true,false
gfdl-esm4,r1i1p1f1,ssp585,tas,9bb93283-4b22-4c18-825e-c12f30b8f114,gfdl-esm4_r1i1p1f1_w5e5_ssp585_tas_global_daily,20210512,2409bbb8-451f-4377-b92c-1a55f0941ad4,gfdl-esm4_r1i1p1f1_w5e5_ssp585_tas_global_daily_2091_2100.nc,2091,2100,2049984623,ca2a771bb63ab5a409833a860ca4d46aff8a461dc115474a280b50857e52ac78018e676e982367fbf09fa2091dbac7795462d91c9ff76f702114fa4a0bc14d54,https://files.isimip.org/ISIMIP3b/InputData/climate/atmosphere/bias-adjusted/global/daily/ssp585/GFDL-ESM4/gfdl-esm4_r1i1p1f1_w5e5_ssp585_tas_global_daily_2091_2100.nc,CC0 1.0,true,false
ipsl-cm6a-lr,r1i1p1f1,ssp126,pr,a4fa787d-6bf4-4311-b9a9-00ee50263b00,ipsl-cm6a-lr_r1i1p1f1_w5e5_ssp126_pr_global_daily,20210512,f8551b4b-e16e-4496-a52d-7ed99e96dc81,ipsl-cm6a-lr_r1i1p1f1_w5e5_ssp126_pr_global_daily_2015_2020.nc,2015,2020,1272373637,47e07c5add1413fd598953c500cd1a4b8f76e23c13c8ea7790f468dd7b9a335fc3f980c7d502ac0c977a5739c3eca8f971f30dae66231b5f6d7de4d88b2f43a3,https://files.isimip.org/ISIMIP3b/InputData/climate/atmosphere/bias-adjusted/global/daily/ssp126/IPSL-CM6A-LR/ipsl-cm6a-lr_r1i1p1f1_w5e5_ssp126_pr_global_daily_2015_2020.nc,CC0 1.0,true,false
ipsl-cm6a-lr,r1i1p1f1,ssp126,pr,a4fa787d-6bf4-4311-b9a9-00ee50263b00,ipsl-cm6a-lr_r1i1p1f1_w5e5_ssp126_pr_global_daily,20210512,0ed25d69-dfe3-44f5-8deb-66129756c000,ipsl-cm6a-lr_r1i1p1f1_w5e5_ssp126_pr_global_daily_2021_2030.nc,2021,2030,2123058485,53ddc58501598c97d35eaafa18cf4d83ddd222a295f2812775535735735a1fd8c26e44e85c254d48302b861979512059de7371e7682c327588f029844b941554,https://files.isimip.org/ISIMIP3b/InputData/climate/atmosphere/bias-adjusted/global/daily/ssp126/IPSL-CM6A-LR/ipsl-cm6a-lr_r1i1p1f1_w5e5_ssp126_pr_global_daily_2021_2030.nc,CC0 1.0,true,false
ipsl-cm6a-lr,r1i1p1f1,ssp126,pr,a4fa787d-6bf4-4311-b9a9-00ee50263b00,ipsl-cm6a-lr_r1i1p1f1_w5e5_ssp126_pr_global_daily,20210512,451b4f4f-c15d-4ef3-9438-f89284f8ff7f,ipsl-cm6a-lr_r1i1p1f1_w5e5_ssp126_pr_global_daily_2031_2040.nc,2031,2040,2112693642,562e1032768d32622071622e5d362bc75c5c5c8fa482293d85a687f72aa54747dac44c8577486b98626dbbdc8db5c7207f264c07683c30ead9596a15a2054e7c,https://files.isimip.org/ISIMIP3b/InputData/climate/atmosphere/bias-adjusted/global/daily/ssp126/IPSL-CM6A-LR/ipsl-cm6a-lr_r1i1p1f1_w5e5_ssp126_pr_global_daily_2031_2040.nc,CC0 1.0,true,false
ipsl-cm6a-lr,r1i1p1f1,ssp126,pr,a4fa787d-6bf4-4311-b9a9-00ee50263b00,ipsl-cm6a-lr_r1i1p1f1_w5e5_ssp126_pr_global_daily,20210512,9bb2cd42-3be9-4ad4-b9ed-16da84e7f96d,ipsl-cm6a-lr_r1i1p1f1_w5e5_ssp126_pr_global_daily_2041_2050.nc,2041,2050,2125996449,98c8608550a15d61cc60b27adafeffb3b59e1f5b7e7684b50faa1cde11273d91e266b42f80506e5b222f05d4fd349b0ebb63184157d28c97759395b403efb9b8,https://files.isimip.org/ISIMIP3b/InputData/climate/atmosphere/bias-adjusted/global/daily/ssp126/IPSL-CM6A-LR/ipsl-cm6a-lr_r1i1p1f1_w5e5_ssp126_pr_global_daily_2041_2050.nc,CC0 1.0,true,false
ipsl-cm6a-lr,r1i1p1f1,ssp126,pr,a4fa787d-6bf4-4311-b9a9-00ee50263b00,ipsl-cm6a-lr_r1i1p1f1_w5e5_ssp126_pr_global_daily,20210512,38e91034-7825-41a3-8d38-6ccdc936f5d7,ipsl-cm6a-lr_r1i1p1f1_w5e5_ssp126_pr_global_daily_2051_2060.nc,2051,2060,2132789311,39951e7643ef73943f90a498316db50dcc0c3e4cbacf9fc7763f7d36c977a21d317a849c04b5868232609b6f4b794f8e9829244bea37f2cd1ae4d0884af1c26a,https://files.isimip.org/ISIMIP3b/InputData/climate/atmosphere/bias-adjusted/global/daily/ssp126/IPSL-CM6A-LR/ipsl-cm6a-lr_r1i1p1f1_w5e5_ssp126_pr_global_daily_2051_2060.nc,CC0 1.0,true,false
ipsl-cm6a-lr,r1i1p1f1,ssp126,pr,a4fa787d-6bf4-4311-b9a9-00ee50263b00,ipsl-cm6a-lr_r1i1p1f1_w5e5_ssp126_pr_global_daily,20210512,f373edbc-38d8-46ac-8652-89b134036c93,ipsl-cm6a-lr_r1i1p1f1_w5e5_ssp126_pr_global_daily_2061_2070.nc,2061,2070,2123889090,e2e3b0f9b468e183eb4d2096edfb3e70c065a5458b503ed2f3b728c1d49eaf4cf6c3bdc2606d6d2490efb502bd2886784e0b15e4edc11d72a3792c33200f036e,https://files.isimip.org/ISIMIP3b/InputData/climate/atmosphere/bias-adjusted/global/daily/ssp126/IPSL-CM6A-LR/ipsl-cm6a-lr_r1i1p1f1_w5e5_ssp126_pr_global_daily_2061_2070.nc,CC0 1.0,true,false
ipsl-cm6a-lr,r1i1p1f1,ssp126,pr,a4fa787d-6bf4-4311-b9a9-00ee50263b00,ipsl-cm6a-lr_r1i1p1f1_w5e5_ssp126_pr_global_daily,20210512,fa6794bd-cefc-4e67-9349-a28d6e92de85,ipsl-cm6a-lr_r1i1p1f1_w5e5_ssp126_pr_global_daily_2071_2080.nc,2071,2080,2138334525,231674afc3f446ca5ff16549df6dcc34e0512ea38e62dda7f25af0d5cc4575efdab647b14f0d9d73bfe5511a91d9e3ecd8239bc836103f60b36303fb0e0cc435,https://files.isimip.org/ISIMIP3b/InputData/climate/atmosphere/bias-adjusted/global/daily/ssp126/IPSL-CM6A-LR/ipsl-cm6a-lr_r1i1p1f1_w5e5_ssp126_pr_global_daily_2071_2080.nc,CC0 1.0,true,false
ipsl-cm6a-lr,r1i1p1f1,ssp126,pr,a4fa787d-6bf4-4311-b9a9-00ee50263b00,ipsl-cm6a-lr_r1i1p1f1_w5e5_ssp126_pr_global_daily,20210512,0d2edc53-9a09-45da-b0b7-f3e7d8d21086,ipsl-cm6a-lr_r1i1p1f1_w5e5_ssp126_pr_global_daily_2081_2090.nc,2081,2090,2127445075,4f2bb5afe237bb3d29a3f0f5ac6acbc01cafe6f84771b1dd34c5891b859bfee2a5efc34ec8f88a0be53d0e174c2eeed0c84e449ca28798fc93de140af8b44202,https://files.isimip.org/ISIMIP3b/InputData/climate/atmosphere/bias-adjusted/global/daily/ssp126/IPSL-CM6A-LR/ipsl-cm6a-lr_r1i1p1f1_w5e5_ssp126_pr_global_daily_2081_2090.nc,CC0 1.0,true,false
ipsl-cm6a-lr,r1i1p1f1,ssp126,pr,a4fa787d-6bf4-4311-b9a9-00ee50263b00,ipsl-cm6a-lr_r1i1p1f1_w5e5_ssp126_pr_global_daily,20210512,6e8aa9ce-ac1e-4b9a-8cca-360801206e79,ipsl-cm6a-lr_r1i1p1f1_w5e5_ssp126_pr_global_daily_2091_2100.nc,2091,2100,2127586729,a61da0cb137ce1fd98be6949dc07981bd68b04e04133a63180ed70bfe2bab96cf6080635083be19a1d3727e0e14603fe79d59824ee053b940a0592f7c242a2c2,https://files.isimip.org/ISIMIP3b/InputData/climate/atmosphere/bias-adjusted/global/daily/ssp126/IPSL-CM6A-LR/ipsl-cm6a-lr_r1i1p1f1_w5e5_ssp126_pr_global_daily_2091_2100.nc,CC0 1.0,true,false
ipsl-cm6a-lr,r1i1p1f1,ssp126,tas,70c21728-d3af-4720-81db-3c2da1a08f68,ipsl-cm6a-lr_r1i1p1f1_w5e5_ssp126_tas_global_daily,20210512,5a1d4a05-719d-4953-8c7c-edc1a3fdcc28,ipsl-cm6a-lr_r1i1p1f1_w5e5_ssp126_tas_global_daily_2015_2020.nc,2015,2020,1240346905,232cebd0f30260f0bc2f504b1a8ee56e6a5d68524b61f4d80c89abb3f707a48d957dec3132182e4a57708743617f777845cb721a07e82d32942a9cf8d6129e83,https://files.isimip.org/ISIMIP3b/InputData/climate/atmosphere/bias-adjusted/global/daily/ssp126/IPSL-CM6A-LR/ipsl-cm6a-lr_r1i1p1f1_w5e5_ssp126_tas_global_daily_2015_2020.nc,CC0 1.0,true,false
ipsl-cm6a-lr,r1i1p1f1,ssp126,tas,70c21728-d3af-4720-81db-3c2da1a08f68,ipsl-cm6a-lr_r1i1p1f1_w5e5_ssp126_tas_global_daily,20210512,1d6ad9d8-fee1-47da-9ecc-6fe4dd107037,ipsl-cm6a-lr_r1i1p1f1_w5e5_ssp126_tas_global_daily_2021_2030.nc,2021,2030,2063098986,a41997d74c99330791409e82098105ea076677378acc6bf0af51ffbf59a07bc8595c34a17e62d29eec054dbfd61440a3c009cfc32b9febe52060be8d7d1695cf,https://files.isimip.org/ISIMIP3b/InputData/climate/atmosphere/bias-adjusted/global/daily/ssp126/IPSL-CM6A-LR/ipsl-cm6a-lr_r1i1p1f1_w5e5_ssp126_tas_global_daily_2021_2030.nc,CC0 1.0,true,false
ipsl-cm6a-lr,r1i1p1f1,ssp126,tas,70c21728-d3af-4720-81db-3c2da1a08f68,ipsl-cm6a-lr_r1i1p1f1_w5e5_ssp126_tas_global_daily,20210512,4efbee82-67a5-4db0-9456-a294a54fe6f7,ipsl-cm6a-lr_r1i1p1f1_w5e5_ssp126_tas_global_daily_2031_2040.nc,2031,2040,2063423026,8fd15971fdd845fc89f44e6ffb1e313d6aaee22bd2207d4e905748f01aa920211b6a455892e9829043405ce4dd7ecdcffae0ade72145932f34cf94a30b968b46,https://files.isimip.org/ISIMIP3b/InputData/climate/atmosphere/bias-adjusted/global/daily/ssp126/IPSL-CM6A-LR/ipsl-cm6a-lr_r1i1p1f1_w5e5_ssp126_tas_global_daily_2031_2040.nc,CC0 1.0,true,false
ipsl-cm6a-lr,r1i1p1f1,ssp126,tas,70c21728-d3af-4720-81db-3c2da1a08f68,ipsl-cm6a-lr_r1i1p1f1_w5e5_ssp126_tas_global_daily,20210512,4b5e3716-bc08-4bcf-9f52-bc55ba27ead0,ipsl-cm6a-lr_r1i1p1f1_w5e5_ssp126_tas_global_daily_2041_2050.nc,2041,2050,2062662905,e4b407f030c3bba0dab77fddc7ca1e6e2c4dbf4ef3a5fd5fba2b84b56eb7a7535e21140b8fd295758c3d62c4f1ea2a622c713f99e460ce4c4bc56b8d9adf4cd6,https://files.isimip.org/ISIMIP3b/InputData/climate/atmosphere/bias-adjusted/global/daily/ssp126/IPSL-CM6A-LR/ipsl-cm6a-lr_r1i1p1f1_w5e5_ssp126_tas_global_daily_2041_2050.nc,CC0 1.0,true,false
ipsl-cm6a-lr,r1i1p1f1,ssp126,tas,70c21728-d3af-4720-81db-3c2da1a08f68,ipsl-cm6a-lr_r1i1p1f1_w5e5_ssp126_tas_global_daily,20210512,42e20786-1be8-4240-a3bb-d63b3e92e5db,ipsl-cm6a-lr_r1i1p1f1_w5e5_ssp126_tas_global_daily_2051_2060.nc,2051,2060,2063465785,497ec741a8a1cf5f8fb7d7b0c6fd61a0a08ee68c9fe8cf96f7a1c35167128058c82c8c49c2b30ef72a6f5a1d35bc00a888ee009f03d6eb4bdfe15af06fa521ae,https://files.isimip.org/ISIMIP3b/InputData/climate/atmosphere/bias-adjusted/global/daily/ssp126/IPSL-CM6A-LR/ipsl-cm6a-lr_r1i1p1f1_w5e5_ssp126_tas_global_daily_2051_2060.nc,CC0 1.0,true,false
ipsl-cm6a-lr,r1i1p1f1,ssp126,tas,70c21728-d3af-4720-81db-3c2da1a08f68,ipsl-cm6a-lr_r1i1p1f1_w5e5_ssp126_tas_global_daily,20210512,f5aae9d0-d67e-4584-9357-4812dd9f197d,ipsl-cm6a-lr_r1i1p1f1_w5e5_ssp126_tas_global_daily_2061_2070.nc,2061,2070,2062621624,f09773cb955bae12bffb6c2c5cef124031803bb05c3d48677dce3c715de911a498716b34ee59ed70e5ee5a079120101fc61a5db63c0d75e6d44c8e6d62cd2632,https://files.isimip.org/ISIMIP3b/InputData/climate/atmosphere/bias-adjusted/global/daily/ssp126/IPSL-CM6A-LR/ipsl-cm6a-lr_r1i1p1f1_w5e5_ssp126_tas_global_daily_2061_2070.nc,CC0 1.0,true,false
ipsl-cm6a-lr,r1i1p1f1,ssp126,tas,70c21728-d3af-4720-81db-3c2da1a08f68,ipsl-cm6a-lr_r1i1p1f1_w5e5_ssp126_tas_global_daily,20210512,6a60371a-ffb2-4012-9b34-8518b56bc94b,ipsl-cm6a-lr_r1i1p1f1_w5e5_ssp126_tas_global_daily_2071_2080.nc,2071,2080,2063205343,a353d5d71678256166496e14ea397bf77664b891a701e2495cbf12180796ef9e1e03210cd53ab2f6a70594498eb2a8f8e7769e1580165af8ae46396f5d9c0df7,https://files.isimip.org/ISIMIP3b/InputData/climate/atmosphere/bias-adjusted/global/daily/ssp126/IPSL-CM6A-LR/ipsl-cm6a-lr_r1i1p1f1_w5e5_ssp126_tas_global_daily_2071_2080.nc,CC0 1.0,true,false
ipsl-cm6a-lr,r1i1p1f1,ssp126,tas,70c21728-d3af-4720-81db-3c2da1a08f68,ipsl-cm6a-lr_r1i1p1f1_w5e5_ssp126_tas_global_daily,20210512,6e4aa65d-f2ba-41b6-b39b-16a8cf613ce4,ipsl-cm6a-lr_r1i1p1f1_w5e5_ssp126_tas_global_daily_2081_2090.nc,2081,2090,2062425083,4cb410ea326fd31c8fd41618b040980f07dab48b7a070d6f01ffb7c3ea0e510de9274db9623ac012f1aeb3168510d50943f3591dd2c62466d7be70fda9c4358b,https://files.isimip.org/ISIMIP3b/InputData/climate/atmosphere/bias-adjusted/global/daily/ssp126/IPSL-CM6A-LR/ipsl-cm6a-lr_r1i1p1f1_w5e5_ssp126_tas_global_daily_2081_2090.nc,CC0 1.0,true,false
ipsl-cm6a-lr,r1i1p1f1,ssp126,tas,70c21728-d3af-4720-81db-3c2da1a08f68,ipsl-cm6a-lr_r1i1p1f1_w5e5_ssp126_tas_global_daily,20210512,523d4f55-44fe-4b67-9b9d-4114b797acf2,ipsl-cm6a-lr_r1i1p1f1_w5e5_ssp126_tas_global_daily_2091_2100.nc,2091,2100,2062741481,39d3a4a5b6749d12a5bd245f9f5a1051caf5e8972a58b1f05f17bf919d8acd1fc3426e48f81ff4995c82f62e967642bbbbbfe9620ddd680d5e3fe0b8385049a3,https://files.isimip.org/ISIMIP3b/InputData/climate/atmosphere/bias-adjusted/global/daily/ssp126/IPSL-CM6A-LR/ipsl-cm6a-lr_r1i1p1f1_w5e5_ssp126_tas_global_daily_2091_2100.nc,CC0 1.0,true,false
ipsl-cm6a-lr,r1i1p1f1,ssp370,pr,f67e2800-c9ca-489d-af67-f5fefe0c0491,ipsl-cm6a-lr_r1i1p1f1_w5e5_ssp370_pr_global_daily,20210512,67059f30-d6f2-4346-a071-73496968184a,ipsl-cm6a-lr_r1i1p1f1_w5e5_ssp370_pr_global_daily_2015_2020.nc,2015,2020,1268143475,3af7d0fea9459f41e88c0a03d3a4bc5663065bccc76db43b1a850bea2711f64a3b3de527da367fa32d8de217f77b6272fc1db5ac9b8f954ac72d44da9bd29665,https://files.isimip.org/ISIMIP3b/InputData/climate/atmosphere/bias-adjusted/global/daily/ssp370/IPSL-CM6A-LR/ipsl-cm6a-lr_r1i1p1f1_w5e5_ssp370_pr_global_daily_2015_2020.nc,CC0 1.0,true,false
ipsl-cm6a-lr,r1i1p1f1,ssp370,pr,f67e2800-c9ca-489d-af67-f5fefe0c0491,ipsl-cm6a-lr_r1i1p1f1_w5e5_ssp370_pr_global_daily,20210512,8b9fdd42-5a1b-4356-aa87-8b5a8dfdbac4,ipsl-cm6a-lr_r1i1p1f1_w5e5_ssp370_pr_global_daily_2021_2030.nc,2021,2030,2123592612,2ac9ed6541671a378023eab730e46a2b9e340d391d3268ce85031876344a35de17f6649ffa3ac31fab7b3c5b14fbddf926696f143de70e8ffcc21a4c3ebf051d,https://files.isimip.org/ISIMIP3b/InputData/climate/atmosphere/bias-adjusted/global/daily/ssp370/IPSL-CM6A-LR/ipsl-cm6a-lr_r1i1p1f1_w5e5_ssp370_pr_global_daily_2021_2030.nc,CC0 1.0,true,false
ipsl-cm6a-lr,r1i1p1f1,ssp370,pr,f67e2800-c9ca-489d-af67-f5fefe0c0491,ipsl-cm6a-lr_r1i1p1f1_w5e5_ssp370_pr_global_daily,20210512,095bbead-f356-47ac-adcb-7977fdae3207,ipsl-cm6a-lr_r1i1p1f1_w5e5_ssp370_pr_global_daily_2031_2040.nc,2031,2040,2115376376,0ae2305bf0d26f73342a79c43602676375031be477895197304aa58943fe5bec3e9a805aef1667fdcc9ff5d49df1d1cffeb7683616db8209baa61ec06862dc4b,https://files.isimip.org/ISIMIP3b/InputData/climate/atmosphere/bias-adjusted/global/daily/ssp370/IPSL-CM6A-LR/ipsl-cm6a-lr_r1i1p1f1_w5e5_ssp370_pr_global_daily_2031_2040.nc,CC0 1.0,true,false
ipsl-cm6a-lr,r1i1p1f1,ssp370,pr,f67e2800-c9ca-489d-af67-f5fefe0c0491,ipsl-cm6a-lr_r1i1p1f1_w5e5_ssp370_pr_global_daily,20210512,3267a8a8-e7d5-4ff8-81c2-dace64ced304,ipsl-cm6a-lr_r1i1p1f1_w5e5_ssp370_pr_global_daily_2041_2050.nc,2041,2050,2123664410,59cb73fc24100bdc2964a7a41d529ce8c8b616b1de568f02b5abc0fe5b1a38db705f321800020ea3e66f0b765fcca3de51b761ef279aab1cc102dad293686fcf,https://files.isimip.org/ISIMIP3b/InputData/climate/atmosphere/bias-adjusted/global/daily/ssp370/IPSL-CM6A-LR/ipsl-cm6a-lr_r1i1p1f1_w5e5_ssp370_pr_global_daily_2041_2050.nc,CC0 1.0,true,false
ipsl-cm6a-lr,r1i1p1f1,ssp370,pr,f67e2800-c9ca-489d-af67-f5fefe0c0491,ipsl-cm6a-lr_r1i1p1f1_w5e5_ssp370_pr_global_daily,20210512,a443b12a-aede-46f6-9915-42e816c899e1,ipsl-cm6a-lr_r1i1p1f1_w5e5_ssp370_pr_global_daily_2051_2060.nc,2051,2060,2124186334,0621fb8bb5892bb5cedbcb8d3a971573c532e30e960fd7034dd11466f31081dfa3b607def1b40f24657307a51a7a347503488bf3965a3a7b2332455031b4d313,https://files.isimip.org/ISIMIP3b/InputData/climate/atmosphere/bias-adjusted/global/daily/ssp370/IPSL-CM6A-LR/ipsl-cm6a-lr_r1i1p1f1_w5e5_ssp370_pr_global_daily_2051_2060.nc,CC0 1.0,true,false
ipsl-cm6a-lr,r1i1p1f1,ssp370,pr,f67e2800-c9ca-489d-af67-f5fefe0c0491,ipsl-cm6a-lr_r1i1p1f1_w5e5_ssp370_pr_global_daily,20210512,19767fb3-cd1f-45e2-9ee4-e2a7ecde9865,ipsl-cm6a-lr_r1i1p1f1_w5e5_ssp370_pr_global_daily_2061_2070.nc,2061,2070,2121260411,9d7ba0dd69f7802cecb663ab9907a172ea82c33726b18466f279d537aa261e2a31cbda0527e1843229822274c42ce95300084fd665c729905499748d67422661,https://files.isimip.org/ISIMIP3b/InputData/climate/atmosphere/bias-adjusted/global/daily/ssp370/IPSL-CM6A-LR/ipsl-cm6a-lr_r1i1p1f1_w5e5_ssp370_pr_global_daily_2061_2070.nc,CC0 1.0,true,false
ipsl-cm6a-lr,r1i1p1f1,ssp370,pr,f67e2800-c9ca-489d-af67-f5fefe0c0491,ipsl-cm6a-lr_r1i1p1f1_w5e5_ssp370_pr_global_daily,20210512,49d7cd20-42b2-4e40-a16c-0b6e605fd81d,ipsl-cm6a-lr_r1i1p1f1_w5e5_ssp370_pr_global_daily_2071_2080.nc,2071,2080,2128483683,5d86f087089269295f9f86e29709f306ee99b95910e5df244cc9338947ba87d3a523f371a983036f2f506e24975bfe6a9024984ccb3f27220a4123ee55e1be4d,https://files.isimip.org/ISIMIP3b/InputData/climate/atmosphere/bias-adjusted/global/daily/ssp370/IPSL-CM6A-LR/ipsl-cm6a-lr_r1i1p1f1_w5e5_ssp370_pr_global_daily_2071_2080.nc,CC0 1.0,true,false
ipsl-cm6a-lr,r1i1p1f1,ssp370,pr,f67e2800-c9ca-489d-af67-f5fefe0c0491,ipsl-cm6a-lr_r1i1p1f1_w5e5_ssp370_pr_global_daily,20210512,0e07acc4-7be3-4b83-9fcc-9cec80a05f80,ipsl-cm6a-lr_r1i1p1f1_w5e5_ssp370_pr_global_daily_2081_2090.nc,2081,2090,2114978587,ba1b945bc5431e691322fc0f2e8d1b298d3d70034be434ba3143f9547072d553df9b7ba1db3712876d6989a3af10e198899d84b22d65efb6f61d8d307f402e93,https://files.isimip.org/ISIMIP3b/InputData/climate/atmosphere/bias-adjusted/global/daily/ssp370/IPSL-CM6A-LR/ipsl-cm6a-lr_r1i1p1f1_w5e5_ssp370_pr_global_daily_2081_2090.nc,CC0 1.0,true,false
ipsl-cm6a-lr,r1i1p1f1,ssp370,pr,f67e2800-c9ca-489d-af67-f5fefe0c0491,ipsl-cm6a-lr_r1i1p1f1_w5e5_ssp370_pr_global_daily,20210512,598364d9-2e1f-49e6-895a-18946b51e31a,ipsl-cm6a-lr_r1i1p1f1_w5e5_ssp370_pr_global_daily_2091_2100.nc,2091,2100,2126956234,1016af9c6a79935e787bbf72824d17399e17a88fab78d6849c1923c320f018b606b153455b63c9cdcf39573018edace9b147cfd540d457d3ecbf5ee64a838d51,https://files.isimip.org/ISIMIP3b/InputData/climate/atmosphere/bias-adjusted/global/daily/ssp370/IPSL-CM6A-LR/ipsl-cm6a-lr_r1i1p1f1_w5e5_ssp370_pr_global_daily_2091_2100.nc,CC0 1.0,true,false
ipsl-cm6a-lr,r1i1p1f1,ssp370,tas,c0112ac8-0b8d-4082-b21b-0c48c2b2c1d5,ipsl-cm6a-lr_r1i1p1f1_w5e5_ssp370_tas_global_daily,20210512,646e7f98-74a5-47c3-b201-0d7c00c60089,ipsl-cm6a-lr_r1i1p1f1_w5e5_ssp370_tas_global_daily_2015_2020.nc,2015,2020,1240962105,da308330444bcc53ff2df4855ae9b4a3de11a027aeb5b3a91518aa835167057b75f3218c55e8228903e2bea78489c33acdf5e6d043f12f2f6120f982e4d40765,https://files.isimip.org/ISIMIP3b/InputData/climate/atmosphere/bias-adjusted/global/daily/ssp370/IPSL-CM6A-LR/ipsl-cm6a-lr_r1i1p1f1_w5e5_ssp370_tas_global_daily_2015_2020.nc,CC0 1.0,true,false
ipsl-cm6a-lr,r1i1p1f1,ssp370,tas,c0112ac8-0b8d-4082-b21b-0c48c2b2c1d5,ipsl-cm6a-lr_r1i1p1f1_w5e5_ssp370_tas_global_daily,20210512,97af6c00-2381-4299-a98f-d6c10c598d35,ipsl-cm6a-lr_r1i1p1f1_w5e5_ssp370_tas_global_daily_2021_2030.nc,2021,2030,2063558657,970751615005a128cf3bc499bf6a518e15337b5f42ca7adb513cd8c5b1985962e3b80be1c9383b6aa466e7cf42dc1c7c5b8988f0eb8b41a0e074ded795c88d82,https://files.isimip.org/ISIMIP3b/InputData/climate/atmosphere/bias-adjusted/global/daily/ssp370/IPSL-CM6A-LR/ipsl-cm6a-lr_r1i1p1f1_w5e5_ssp370_tas_global_daily_2021_2030.nc,CC0 1.0,true,false
ipsl-cm6a-lr,r1i1p1f1,ssp370,tas,c0112ac8-0b8d-4082-b21b-0c48c2b2c1d5,ipsl-cm6a-lr_r1i1p1f1_w5e5_ssp370_tas_global_daily,20210512,173b1654-2240-4843-ad56-e91690e67a7b,ipsl-cm6a-lr_r1i1p1f1_w5e5_ssp370_tas_global_daily_2031_2040.nc,2031,2040,2063425089,4123269509199e49332d6349183f0bb76fbe2ea5b461bfb5569f0ed86573d7eae408bc565c1c7dc73d56607e2f9797ca0c856f7292dac11a695f899ef9326238,https://files.isimip.org/ISIMIP3b/InputData/climate/atmosphere/bias-adjusted/global/daily/ssp370/IPSL-CM6A-LR/ipsl-cm6a-lr_r1i1p1f1_w5e5_ssp370_tas_global_daily_2031_2040.nc,CC0 1.0,true,false
ipsl-cm6a-lr,r1i1p1f1,ssp370,tas,c0112ac8-0b8d-4082-b21b-0c48c2b2c1d5,ipsl-cm6a-lr_r1i1p1f1_w5e5_ssp370_tas_global_daily,20210512,d0a936ef-c3ad-4509-aa60-356415f68437,ipsl-cm6a-lr_r1i1p1f1_w5e5_ssp370_tas_global_daily_2041_2050.nc,2041,2050,2063111699,ae52d34bd15f5d95cdb8bbe35b782f37a66a827cc3fab1d85a81ff71bf3b3c5cd0ff7952c6fabddfb87b6fc21d332b93ba18dfb1f5d3578912f02ca710b6d8b1,https://files.isimip.org/ISIMIP3b/InputData/climate/atmosphere/bias-adjusted/global/daily/ssp370/IPSL-CM6A-LR/ipsl-cm6a-lr_r1i1p1f1_w5e5_ssp370_tas_global_daily_2041_2050.nc,CC0 1.0,true,false
ipsl-cm6a-lr,r1i1p1f1,ssp370,tas,c0112ac8-0b8d-4082-b21b-0c48c2b2c1d5,ipsl-cm6a-lr_r1i1p1f1_w5e5_ssp370_tas_global_daily,20210512,89a69394-de0c-468f-a83f-1f2412fff33b,ipsl-cm6a-lr_r1i1p1f1_w5e5_ssp370_tas_global_daily_2051_2060.nc,2051,2060,2063193780,e3c3918b1f4956e0410b4a9fd056da29dab9b80f0ee6a5f05ea60c4a005ddc4acade99debaa22e492561b34c60bb2600f4fca0411ef8289c1d1a93ed0709f167,https://files.isimip.org/ISIMIP3b/InputData/climate/atmosphere/bias-adjusted/global/daily/ssp370/IPSL-CM6A-LR/ipsl-cm6a-lr_r1i1p1f1_w5e5_ssp370_tas_global_daily_2051_2060.nc,CC0 1.0,true,false
ipsl-cm6a-lr,r1i1p1f1,ssp370,tas,c0112ac8-0b8d-4082-b21b-0c48c2b2c1d5,ipsl-cm6a-lr_r1i1p1f1_w5e5_ssp370_tas_global_daily,20210512,0242efdc-3d51-4af7-8095-16a1569a7583,ipsl-cm6a-lr_r1i1p1f1_w5e5_ssp370_tas_global_daily_2061_2070.nc,2061,2070,2061695971,ba0ff3e11655053df7491f038c673311ddae1d738225eebb34d60b352a9bc9b2bb762113640562e591579597690d8ed7c3f5cb374329892a56533362ee870ee2,https://files.isimip.org/ISIMIP3b/InputData/climate/atmosphere/bias-adjusted/global/daily/ssp370/IPSL-CM6A-LR/ipsl-cm6a-lr_r1i1p1f1_w5e5_ssp370_tas_global_daily_2061_2070.nc,CC0 1.0,true,false
ipsl-cm6a-lr,r1i1p1f1,ssp370,tas,c0112ac8-0b8d-4082-b21b-0c48c2b2c1d5,ipsl-cm6a-lr_r1i1p1f1_w5e5_ssp370_tas_global_daily,20210512,cef665bb-064a-40d8-88e4-69d5217406ff,ipsl-cm6a-lr_r1i1p1f1_w5e5_ssp370_tas_global_daily_2071_2080.nc,2071,2080,2062117228,92bd8dfe1e2aee2ee8be434057a0d3bed8d8ddd313826afe8b99d72df160b64b3e45c9c7d703d11b45955297b6e7f4b4c290665fcbc65f104197a67386e36838,https://files.isimip.org/ISIMIP3b/InputData/climate/atmosphere/bias-adjusted/global/daily/ssp370/IPSL-CM6A-LR/ipsl-cm6a-lr_r1i1p1f1_w5e5_ssp370_tas_global_daily_2071_2080.nc,CC0 1.0,true,false
ipsl-cm6a-lr,r1i1p1f1,ssp370,tas,c0112ac8-0b8d-4082-b21b-0c48c2b2c1d5,ipsl-cm6a-lr_r1i1p1f1_w5e5_ssp370_tas_global_daily,20210512,6a663b10-0e07-4ffa-bb25-aeea2d01bef4,ipsl-cm6a-lr_r1i1p1f1_w5e5_ssp370_tas_global_daily_2081_2090.nc,2081,2090,2061458324,d049dc15715287aa992947bf8c61af2d1732b28c2588b8c1760514076cd7cfe8f549a262cd91fe6b74726e7be4b392282e0bd0fa41142e08af428bcd95fc47a7,https://files.isimip.org/ISIMIP3b/InputData/climate/atmosphere/bias-adjusted/global/daily/ssp370/IPSL-CM6A-LR/ipsl-cm6a-lr_r1i1p1f1_w5e5_ssp370_tas_global_daily_2081_2090.nc,CC0 1.0,true,false
ipsl-cm6a-lr,r1i1p1f1,ssp370,tas,c0112ac8-0b8d-4082-b21b-0c48c2b2c1d5,ipsl-cm6a-lr_r1i1p1f1_w5e5_ssp370_tas_global_daily,20210512,1aab7bcd-1da0-456a-a511-e5b044e1e58b,ipsl-cm6a-lr_r1i1p1f1_w5e5_ssp370_tas_global_daily_2091_2100.nc,2091,2100,2061304420,004042c7429c0f61b39d0550bd61c34eba62357329c6ebcd1f91effc335f926bc72a39eb13f4b26f0f373a04458918e2f07e57fc2a9caf3603fd4e78e5c717aa,https://files.isimip.org/ISIMIP3b/InputData/climate/atmosphere/bias-adjusted/global/daily/ssp370/IPSL-CM6A-LR/ipsl-cm6a-lr_r1i1p1f1_w5e5_ssp370_tas_global_daily_2091_2100.nc,CC0 1.0,true,false
ipsl-cm6a-lr,r1i1p1f1,ssp585,pr,b10993d6-9f54-4705-830d-d624fe66051a,ipsl-cm6a-lr_r1i1p1f1_w5e5_ssp585_pr_global_daily,20210512,aacbe31f-a3d9-4299-9f78-374fde048db8,ipsl-cm6a-lr_r1i1p1f1_w5e5_ssp585_pr_global_daily_2015_2020.nc,2015,2020,1269685210,4467769d7d02698a8f49cbf6329066fe6cbaeb09f0a60348df6d28262be8ad7463f75425163f87890013e6bcdd2fbec473e3b42cf1f97883bf0eb88ca716d0f8,https://files.isimip.org/ISIMIP3b/InputData/climate/atmosphere/bias-adjusted/global/daily/ssp585/IPSL-CM6A-LR/ipsl-cm6a-lr_r1i1p1f1_w5e5_ssp585_pr_global_daily_2015_2020.nc,CC0 1.0,true,false
ipsl-cm6a-lr,r1i1p1f1,ssp585,pr,b10993d6-9f54-4705-830d-d624fe66051a,ipsl-cm6a-lr_r1i1p1f1_w5e5_ssp585_pr_global_daily,20210512,a12e2144-31bd-4a06-a30d-559216ebc344,ipsl-cm6a-lr_r1i1p1f1_w5e5_ssp585_pr_global_daily_2021_2030.nc,2021,2030,2119625484,269cdde850c62cbb5c9a645ac6ac7f0dc812c4a152d5ff33b159f27089bbc4a5002c5f09a3ad8c1363fb6f6ca08cfcbbc4a09ab6a2a2f5bec187907dcc368450,https://files.isimip.org/ISIMIP3b/InputData/climate/atmosphere/bias-adjusted/global/daily/ssp585/IPSL-CM6A-LR/ipsl-cm6a-lr_r1i1p1f1_w5e5_ssp585_pr_global_daily_2021_2030.nc,CC0 1.0,true,false
ipsl-cm6a-lr,r1i1p1f1,ssp585,pr,b10993d6-9f54-4705-830d-d624fe66051a,ipsl-cm6a-lr_r1i1p1f1_w5e5_ssp585_pr_global_daily,20210512,b3d02aa7-ad0b-4b12-b831-cba4ef185471,ipsl-cm6a-lr_r1i1p1f1_w5e5_ssp585_pr_global_daily_2031_2040.nc,2031,2040,2114664072,60053b1d5fc40ff6fd08e967471f828075ef974321ca49f06afb33b3343f3d64583602a52c1ee11d0abd902cfb2a03eb86f853e3d1997acba3ede4eeb7f16c9a,https://files.isimip.org/ISIMIP3b/InputData/climate/atmosphere/bias-adjusted/global/daily/ssp585/IPSL-CM6A-LR/ipsl-cm6a-lr_r1i1p1f1_w5e5_ssp585_pr_global_daily_2031_2040.nc,CC0 1.0,true,false
ipsl-cm6a-lr,r1i1p1f1,ssp585,pr,b10993d6-9f54-4705-830d-d624fe66051a,ipsl-cm6a-lr_r1i1p1f1_w5e5_ssp585_pr_global_daily,20210512,9daa5bfe-b99c-42d5-8d96-d7132b405858,ipsl-cm6a-lr_r1i1p1f1_w5e5_ssp585_pr_global_daily_2041_2050.nc,2041,2050,2124459323,11c3bf83045ee3a43e59ca6b63838e299bdba18e0c2e241cb750321ef6f8a72810bd723d5cb47ef38d7c49267f41f232af5c986f76d0be386558e52f6b05bb3b,https://files.isimip.org/ISIMIP3b/InputData/climate/atmosphere/bias-adjusted/global/daily/ssp585/IPSL-CM6A-LR/ipsl-cm6a-lr_r1i1p1f1_w5e5_ssp585_pr_global_daily_2041_2050.nc,CC0 1.0,true,false
ipsl-cm6a-lr,r1i1p1f1,ssp585,pr,b10993d6-9f54-4705-830d-d624fe66051a,ipsl-cm6a-lr_r1i1p1f1_w5e5_ssp585_pr_global_daily,20210512,55f0f02a-d798-45e2-9436-6e76125c8bf0,ipsl-cm6a-lr_r1i1p1f1_w5e5_ssp585_pr_global_daily_2051_2060.nc,2051,2060,2123013242,762390b154715fc81506275e1489a132ee9100a6f2f2de18049592fbc06fbb98001fc8429bb6e09cdf71e6a3ca80cd4436e2efa42fa99316ed98a2f84c12362c,https://files.isimip.org/ISIMIP3b/InputData/climate/atmosphere/bias-adjusted/global/daily/ssp585/IPSL-CM6A-LR/ipsl-cm6a-lr_r1i1p1f1_w5e5_ssp585_pr_global_daily_2051_2060.nc,CC0 1.0,true,false
ipsl-cm6a-lr,r1i1p1f1,ssp585,pr,b10993d6-9f54-4705-830d-d624fe66051a,ipsl-cm6a-lr_r1i1p1f1_w5e5_ssp585_pr_global_daily,20210512,25cf391f-927d-45ce-b527-b5cb9a66016a,ipsl-cm6a-lr_r1i1p1f1_w5e5_ssp585_pr_global_daily_2061_2070.nc,2061,2070,2117788175,9edb30c58e5ba53a3639166ce98342e21eddba2e1de3691283d84cf1a6899e9d3a1c7e7f605de40477e46b23ad346015713bbb0ec63583c456f7aa671a4e1c2a,https://files.isimip.org/ISIMIP3b/InputData/climate/atmosphere/bias-adjusted/global/daily/ssp585/IPSL-CM6A-LR/ipsl-cm6a-lr_r1i1p1f1_w5e5_ssp585_pr_global_daily_2061_2070.nc,CC0 1.0,true,false
ipsl-cm6a-lr,r1i1p1f1,ssp585,pr,b10993d6-9f54-4705-830d-d624fe66051a,ipsl-cm6a-lr_r1i1p1f1_w5e5_ssp585_pr_global_daily,20210512,b4ad308e-3ce0-4481-b8be-ca6aec62f23f,ipsl-cm6a-lr_r1i1p1f1_w5e5_ssp585_pr_global_daily_2071_2080.nc,2071,2080,2127632879,8ef5927a8289653d4c9c1851070624bb7ee1b65b8f10851eb32602511a35048e74c1fa4867a5f3bc86096f0779ced2b61aec277b053337f8620c51373915bc5e,https://files.isimip.org/ISIMIP3b/InputData/climate/atmosphere/bias-adjusted/global/daily/ssp585/IPSL-CM6A-LR/ipsl-cm6a-lr_r1i1p1f1_w5e5_ssp585_pr_global_daily_2071_2080.nc,CC0 1.0,true,false
ipsl-cm6a-lr,r1i1p1f1,ssp585,pr,b10993d6-9f54-4705-830d-d624fe66051a,ipsl-cm6a-lr_r1i1p1f1_w5e5_ssp585_pr_global_daily,20210512,6e0f9bfb-1d81-49af-baef-53ea421f7942,ipsl-cm6a-lr_r1i1p1f1_w5e5_ssp585_pr_global_daily_2081_2090.nc,2081,2090,2120047006,77156e09098e76ab7ac9c4bfd8f2dd9f1f5535314b9dfc162faa17c897b1c60520140d5dc74ceba7c3ebdfc10daee68ebab7349f9069679ff8a5bc96e1af0c60,https://files.isimip.org/ISIMIP3b/InputData/climate/atmosphere/bias-adjusted/global/daily/ssp585/IPSL-CM6A-LR/ipsl-cm6a-lr_r1i1p1f1_w5e5_ssp585_pr_global_daily_2081_2090.nc,CC0 1.0,true,false
ipsl-cm6a-lr,r1i1p1f1,ssp585,pr,b10993d6-9f54-4705-830d-d624fe66051a,ipsl-cm6a-lr_r1i1p1f1_w5e5_ssp585_pr_global_daily,20210512,adbdf21e-c1fb-4b7e-a532-b7a7f70c9298,ipsl-cm6a-lr_r1i1p1f1_w5e5_ssp585_pr_global_daily_2091_2100.nc,2091,2100,2119509982,985b8ac417d49a6bfdb2f068244e0072f5779f0c343170b144a798de29bf99a3d8bc0334f1bc70fbe61bf3e19b1a0ef15cadb9e5c5f59287fb4ca93c00a57ecd,https://files.isimip.org/ISIMIP3b/InputData/climate/atmosphere/bias-adjusted/global/daily/ssp585/IPSL-CM6A-LR/ipsl-cm6a-lr_r1i1p1f1_w5e5_ssp585_pr_global_daily_2091_2100.nc,CC0 1.0,true,false
ipsl-cm6a-lr,r1i1p1f1,ssp585,tas,1743fd86-2323-4d17-a718-21290e0f7fef,ipsl-cm6a-lr_r1i1p1f1_w5e5_ssp585_tas_global_daily,20210512,b5efbb0f-65b1-4958-9c99-07cfdf3c3f5b,ipsl-cm6a-lr_r1i1p1f1_w5e5_ssp585_tas_global_daily_2015_2020.nc,2015,2020,1240710560,53b339df389cfd5de97e566d6eb45b817945fadee5729797d0e2f5804e647ba0397d0c0c549ec2bbf686f06f686edec45c536b07a4f0c10f9411722cee827443,https://files.isimip.org/ISIMIP3b/InputData/climate/atmosphere/bias-adjusted/global/daily/ssp585/IPSL-CM6A-LR/ipsl-cm6a-lr_r1i1p1f1_w5e5_ssp585_tas_global_daily_2015_2020.nc,CC0 1.0,true,false
ipsl-cm6a-lr,r1i1p1f1,ssp585,tas,1743fd86-2323-4d17-a718-21290e0f7fef,ipsl-cm6a-lr_r1i1p1f1_w5e5_ssp585_tas_global_daily,20210512,dbde455d-519c-49c1-a9f4-e4317a8ec840,ipsl-cm6a-lr_r1i1p1f1_w5e5_ssp585_tas_global_daily_2021_2030.nc,2021,2030,2063203250,7271b9f6e477a86a644ee315b0a592014c1dbc03830a7fb80bf4118490026de0ea9216183c5f272f359d27d6b90fdb23a07198eef3be535095819e34c71c43ab,https://files.isimip.org/ISIMIP3b/InputData/climate/atmosphere/bias-adjusted/global/daily/ssp585/IPSL-CM6A-LR/ipsl-cm6a-lr_r1i1p1f1_w5e5_ssp585_tas_global_daily_2021_2030.nc,CC0 1.0,true,false
ipsl-cm6a-lr,r1i1p1f1,ssp585,tas,1743fd86-2323-4d17-a718-21290e0f7fef,ipsl-cm6a-lr_r1i1p1f1_w5e5_ssp585_tas_global_daily,20210512,cce2cb9a-008c-4f7e-be74-4414fa3cc91a,ipsl-cm6a-lr_r1i1p1f1_w5e5_ssp585_tas_global_daily_2031_2040.nc,2031,2040,2063376880,c2379df417bdf0110186413d8ef2721b989f4e7634ede4b8eaf532715b3e7dcdd7cba9ae252f438ac3b6880709e38ee85da95d609f7c1b83b58609a54443cba1,https://files.isimip.org/ISIMIP3b/InputData/climate/atmosphere/bias-adjusted/global/daily/ssp585/IPSL-CM6A-LR/ipsl-cm6a-lr_r1i1p1f1_w5e5_ssp585_tas_global_daily_2031_2040.nc,CC0 1.0,true,false
ipsl-cm6a-lr,r1i1p1f1,ssp585,tas,1743fd86-2323-4d17-a718-21290e0f7fef,ipsl-cm6a-lr_r1i1p1f1_w5e5_ssp585_tas_global_daily,20210512,eeb6135a-b669-48ec-afc9-0a4177031187,ipsl-cm6a-lr_r1i1p1f1_w5e5_ssp585_tas_global_daily_2041_2050.nc,2041,2050,2063460657,93e532e429b950c82f1b1297d23e8bd82a2dc3fd53e6f6b319de6c1f4ad8027e5ad5ddfdf0081e0c2977aec1e855e6a01d8f689752ed0759384769e8db4b1a90,https://files.isimip.org/ISIMIP3b/InputData/climate/atmosphere/bias-adjusted/global/daily/ssp585/IPSL-CM6A-LR/ipsl-cm6a-lr_r1i1p1f1_w5e5_ssp585_tas_global_daily_2041_2050.nc,CC0 1.0,true,false
ipsl-cm6a-lr,r1i1p1f1,ssp585,tas,1743fd86-2323-4d17-a718-21290e0f7fef,ipsl-cm6a-lr_r1i1p1f1_w5e5_ssp585_tas_global_daily,20210512,c05800ea-dbfc-4c2a-8a51-c33256e0ab16,ipsl-cm6a-lr_r1i1p1f1_w5e5_ssp585_tas_global_daily_2051_2060.nc,2051,2060,2062580794,f81c3ce054f88121acb7b9696e9626d5b214de66c50b6b1146dfc88f8da91a18f2d79dd3dea8f49a9759aa79d1ce3d1c23173a34c86d88d288cdcf4d7aa37ad1,https://files.isimip.org/ISIMIP3b/InputData/climate/atmosphere/bias-adjusted/global/daily/ssp585/IPSL-CM6A-LR/ipsl-cm6a-lr_r1i1p1f1_w5e5_ssp585_tas_global_daily_2051_2060.nc,CC0 1.0,true,false
ipsl-cm6a-lr,r1i1p1f1,ssp585,tas,1743fd86-2323-4d17-a718-21290e0f7fef,ipsl-cm6a-lr_r1i1p1f1_w5e5_ssp585_tas_global_daily,20210512,8fae0701-2288-414d-a8d5-9bb21b8e5f9f,ipsl-cm6a-lr_r1i1p1f1_w5e5_ssp585_tas_global_daily_2061_2070.nc,2061,2070,2061061761,21769dad5a6b8e594dbb848c47104d2a701994804932a77ce8f6663b850898cc145307e7aba339fad0e07bfd4139c2141c7c65299c11e424719d05eba6cd6214,https://files.isimip.org/ISIMIP3b/InputData/climate/atmosphere/bias-adjusted/global/daily/ssp585/IPSL-CM6A-LR/ipsl-cm6a-lr_r1i1p1f1_w5e5_ssp585_tas_global_daily_2061_2070.nc,CC0 1.0,true,false
ipsl-cm6a-lr,r1i1p1f1,ssp585,tas,1743fd86-2323-4d17-a718-21290e0f7fef,ipsl-cm6a-lr_r1i1p1f1_w5e5_ssp585_tas_global_daily,20210512,a76504ac-460b-48bc-8f53-11c6faf76b60,ipsl-cm6a-lr_r1i1p1f1_w5e5_ssp585_tas_global_daily_2071_2080.nc,2071,2080,2062764488,95c16f261e09d5dfd40a24d0959e34c01d6aafcd18a34d7ef61ff13d10345dd5623bbb878d4b27ccf8fed6a53defa73f98fa2963925cc9d82d8c37fcb94330ab,https://files.isimip.org/ISIMIP3b/InputData/climate/atmosphere/bias-adjusted/global/daily/ssp585/IPSL-CM6A-LR/ipsl-cm6a-lr_r1i1p1f1_w5e5_ssp585_tas_global_daily_2071_2080.nc,CC0 1.0,true,false
ipsl-cm6a-lr,r1i1p1f1,ssp585,tas,1743fd86-2323-4d17-a718-21290e0f7fef,ipsl-cm6a-lr_r1i1p1f1_w5e5_ssp585_tas_global_daily,20210512,16fa9ed3-22d8-49f3-87aa-d1be01524206,ipsl-cm6a-lr_r1i1p1f1_w5e5_ssp585_tas_global_daily_2081_2090.nc,2081,2090,2061100491,825b2f1452bb56693a00a50cfd10cf24954f39aef7683d97802d240602898ca24c794d013a1f5f16a7477e71649d369ef150461d3e77d653fe3ac1361a44186e,https://files.isimip.org/ISIMIP3b/InputData/climate/atmosphere/bias-adjusted/global/daily/ssp585/IPSL-CM6A-LR/ipsl-cm6a-lr_r1i1p1f1_w5e5_ssp585_tas_global_daily_2081_2090.nc,CC0 1.0,true,false
ipsl-cm6a-lr,r1i1p1f1,ssp585,tas,1743fd86-2323-4d17-a718-21290e0f7fef,ipsl-cm6a-lr_r1i1p1f1_w5e5_ssp585_tas_global_daily,20210512,30f61c4e-a04f-4653-8fbc-d2df17bcc40c,ipsl-cm6a-lr_r1i1p1f1_w5e5_ssp585_tas_global_daily_2091_2100.nc,2091,2100,2060349832,76e2663a79b74e3b3c5ef4a932a88961c78b50b8126e3f3b9bca5f0882f3c0985ad50555d2e45a2ae206fb645aa962893621e53c5320e77e66d0a2b4b5cdc46a,https://files.isimip.org/ISIMIP3b/InputData/climate/atmosphere/bias-adjusted/global/daily/ssp585/IPSL-CM6A-LR/ipsl-cm6a-lr_r1i1p1f1_w5e5_ssp585_tas_global_daily_2091_2100.nc,CC0 1.0,true,false
mpi-esm1-2-hr,r1i1p1f1,ssp126,pr,6d0d3dc0-b9cc-4767-8380-1df35ea91791,mpi-esm1-2-hr_r1i1p1f1_w5e5_ssp126_pr_global_daily,20210512,86ee87ba-c522-4741-8c92-37ea0937145b,mpi-esm1-2-hr_r1i1p1f1_w5e5_ssp126_pr_global_daily_2015_2020.nc,2015,2020,1260292211,a1d958d02a8a047f1f8e9902f08acc8355934d9ca38ec26275c41169752274993d52bdba2c0e569b643d56e6b5ed94709fe0ee816c0d9ab1d458b04dd5d7e966,https://files.isimip.org/ISIMIP3b/InputData/climate/atmosphere/bias-adjusted/global/daily/ssp126/MPI-ESM1-2-HR/mpi-esm1-2-hr_r1i1p1f1_w5e5_ssp126_pr_global_daily_2015_2020.nc,CC0 1.0,true,false
mpi-esm1-2-hr,r1i1p1f1,ssp126,pr,6d0d3dc0-b9cc-4767-8380-1df35ea91791,mpi-esm1-2-hr_r1i1p1f1_w5e5_ssp126_pr_global_daily,20210512,9ee4e6e5-4220-4f2d-97fa-67c1585a4afe,mpi-esm1-2-hr_r1i1p1f1_w5e5_ssp126_pr_global_daily_2021_2030.nc,2021,2030,2101755888,0b8f20b78831f51697a9380094d8e840cde5d106a47d027e5b640e9901d8cf32d556ba85d791b6e7bcdb2891c827325e8d452db390ab0febcff3f2510a3e7db4,https://files.isimip.org/ISIMIP3b/InputData/climate/atmosphere/bias-adjusted/global/daily/ssp126/MPI-ESM1-2-HR/mpi-esm1-2-hr_r1i1p1f1_w5e5_ssp126_pr_global_daily_2021_2030.nc,CC0 1.0,true,false
mpi-esm1-2-hr,r1i1p1f1,ssp126,pr,6d0d3dc0-b9cc-4767-8380-1df35ea91791,mpi-esm1-2-hr_r1i1p1f1_w5e5_ssp126_pr_global_daily,20210512,abd0ead0-2cbd-4516-a03a-4e85a39258cb,mpi-esm1-2-hr_r1i1p1f1_w5e5_ssp126_pr_global_daily_2031_2040.nc,2031,2040,2094554575,da983b510407416d71c6710ec626a0c8c26bc861d40effcf012bc11e93f4888775e4f03afeeab20957f506b42965f5622ca9f1857be3c944f9ebfbfb51001fb3,https://files.isimip.org/ISIMIP3b/InputData/climate/atmosphere/bias-adjusted/global/daily/ssp126/MPI-ESM1-2-HR/mpi-esm1-2-hr_r1i1p1f1_w5e5_ssp126_pr_global_daily_2031_2040.nc,CC0 1.0,true,false
mpi-esm1-2-hr,r1i1p1f1,ssp126,pr,6d0d3dc0-b9cc-4767-8380-1df35ea91791,mpi-esm1-2-hr_r1i1p1f1_w5e5_ssp126_pr_global_daily,20210512,11a69b81-684c-471e-adaf-293d22d88d5a,mpi-esm1-2-hr_r1i1p1f1_w5e5_ssp126_pr_global_daily_2041_2050.nc,2041,2050,2101460975,d440100522c9d66871e3ac1f22c79d6a112cbfef6844fe7210b5e45228fb8c78625fc288c7992525c1dc7aa1a5f3611b5c5a8356fcd06871cabd59e706fbe7f8,https://files.isimip.org/ISIMIP3b/InputData/climate/atmosphere/bias-adjusted/global/daily/ssp126/MPI-ESM1-2-HR/mpi-esm1-2-hr_r1i1p1f1_w5e5_ssp126_pr_global_daily_2041_2050.nc,CC0 1.0,true,false
mpi-esm1-2-hr,r1i1p1f1,ssp126,pr,6d0d3dc0-b9cc-4767-8380-1df35ea91791,mpi-esm1-2-hr_r1i1p1f1_w5e5_ssp126_pr_global_daily,20210512,bcd46aee-2398-4e1d-a3f4-2dda755569c8,mpi-esm1-2-hr_r1i1p1f1_w5e5_ssp126_pr_global_daily_2051_2060.nc,2051,2060,2100629122,ff165ade9e28bc1a1989b385de0e8b84ba8b931b51b2167a4ac1f9275e41b61c5d56ba02885831df8f5ad104b69a0a2ccdac5bfe5f422c3b81154684174a65b1,https://files.isimip.org/ISIMIP3b/InputData/climate/atmosphere/bias-adjusted/global/daily/ssp126/MPI-ESM1-2-HR/mpi-esm1-2-hr_r1i1p1f1_w5e5_ssp126_pr_global_daily_2051_2060.nc,CC0 1.0,true,false
mpi-esm1-2-hr,r1i1p1f1,ssp126,pr,6d0d3dc0-b9cc-4767-8380-1df35ea91791,mpi-esm1-2-hr_r1i1p1f1_w5e5_ssp126_pr_global_daily,20210512,2df94e53-9567-4cf4-9c66-03f2aa132a86,mpi-esm1-2-hr_r1i1p1f1_w5e5_ssp126_pr_global_daily_2061_2070.nc,2061,2070,2099110907,aa877bf30c55797450df97a64dc333e795b8a7b7871793e505ab691ca7500ec29382b8fe0c9b73fa9d58e22fe251726523ce458fce3a12b29010b544c07d0245,https://files.isimip.org/ISIMIP3b/InputData/climate/atmosphere/bias-adjusted/global/daily/ssp126/MPI-ESM1-2-HR/mpi-esm1-2-hr_r1i1p1f1_w5e5_ssp126_pr_global_daily_2061_2070.nc,CC0 1.0,true,false
mpi-esm1-2-hr,r1i1p1f1,ssp126,pr,6d0d3dc0-b9cc-4767-8380-1df35ea91791,mpi-esm1-2-hr_r1i1p1f1_w5e5_ssp126_pr_global_daily,20210512,30adae20-6957-49d9-8b3e-6c91fc098096,mpi-esm1-2-hr_r1i1p1f1_w5e5_ssp126_pr_global_daily_2071_2080.nc,2071,2080,2101816794,afd528a094ebbd5c4c7c6b7b3f968ddac99987c150dca680143fa4c123a14cca9f0c780c3c427dd1096ee5710590f19dd8f0ad2591eeb2e8d142a0ab99a5c210,https://files.isimip.org/ISIMIP3b/InputData/climate/atmosphere/bias-adjusted/global/daily/ssp126/MPI-ESM1-2-HR/mpi-esm1-2-hr_r1i1p1f1_w5e5_ssp126_pr_global_daily_2071_2080.nc,CC0 1.0,true,false
mpi-esm1-2-hr,r1i1p1f1,ssp126,pr,6d0d3dc0-b9cc-4767-8380-1df35ea91791,mpi-esm1-2-hr_r1i1p1f1_w5e5_ssp126_pr_global_daily,20210512,d888fe6d-a608-4131-a8c5-4e9ff01812bd,mpi-esm1-2-hr_r1i1p1f1_w5e5_ssp126_pr_global_daily_2081_2090.nc,2081,2090,2103380705,8cafbe2689570c2df1f81c30cec7f753b5ed3c3e31bb66ebbf1489dcbf1fdbf2479039bf91c0f32901744d7ea8900c4bd9ef76ef15a2cb06bce2137025e08542,https://files.isimip.org/ISIMIP3b/InputData/climate/atmosphere/bias-adjusted/global/daily/ssp126/MPI-ESM1-2-HR/mpi-esm1-2-hr_r1i1p1f1_w5e5_ssp126_pr_global_daily_2081_2090.nc,CC0 1.0,true,false
mpi-esm1-2-hr,r1i1p1f1,ssp126,pr,6d0d3dc0-b9cc-4767-8380-1df35ea91791,mpi-esm1-2-hr_r1i1p1f1_w5e5_ssp126_pr_global_daily,20210512,2e944c6e-8c30-4c11-9c45-5de6df77bd35,mpi-esm1-2-hr_r1i1p1f1_w5e5_ssp126_pr_global_daily_2091_2100.nc,2091,2100,2100494316,da45a0947e56af2a0757914e17847c2a58819657a2e2f891574c5f0f3f12511d0dd3e8313ee9e714d2c84932a00486978a1584dc78e8933b6e4509f07536b01b,https://files.isimip.org/ISIMIP3b/InputData/climate/atmosphere/bias-adjusted/global/daily/ssp126/MPI-ESM1-2-HR/mpi-esm1-2-hr_r1i1p1f1_w5e5_ssp126_pr_global_daily_2091_2100.nc,CC0 1.0,true,false
mpi-esm1-2-hr,r1i1p1f1,ssp126,tas,a3989ae4-3968-4e50-9b68-3396751a6c96,mpi-esm1-2-hr_r1i1p1f1_w5e5_ssp126_tas_global_daily,20210512,c871da72-0192-4a77-8748-9e1ff158c6d2,mpi-esm1-2-hr_r1i1p1f1_w5e5_ssp126_tas_global_daily_2015_2020.nc,2015,2020,1236783447,9a23e2141693d5c7693f4cb78f264473b0fdac05082cfe59ce39faf40206867c6ec9bd7d1e00a671b435796b0ec1f58b1f4bcef8379e26fcd58639778dbab717,https://files.isimip.org/ISIMIP3b/InputData/climate/atmosphere/bias-adjusted/global/daily/ssp126/MPI-ESM1-2-HR/mpi-esm1-2-hr_r1i1p1f1_w5e5_ssp126_tas_global_daily_2015_2020.nc,CC0 1.0,true,false
mpi-esm1-2-hr,r1i1p1f1,ssp126,tas,a3989ae4-3968-4e50-9b68-3396751a6c96,mpi-esm1-2-hr_r1i1p1f1_w5e5_ssp126_tas_global_daily,20210512,04669460-bdf0-4a43-8800-f2f5784e1822,mpi-esm1-2-hr_r1i1p1f1_w5e5_ssp126_tas_global_daily_2021_2030.nc,2021,2030,2056988741,66669810f86134b23eff617a491f93955641864b22f6897452e8f5776cfa76441bc3303995222e21afdac54e733feb247359129bea5eb640ef5487c5b3997186,https://files.isimip.org/ISIMIP3b/InputData/climate/atmosphere/bias-adjusted/global/daily/ssp126/MPI-ESM1-2-HR/mpi-esm1-2-hr_r1i1p1f1_w5e5_ssp126_tas_global_daily_2021_2030.nc,CC0 1.0,true,false
mpi-esm1-2-hr,r1i1p1f1,ssp126,tas,a3989ae4-3968-4e50-9b68-3396751a6c96,mpi-esm1-2-hr_r1i1p1f1_w5e5_ssp126_tas_global_daily,20210512,aed2f3aa-c05d-455d-a958-c5b40965ecfa,mpi-esm1-2-hr_r1i1p1f1_w5e5_ssp126_tas_global_daily_2031_2040.nc,2031,2040,2057267345,1427cdcbcde81b4de9c67f49703286eee17527a531c84b3f38981c1ae344f9a011deae7a83d9604e9d228dff2576929f3cb4e25c56f74770dc1e783f4e2ac3b0,https://files.isimip.org/ISIMIP3b/InputData/climate/atmosphere/bias-adjusted/global/daily/ssp126/MPI-ESM1-2-HR/mpi-esm1-2-hr_r1i1p1f1_w5e5_ssp126_tas_global_daily_2031_2040.nc,CC0 1.0,true,false
mpi-esm1-2-hr,r1i1p1f1,ssp126,tas,a3989ae4-3968-4e50-9b68-3396751a6c96,mpi-esm1-2-hr_r1i1p1f1_w5e5_ssp126_tas_global_daily,20210512,5eace7d6-7b55-4007-bd52-c45cf7e0fa42,mpi-esm1-2-hr_r1i1p1f1_w5e5_ssp126_tas_global_daily_2041_2050.nc,2041,2050,2056537310,ca5b2d99bdb89be34dc8cb04dc6f6863280a5f0d46a827abfab3d03f9f10b6ca0e6992614470ff7eea8ca5af5853bc93ecf9d3762300d870652c1a1b724f34f3,https://files.isimip.org/ISIMIP3b/InputData/climate/atmosphere/bias-adjusted/global/daily/ssp126/MPI-ESM1-2-HR/mpi-esm1-2-hr_r1i1p1f1_w5e5_ssp126_tas_global_daily_2041_2050.nc,CC0 1.0,true,false
mpi-esm1-2-hr,r1i1p1f1,ssp126,tas,a3989ae4-3968-4e50-9b68-3396751a6c96,mpi-esm1-2-hr_r1i1p1f1_w5e5_ssp126_tas_global_daily,20210512,bd9c50a1-060a-4e98-bc01-aa869473a5d3,mpi-esm1-2-hr_r1i1p1f1_w5e5_ssp126_tas_global_daily_2051_2060.nc,2051,2060,2056964527,8b7768e22113f4d3624eb3b072d049e4b6341ef64dd76b99488f2e1e6a31b85ef123d8f73c28854b6757ed32a9828573e911cc34768ac11cb8513c099af65255,https://files.isimip.org/ISIMIP3b/InputData/climate/atmosphere/bias-adjusted/global/daily/ssp126/MPI-ESM1-2-HR/mpi-esm1-2-hr_r1i1p1f1_w5e5_ssp126_tas_global_daily_2051_2060.nc,CC0 1.0,true,false
mpi-esm1-2-hr,r1i1p1f1,ssp126,tas,a3989ae4-3968-4e50-9b68-3396751a6c96,mpi-esm1-2-hr_r1i1p1f1_w5e5_ssp126_tas_global_daily,20210512,aac94c5d-7fd7-45f3-8c3a-d52d914e6245,mpi-esm1-2-hr_r1i1p1f1_w5e5_ssp126_tas_global_daily_2061_2070.nc,2061,2070,2056301970,cb858e0eccbe9e638ae8858bbb75c0906c675c594a4b7114d6c515520a166f41fb710777d49cb6851caf095556b2b255a023d53ce369ed7281b108b2c4a765c7,https://files.isimip.org/ISIMIP3b/InputData/climate/atmosphere/bias-adjusted/global/daily/ssp126/MPI-ESM1-2-HR/mpi-esm1-2-hr_r1i1p1f1_w5e5_ssp126_tas_global_daily_2061_2070.nc,CC0 1.0,true,false
mpi-esm1-2-hr,r1i1p1f1,ssp126,tas,a3989ae4-3968-4e50-9b68-3396751a6c96,mpi-esm1-2-hr_r1i1p1f1_w5e5_ssp126_tas_global_daily,20210512,0fd59115-8420-44e6-99b7-d86fec748c56,mpi-esm1-2-hr_r1i1p1f1_w5e5_ssp126_tas_global_daily_2071_2080.nc,2071,2080,2056769379,9a8cd12166e61c469119bf27a11e2b6caea63001bc0172a458f72ba18ca5ea6f63a5ca9a59763bc1bbd8872f18e446f15e1f089cc47052d3b0fd42eda9469211,https://files.isimip.org/ISIMIP3b/InputData/climate/atmosphere/bias-adjusted/global/daily/ssp126/MPI-ESM1-2-HR/mpi-esm1-2-hr_r1i1p1f1_w5e5_ssp126_tas_global_daily_2071_2080.nc,CC0 1.0,true,false
mpi-esm1-2-hr,r1i1p1f1,ssp126,tas,a3989ae4-3968-4e50-9b68-3396751a6c96,mpi-esm1-2-hr_r1i1p1f1_w5e5_ssp126_tas_global_daily,20210512,aa970ff7-6104-4072-b8a3-6902a74c9f0b,mpi-esm1-2-hr_r1i1p1f1_w5e5_ssp126_tas_global_daily_2081_2090.nc,2081,2090,2056321931,4c3a663d294aad1d1696a21d2659ddec99baee4db827508782cfb6fbcbeb1cfff4f194604b74bb35a45337732746a2bd8523a70510abc8ed789afa714a0938b8,https://files.isimip.org/ISIMIP3b/InputData/climate/atmosphere/bias-adjusted/global/daily/ssp126/MPI-ESM1-2-HR/mpi-esm1-2-hr_r1i1p1f1_w5e5_ssp126_tas_global_daily_2081_2090.nc,CC0 1.0,true,false
mpi-esm1-2-hr,r1i1p1f1,ssp126,tas,a3989ae4-3968-4e50-9b68-3396751a6c96,mpi-esm1-2-hr_r1i1p1f1_w5e5_ssp126_tas_global_daily,20210512,0b0ffe74-ec47-4a94-b42e-8b0160932677,mpi-esm1-2-hr_r1i1p1f1_w5e5_ssp126_tas_global_daily_2091_2100.nc,2091,2100,2056667735,d5283aaf99721fa973ddd151e8116eaedd0ac5ade62226321b2e3db7031c9df4a64981ef42e600c072d8e8cd94681502118df4b500f89902f39280b06865a3ed,https://files.isimip.org/ISIMIP3b/InputData/climate/atmosphere/bias-adjusted/global/daily/ssp126/MPI-ESM1-2-HR/mpi-esm1-2-hr_r1i1p1f1_w5e5_ssp126_tas_global_daily_2091_2100.nc,CC0 1.0,true,false
mpi-esm1-2-hr,r1i1p1f1,ssp370,pr,acb43507-b914-4028-aa15-67a7f51fa14e,mpi-esm1-2-hr_r1i1p1f1_w5e5_ssp370_pr_global_daily,20210512,cb17f3da-def6-4019-9c61-5a4558034b82,mpi-esm1-2-hr_r1i1p1f1_w5e5_ssp370_pr_global_daily_2015_2020.nc,2015,2020,1259943664,98990c5b1ac23a658773358fdc7bda97e53ca1369c6913452313fcd8649d695735eaa060b2ab7dfa0c7475038d9615cd83ed1318029edb93687f412b043cca54,https://files.isimip.org/ISIMIP3b/InputData/climate/atmosphere/bias-adjusted/global/daily/ssp370/MPI-ESM1-2-HR/mpi-esm1-2-hr_r1i1p1f1_w5e5_ssp370_pr_global_daily_2015_2020.nc,CC0 1.0,true,false
mpi-esm1-2-hr,r1i1p1f1,ssp370,pr,acb43507-b914-4028-aa15-67a7f51fa14e,mpi-esm1-2-hr_r1i1p1f1_w5e5_ssp370_pr_global_daily,20210512,e97e7591-402f-447e-a76b-383eec47cd91,mpi-esm1-2-hr_r1i1p1f1_w5e5_ssp370_pr_global_daily_2021_2030.nc,2021,2030,2099475822,8736166211323b11f92b5b2d876e8355cc5d2bdba453a10919e4b6f51fec3850f4983f9e293ec6f7e426c0cd836cb18e39d11ac06e4517dff4120c0ef007b6b6,https://files.isimip.org/ISIMIP3b/InputData/climate/atmosphere/bias-adjusted/global/daily/ssp370/MPI-ESM1-2-HR/mpi-esm1-2-hr_r1i1p1f1_w5e5_ssp370_pr_global_daily_2021_2030.nc,CC0 1.0,true,false
mpi-esm1-2-hr,r1i1p1f1,ssp370,pr,acb43507-b914-4028-aa15-67a7f51fa14e,mpi-esm1-2-hr_r1i1p1f1_w5e5_ssp370_pr_global_daily,20210512,4e85b8bd-0fac-41fc-967a-47853ca0e7e9,mpi-esm1-2-hr_r1i1p1f1_w5e5_ssp370_pr_global_daily_2031_2040.nc,2031,2040,2096526580,e90aa37f71705e4ff3c962107f1767f448cad5cb31a47666b1f982afae9192d2cc8ae1052e56a24157a57c6320fc026ca8e52be40b72faa9044f99029ad167f2,https://files.isimip.org/ISIMIP3b/InputData/climate/atmosphere/bias-adjusted/global/daily/ssp370/MPI-ESM1-2-HR/mpi-esm1-2-hr_r1i1p1f1_w5e5_ssp370_pr_global_daily_2031_2040.nc,CC0 1.0,true,false
mpi-esm1-2-hr,r1i1p1f1,ssp370,pr,acb43507-b914-4028-aa15-67a7f51fa14e,mpi-esm1-2-hr_r1i1p1f1_w5e5_ssp370_pr_global_daily,20210512,2a12cddd-188d-4b20-88e1-7329981aaa3f,mpi-esm1-2-hr_r1i1p1f1_w5e5_ssp370_pr_global_daily_2041_2050.nc,2041,2050,2100658933,e27d65356a56b5479ef064c0a433b7340066b4d42a46bfa7a0357f351ca5f1b052aa4f6270b203b4283d2e11bfa44ffd33287338ec0382969ac87f857a460149,https://files.isimip.org/ISIMIP3b/InputData/climate/atmosphere/bias-adjusted/global/daily/ssp370/MPI-ESM1-2-HR/mpi-esm1-2-hr_r1i1p1f1_w5e5_ssp370_pr_global_daily_2041_2050.nc,CC0 1.0,true,false
mpi-esm1-2-hr,r1i1p1f1,ssp370,pr,acb43507-b914-4028-aa15-67a7f51fa14e,mpi-esm1-2-hr_r1i1p1f1_w5e5_ssp370_pr_global_daily,20210512,b18ff260-5fad-42ac-bbb3-6d2c368c992d,mpi-esm1-2-hr_r1i1p1f1_w5e5_ssp370_pr_global_daily_2051_2060.nc,2051,2060,2099070223,7971ba66b85d0f8aaf81676e47d4d30ba133c6c5848d38e7fa0442a233edaa36f94e889f57a87947ca1afe67a990b189365152a21c52ecaff99e4da3372b0e8b,https://files.isimip.org/ISIMIP3b/InputData/climate/atmosphere/bias-adjusted/global/daily/ssp370/MPI-ESM1-2-HR/mpi-esm1-2-hr_r1i1p1f1_w5e5_ssp370_pr_global_daily_2051_2060.nc,CC0 1.0,true,false
mpi-esm1-2-hr,r1i1p1f1,ssp370,pr,acb43507-b914-4028-aa15-67a7f51fa14e,mpi-esm1-2-hr_r1i1p1f1_w5e5_ssp370_pr_global_daily,20210512,0745a070-9c65-49c1-8734-9f34551acba8,mpi-esm1-2-hr_r1i1p1f1_w5e5_ssp370_pr_global_daily_2061_2070.nc,2061,2070,2093881189,17b33da6f4ab6555d8819570c7d35b6f27287014fe9131f8985a3d77cffb86512ce688ae4ba8dd0ad611f0665eec08aeaae188829cc50ef3dfaa3f8369fa9a7c,https://files.isimip.org/ISIMIP3b/InputData/climate/atmosphere/bias-adjusted/global/daily/ssp370/MPI-ESM1-2-HR/mpi-esm1-2-hr_r1i1p1f1_w5e5_ssp370_pr_global_daily_2061_2070.nc,CC0 1.0,true,false
mpi-esm1-2-hr,r1i1p1f1,ssp370,pr,acb43507-b914-4028-aa15-67a7f51fa14e,mpi-esm1-2-hr_r1i1p1f1_w5e5_ssp370_pr_global_daily,20210512,b54d30fd-4527-471f-bf97-dfb09220f7c7,mpi-esm1-2-hr_r1i1p1f1_w5e5_ssp370_pr_global_daily_2071_2080.nc,2071,2080,2100554147,41612df1b4ac67904b85e6140c81384dca32753f70d305ee7b1ef6ad0dcd7b1a9377c441e2d6fc2a26478a96d76392a233f466ba79e1214e58cb017c972b0d50,https://files.isimip.org/ISIMIP3b/InputData/climate/atmosphere/bias-adjusted/global/daily/ssp370/MPI-ESM1-2-HR/mpi-esm1-2-hr_r1i1p1f1_w5e5_ssp370_pr_global_daily_2071_2080.nc,CC0 1.0,true,false
mpi-esm1-2-hr,r1i1p1f1,ssp370,pr,acb43507-b914-4028-aa15-67a7f51fa14e,mpi-esm1-2-hr_r1i1p1f1_w5e5_ssp370_pr_global_daily,20210512,9194e02a-4bf6-48fa-9df7-bc9697ab475d,mpi-esm1-2-hr_r1i1p1f1_w5e5_ssp370_pr_global_daily_2081_2090.nc,2081,2090,2097934882,75011dc6cb24b84e91abea9c8a7bf97f1116de49faa0ed25feec1221f1a18904f0eff759389d33c9cb140abf06d7133ff0f4d4be63abebc5d5a266f49933802a,https://files.isimip.org/ISIMIP3b/InputData/climate/atmosphere/bias-adjusted/global/daily/ssp370/MPI-ESM1-2-HR/mpi-esm1-2-hr_r1i1p1f1_w5e5_ssp370_pr_global_daily_2081_2090.nc,CC0 1.0,true,false
mpi-esm1-2-hr,r1i1p1f1,ssp370,pr,acb43507-b914-4028-aa15-67a7f51fa14e,mpi-esm1-2-hr_r1i1p1f1_w5e5_ssp370_pr_global_daily,20210512,ea0507e8-3f21-4dc7-b0b3-0c888fdb9ec8,mpi-esm1-2-hr_r1i1p1f1_w5e5_ssp370_pr_global_daily_2091_2100.nc,2091,2100,2101544360,0b1cceaa9786b24075d47725bbfe377ea3db6cd030afd75ebc2962f566eaa11c5ce4e3e50ae4b9c3576abbd45c036331d80a9553c8fb05bc7d07f0d3051c5e94,https://files.isimip.org/ISIMIP3b/InputData/climate/atmosphere/bias-adjusted/global/daily/ssp370/MPI-ESM1-2-HR/mpi-esm1-2-hr_r1i1p1f1_w5e5_ssp370_pr_global_daily_2091_2100.nc,CC0 1.0,true,false
mpi-esm1-2-hr,r1i1p1f1,ssp370,tas,4f168a86-5cc5-4745-ab2a-950454a35fe5,mpi-esm1-2-hr_r1i1p1f1_w5e5_ssp370_tas_global_daily,20210512,45924971-2fe1-4f4d-b705-ab993a5255af,mpi-esm1-2-hr_r1i1p1f1_w5e5_ssp370_tas_global_daily_2015_2020.nc,2015,2020,1236881504,9e454094c5af7df7d97ebce234d360d891dc08e4e2995b2f006f9443b9675a3e451b0a3c550985a0a691658768e833ae1425308a8c47757d62ba89b0de1f9a35,https://files.isimip.org/ISIMIP3b/InputData/climate/atmosphere/bias-adjusted/global/daily/ssp370/MPI-ESM1-2-HR/mpi-esm1-2-hr_r1i1p1f1_w5e5_ssp370_tas_global_daily_2015_2020.nc,CC0 1.0,true,false
mpi-esm1-2-hr,r1i1p1f1,ssp370,tas,4f168a86-5cc5-4745-ab2a-950454a35fe5,mpi-esm1-2-hr_r1i1p1f1_w5e5_ssp370_tas_global_daily,20210512,f98d5430-3e2a-4c11-9425-2a62d09c6a99,mpi-esm1-2-hr_r1i1p1f1_w5e5_ssp370_tas_global_daily_2021_2030.nc,2021,2030,2057253426,5ede22926fda79427fc3c9bddbc08b53bee3ccb15c5e52832969d16d666e201f6f6000f259e558a47651e2640c52da8b0048c7c5180293c29ca3fcde26368dda,https://files.isimip.org/ISIMIP3b/InputData/climate/atmosphere/bias-adjusted/global/daily/ssp370/MPI-ESM1-2-HR/mpi-esm1-2-hr_r1i1p1f1_w5e5_ssp370_tas_global_daily_2021_2030.nc,CC0 1.0,true,false
mpi-esm1-2-hr,r1i1p1f1,ssp370,tas,4f168a86-5cc5-4745-ab2a-950454a35fe5,mpi-esm1-2-hr_r1i1p1f1_w5e5_ssp370_tas_global_daily,20210512,aa2cc3b8-214a-4c46-8c0c-a729469e91d9,mpi-esm1-2-hr_r1i1p1f1_w5e5_ssp370_tas_global_daily_2031_2040.nc,2031,2040,2056385325,f27c9601595566ce2040486a3d4cb5836447c60055887a46e719e1cb62555ee1d01f6a4ea0731eb6cfe7efda34109136eb72540114f759010d4d398838bf46c4,https://files.isimip.org/ISIMIP3b/InputData/climate/atmosphere/bias-adjusted/global/daily/ssp370/MPI-ESM1-2-HR/mpi-esm1-2-hr_r1i1p1f1_w5e5_ssp370_tas_global_daily_2031_2040.nc,CC0 1.0,true,false
mpi-esm1-2-hr,r1i1p1f1,ssp370,tas,4f168a86-5cc5-4745-ab2a-950454a35fe5,mpi-esm1-2-hr_r1i1p1f1_w5e5_ssp370_tas_global_daily,20210512,994d678c-4b61-469c-9523-33c15d96483f,mpi-esm1-2-hr_r1i1p1f1_w5e5_ssp370_tas_global_daily_2041_2050.nc,2041,2050,2056031651,e0fef27842eb09f1776c318ebe088c90c42de5039b0a56847f891d5c3061731c1a10411b50fba2872e05bd3988960e9540ca3afd0a059303e47bfb77d69361a6,https://files.isimip.org/ISIMIP3b/InputData/climate/atmosphere/bias-adjusted/global/daily/ssp370/MPI-ESM1-2-HR/mpi-esm1-2-hr_r1i1p1f1_w5e5_ssp370_tas_global_daily_2041_2050.nc,CC0 1.0,true,false
mpi-esm1-2-hr,r1i1p1f1,ssp370,tas,4f168a86-5cc5-4745-ab2a-950454a35fe5,mpi-esm1-2-hr_r1i1p1f1_w5e5_ssp370_tas_global_daily,20210512,5a613383-2cc9-4c5b-8d6e-f1f1f1c336b5,mpi-esm1-2-hr_r1i1p1f1_w5e5_ssp370_tas_global_daily_2051_2060.nc,2051,2060,2055769384,856640e996ea9e8d71d1e4bd102a2f3a60b66e372d1b558af31220cf893eb274404dd563dba52ce0e55fa1703dbb6b6c181a32f1218a3f2d162aae2b38beaec3,https://files.isimip.org/ISIMIP3b/InputData/climate/atmosphere/bias-adjusted/global/daily/ssp370/MPI-ESM1-2-HR/mpi-esm1-2-hr_r1i1p1f1_w5e5_ssp370_tas_global_daily_2051_2060.nc,CC0 1.0,true,false
mpi-esm1-2-hr,r1i1p1f1,ssp370,tas,4f168a86-5cc5-4745-ab2a-950454a35fe5,mpi-esm1-2-hr_r1i1p1f1_w5e5_ssp370_tas_global_daily,20210512,5f660eb8-3a37-442a-83dd-5110b7f08334,mpi-esm1-2-hr_r1i1p1f1_w5e5_ssp370_tas_global_daily_2061_2070.nc,2061,2070,2055174755,6739e92b50755e8c5ea3c1bee553b18384e33f3104af227e5073c14cb33445d403a229e1607e905ed40746096b204f2c1d956325735742c3b7aad31bdae176ed,https://files.isimip.org/ISIMIP3b/InputData/climate/atmosphere/bias-adjusted/global/daily/ssp370/MPI-ESM1-2-HR/mpi-esm1-2-hr_r1i1p1f1_w5e5_ssp370_tas_global_daily_2061_2070.nc,CC0 1.0,true,false
mpi-esm1-2-hr,r1i1p1f1,ssp370,tas,4f168a86-5cc5-4745-ab2a-950454a35fe5,mpi-esm1-2-hr_r1i1p1f1_w5e5_ssp370_tas_global_daily,20210512,2b785404-a4af-41c3-ab65-7003280b05f6,mpi-esm1-2-hr_r1i1p1f1_w5e5_ssp370_tas_global_daily_2071_2080.nc,2071,2080,2055755174,b56f58297ced0ab93ef374290e0e70063352b8c2f0570cf3a305047cad8cd74ff52200412f0ee08775d5d70cc882dd9bb193c1a3971c1ce01f3e49a28fdcdc3c,https://files.isimip.org/ISIMIP3b/InputData/climate/atmosphere/bias-adjusted/global/daily/ssp370/MPI-ESM1-2-HR/mpi-esm1-2-hr_r1i1p1f1_w5e5_ssp370_tas_global_daily_2071_2080.nc,CC0 1.0,true,false
mpi-esm1-2-hr,r1i1p1f1,ssp370,tas,4f168a86-5cc5-4745-ab2a-950454a35fe5,mpi-esm1-2-hr_r1i1p1f1_w5e5_ssp370_tas_global_daily,20210512,f97d6901-5bd5-476b-9aa8-fecd05765548,mpi-esm1-2-hr_r1i1p1f1_w5e5_ssp370_tas_global_daily_2081_2090.nc,2081,2090,2054662289,3fef2eb1fd1b2cee0f5cf9b9ccbf6f09be373de8e954161df106d7fe8db9536b4bddc2feb20424674cbcf8fdc466946636152f75abb99d61446e8b64adf6662c,https://files.isimip.org/ISIMIP3b/InputData/climate/atmosphere/bias-adjusted/global/daily/ssp370/MPI-ESM1-2-HR/mpi-esm1-2-hr_r1i1p1f1_w5e5_ssp370_tas_global_daily_2081_2090.nc,CC0 1.0,true,false
mpi-esm1-2-hr,r1i1p1f1,ssp370,tas,4f168a86-5cc5-4745-ab2a-950454a35fe5,mpi-esm1-2-hr_r1i1p1f1_w5e5_ssp370_tas_global_daily,20210512,1eebb2de-d252-4952-8794-5c7d5d472ed3,mpi-esm1-2-hr_r1i1p1f1_w5e5_ssp370_tas_global_daily_2091_2100.nc,2091,2100,2053980337,83a7e0386540a362c4d310c5a0db7ad096a4c255f2f5878660235f73d176d148147bd12f6bda49f1c7c642fa585f570795581974356b187408e678ffefa11bdf,https://files.isimip.org/ISIMIP3b/InputData/climate/atmosphere/bias-adjusted/global/daily/ssp370/MPI-ESM1-2-HR/mpi-esm1-2-hr_r1i1p1f1_w5e5_ssp370_tas_global_daily_2091_2100.nc,CC0 1.0,true,false
mpi-esm1-2-hr,r1i1p1f1,ssp585,pr,9c04961f-4609-44b2-94bb-a33d20fc2762,mpi-esm1-2-hr_r1i1p1f1_w5e5_ssp585_pr_global_daily,20210512,e2657ce0-02ff-41e2-9106-71bdf3635520,mpi-esm1-2-hr_r1i1p1f1_w5e5_ssp585_pr_global_daily_2015_2020.nc,2015,2020,1259751227,73b08e556111782651a0918371f07764a4c98b9dccbdfa9c54c0a62d8033bfcad72811dc1bf4c4e475ea376b9e306149655531c7ba8ff91f9945df0630201adb,https://files.isimip.org/ISIMIP3b/InputData/climate/atmosphere/bias-adjusted/global/daily/ssp585/MPI-ESM1-2-HR/mpi-esm1-2-hr_r1i1p1f1_w5e5_ssp585_pr_global_daily_2015_2020.nc,CC0 1.0,true,false
mpi-esm1-2-hr,r1i1p1f1,ssp585,pr,9c04961f-4609-44b2-94bb-a33d20fc2762,mpi-esm1-2-hr_r1i1p1f1_w5e5_ssp585_pr_global_daily,20210512,fc2313e1-6575-4311-9db6-9cc7f7e5d5ab,mpi-esm1-2-hr_r1i1p1f1_w5e5_ssp585_pr_global_daily_2021_2030.nc,2021,2030,2093360691,ba5f52067fa9ac26de7b3aed5571373e211eb20bb15e0092dedbe7120a9649e96fb0e0bd76ace23b8424bab656d737a8543af9e8cf896904e4de9d064fc30379,https://files.isimip.org/ISIMIP3b/InputData/climate/atmosphere/bias-adjusted/global/daily/ssp585/MPI-ESM1-2-HR/mpi-esm1-2-hr_r1i1p1f1_w5e5_ssp585_pr_global_daily_2021_2030.nc,CC0 1.0,true,false
mpi-esm1-2-hr,r1i1p1f1,ssp585,pr,9c04961f-4609-44b2-94bb-a33d20fc2762,mpi-esm1-2-hr_r1i1p1f1_w5e5_ssp585_pr_global_daily,20210512,06910fa3-f77b-44dc-9402-6d6cb02d0395,mpi-esm1-2-hr_r1i1p1f1_w5e5_ssp585_pr_global_daily_2031_2040.nc,2031,2040,2093176452,2d712dc0229556c45e1cd8ee513c7c27f6cd77077e9df6f9151d3e6d327d2e918b8305e9d629756f97d23a4604e1a448e589ed6d6f7256baaaaf609021000289,https://files.isimip.org/ISIMIP3b/InputData/climate/atmosphere/bias-adjusted/global/daily/ssp585/MPI-ESM1-2-HR/mpi-esm1-2-hr_r1i1p1f1_w5e5_ssp585_pr_global_daily_2031_2040.nc,CC0 1.0,true,false
mpi-esm1-2-hr,r1i1p1f1,ssp585,pr,9c04961f-4609-44b2-94bb-a33d20fc2762,mpi-esm1-2-hr_r1i1p1f1_w5e5_ssp585_pr_global_daily,20210512,ac900b5b-5888-4a88-b86e-caae0a897026,mpi-esm1-2-hr_r1i1p1f1_w5e5_ssp585_pr_global_daily_2041_2050.nc,2041,2050,2099228160,cb3fafeca870a0298153710abbf8564c95fbcabf0632f4e066f895b6a8ce4e3932adbd533eb877d20ec8b12ae95cd1ad500d708f7427d67433d1601536a19601,https://files.isimip.org/ISIMIP3b/InputData/climate/atmosphere/bias-adjusted/global/daily/ssp585/MPI-ESM1-2-HR/mpi-esm1-2-hr_r1i1p1f1_w5e5_ssp585_pr_global_daily_2041_2050.nc,CC0 1.0,true,false
mpi-esm1-2-hr,r1i1p1f1,ssp585,pr,9c04961f-4609-44b2-94bb-a33d20fc2762,mpi-esm1-2-hr_r1i1p1f1_w5e5_ssp585_pr_global_daily,20210512,cfcd4c7f-8918-426b-9643-5874ceb49a5c,mpi-esm1-2-hr_r1i1p1f1_w5e5_ssp585_pr_global_daily_2051_2060.nc,2051,2060,2095581381,264f432e3f3b4af0c3199866dcf469d9beaebefe40261006f7992f671732697ba8e3c1e414ae7c430f04aa82b7a0096bcd4466c145333813c787d6a06994efdb,https://files.isimip.org/ISIMIP3b/InputData/climate/atmosphere/bias-adjusted/global/daily/ssp585/MPI-ESM1-2-HR/mpi-esm1-2-hr_r1i1p1f1_w5e5_ssp585_pr_global_daily_2051_2060.nc,CC0 1.0,true,false
mpi-esm1-2-hr,r1i1p1f1,ssp585,pr,9c04961f-4609-44b2-94bb-a33d20fc2762,mpi-esm1-2-hr_r1i1p1f1_w5e5_ssp585_pr_global_daily,20210512,f4430cc4-1f8f-434e-88c4-279d2810992a,mpi-esm1-2-hr_r1i1p1f1_w5e5_ssp585_pr_global_daily_2061_2070.nc,2061,2070,2092353217,ff700ccf77207152887f5dfb26f07953b128451d68ed9cf6224c185a7110b20dd03fb25f70f42c3bc2f7371f4662511bec5d62bcaacc5164f6711367804ffa0c,https://files.isimip.org/ISIMIP3b/InputData/climate/atmosphere/bias-adjusted/global/daily/ssp585/MPI-ESM1-2-HR/mpi-esm1-2-hr_r1i1p1f1_w5e5_ssp585_pr_global_daily_2061_2070.nc,CC0 1.0,true,false
mpi-esm1-2-hr,r1i1p1f1,ssp585,pr,9c04961f-4609-44b2-94bb-a33d20fc2762,mpi-esm1-2-hr_r1i1p1f1_w5e5_ssp585_pr_global_daily,20210512,ed3b04cb-fe24-4957-8d15-885b3d7f7c2c,mpi-esm1-2-hr_r1i1p1f1_w5e5_ssp585_pr_global_daily_2071_2080.nc,2071,2080,2100798460,b25c316f3981f57a78ac147d17330fa69f56a780c2133799233517cddef788850b8310c5779a0d33ab9f8974faaff9c9084eba6b5437fc16b96ad6f5e55c8ace,https://files.isimip.org/ISIMIP3b/InputData/climate/atmosphere/bias-adjusted/global/daily/ssp585/MPI-ESM1-2-HR/mpi-esm1-2-hr_r1i1p1f1_w5e5_ssp585_pr_global_daily_2071_2080.nc,CC0 1.0,true,false
mpi-esm1-2-hr,r1i1p1f1,ssp585,pr,9c04961f-4609-44b2-94bb-a33d20fc2762,mpi-esm1-2-hr_r1i1p1f1_w5e5_ssp585_pr_global_daily,20210512,d37587bb-3689-4d9c-b5c8-928a15200dfb,mpi-esm1-2-hr_r1i1p1f1_w5e5_ssp585_pr_global_daily_2081_2090.nc,2081,2090,2100936971,d3623cdc639ec89738deb5384876a3da74e8d5bf6e67405c76f5714fc4ae7c16118320968674420873434a4151d9192bb6821e3d32c26247585b55fa24019584,https://files.isimip.org/ISIMIP3b/InputData/climate/atmosphere/bias-adjusted/global/daily/ssp585/MPI-ESM1-2-HR/mpi-esm1-2-hr_r1i1p1f1_w5e5_ssp585_pr_global_daily_2081_2090.nc,CC0 1.0,true,false
mpi-esm1-2-hr,r1i1p1f1,ssp585,pr,9c04961f-4609-44b2-94bb-a33d20fc2762,mpi-esm1-2-hr_r1i1p1f1_w5e5_ssp585_pr_global_daily,20210512,db749cbb-ff3d-42a6-b0ea-262c894ea15e,mpi-esm1-2-hr_r1i1p1f1_w5e5_ssp585_pr_global_daily_2091_2100.nc,2091,2100,2104890800,2e44861cb56f610f3385c370841f7d7bb2493a6ce7df2c70a961fe98a0f1b046444168660029f9450b517663df6aa55feb8bba62c9d2be1d28722f8966bdc4d5,https://files.isimip.org/ISIMIP3b/InputData/climate/atmosphere/bias-adjusted/global/daily/ssp585/MPI-ESM1-2-HR/mpi-esm1-2-hr_r1i1p1f1_w5e5_ssp585_pr_global_daily_2091_2100.nc,CC0 1.0,true,false
mpi-esm1-2-hr,r1i1p1f1,ssp585,tas,04d01ea2-0201-4b8a-84e1-23f1f08d9d11,mpi-esm1-2-hr_r1i1p1f1_w5e5_ssp585_tas_global_daily,20210512,ab64adf9-61da-4fee-ab02-8004329d2918,mpi-esm1-2-hr_r1i1p1f1_w5e5_ssp585_tas_global_daily_2015_2020.nc,2015,2020,1236939684,e4a6590468c62735754f98ebdd24d05c4d366315f195c54c5b4f1ae86daffdbb0f44861c6e7337566511669e6604f66e91335a78ed46aaf09e132c952da371e7,https://files.isimip.org/ISIMIP3b/InputData/climate/atmosphere/bias-adjusted/global/daily/ssp585/MPI-ESM1-2-HR/mpi-esm1-2-hr_r1i1p1f1_w5e5_ssp585_tas_global_daily_2015_2020.nc,CC0 1.0,true,false
mpi-esm1-2-hr,r1i1p1f1,ssp585,tas,04d01ea2-0201-4b8a-84e1-23f1f08d9d11,mpi-esm1-2-hr_r1i1p1f1_w5e5_ssp585_tas_global_daily,20210512,d9e91bc6-4bb6-4e48-a89e-6fce5a8ca5da,mpi-esm1-2-hr_r1i1p1f1_w5e5_ssp585_tas_global_daily_2021_2030.nc,2021,2030,2057213732,7e9b30c842e4bcc7a0579e82f1640710760b0a6bd15a9c85d9a79c1561d945581afe1624361a95aeab4703688c8c2dc2ab9f9c389a74303116a5626dbd33d66c,https://files.isimip.org/ISIMIP3b/InputData/climate/atmosphere/bias-adjusted/global/daily/ssp585/MPI-ESM1-2-HR/mpi-esm1-2-hr_r1i1p1f1_w5e5_ssp585_tas_global_daily_2021_2030.nc,CC0 1.0,true,false
mpi-esm1-2-hr,r1i1p1f1,ssp585,tas,04d01ea2-0201-4b8a-84e1-23f1f08d9d11,mpi-esm1-2-hr_r1i1p1f1_w5e5_ssp585_tas_global_daily,20210512,4821e632-790c-416f-9e0d-d6df44c88fe7,mpi-esm1-2-hr_r1i1p1f1_w5e5_ssp585_tas_global_daily_2031_2040.nc,2031,2040,2056270640,92d0c5e0f654371a37602b14994af4becdf33b08fbe2171282f750f3e37a9255a99b689ca52d01df4657344339d8957fd0d91a64f6927400cd8ea2ea0017117c,https://files.isimip.org/ISIMIP3b/InputData/climate/atmosphere/bias-adjusted/global/daily/ssp585/MPI-ESM1-2-HR/mpi-esm1-2-hr_r1i1p1f1_w5e5_ssp585_tas_global_daily_2031_2040.nc,CC0 1.0,true,false
mpi-esm1-2-hr,r1i1p1f1,ssp585,tas,04d01ea2-0201-4b8a-84e1-23f1f08d9d11,mpi-esm1-2-hr_r1i1p1f1_w5e5_ssp585_tas_global_daily,20210512,55dc188c-4e1f-4ff7-8193-e140dff0d6df,mpi-esm1-2-hr_r1i1p1f1_w5e5_ssp585_tas_global_daily_2041_2050.nc,2041,2050,2056282995,6ebb7d7fc3e2e038d4e04c6eb9d8c33d6b59a2313bf6fcf777c799d8e3722d9ec06b53890a81e53ef9e678687918baa3c407a581e8202a639557f33ba0fb83aa,https://files.isimip.org/ISIMIP3b/InputData/climate/atmosphere/bias-adjusted/global/daily/ssp585/MPI-ESM1-2-HR/mpi-esm1-2-hr_r1i1p1f1_w5e5_ssp585_tas_global_daily_2041_2050.nc,CC0 1.0,true,false
mpi-esm1-2-hr,r1i1p1f1,ssp585,tas,04d01ea2-0201-4b8a-84e1-23f1f08d9d11,mpi-esm1-2-hr_r1i1p1f1_w5e5_ssp585_tas_global_daily,20210512,29a57ddc-83c8-4235-badd-54dfd30439ba,mpi-esm1-2-hr_r1i1p1f1_w5e5_ssp585_tas_global_daily_2051_2060.nc,2051,2060,2055616231,f81ab2344fdd4656ba1a0959829ca8b6ebccef901526c1d97d2c03d67f975ad1fa5e744d232e244c79c29025d371f4b39c5412cc5703b2e1dba911a831007594,https://files.isimip.org/ISIMIP3b/InputData/climate/atmosphere/bias-adjusted/global/daily/ssp585/MPI-ESM1-2-HR/mpi-esm1-2-hr_r1i1p1f1_w5e5_ssp585_tas_global_daily_2051_2060.nc,CC0 1.0,true,false
mpi-esm1-2-hr,r1i1p1f1,ssp585,tas,04d01ea2-0201-4b8a-84e1-23f1f08d9d11,mpi-esm1-2-hr_r1i1p1f1_w5e5_ssp585_tas_global_daily,20210512,7bc42435-10b2-46de-aae9-c4a982e146d8,mpi-esm1-2-hr_r1i1p1f1_w5e5_ssp585_tas_global_daily_2061_2070.nc,2061,2070,2055321411,f459e9255272069c93c8c3b5ea498b161b34d85dc364e99fa74f4f0400b2a002278ce9ce569c2a71ef04a4f83e16140e999a1e9c443f075b3a7f53e3ebcf85a6,https://files.isimip.org/ISIMIP3b/InputData/climate/atmosphere/bias-adjusted/global/daily/ssp585/MPI-ESM1-2-HR/mpi-esm1-2-hr_r1i1p1f1_w5e5_ssp585_tas_global_daily_2061_2070.nc,CC0 1.0,true,false
mpi-esm1-2-hr,r1i1p1f1,ssp585,tas,04d01ea2-0201-4b8a-84e1-23f1f08d9d11,mpi-esm1-2-hr_r1i1p1f1_w5e5_ssp585_tas_global_daily,20210512,1162dedf-b793-4d26-ad33-a03118419299,mpi-esm1-2-hr_r1i1p1f1_w5e5_ssp585_tas_global_daily_2071_2080.nc,2071,2080,2055736082,b87b94acb85a349dab12e7f9ae65ead80daec414498a572179144a319ee76b7e50cf79cef8b1043555c4f692faebdde4880603224c020154dac6b677ad893873,https://files.isimip.org/ISIMIP3b/InputData/climate/atmosphere/bias-adjusted/global/daily/ssp585/MPI-ESM1-2-HR/mpi-esm1-2-hr_r1i1p1f1_w5e5_ssp585_tas_global_daily_2071_2080.nc,CC0 1.0,true,false
mpi-esm1-2-hr,r1i1p1f1,ssp585,tas,04d01ea2-0201-4b8a-84e1-23f1f08d9d11,mpi-esm1-2-hr_r1i1p1f1_w5e5_ssp585_tas_global_daily,20210512,adcec0f8-361d-40da-ae4c-29044afa8a1a,mpi-esm1-2-hr_r1i1p1f1_w5e5_ssp585_tas_global_daily_2081_2090.nc,2081,2090,2054538437,d11d8481568af731e94c5f69f41a020b2d0875c7d5a54329580172346ae1bfd91355b6f1093c9eec2f7c577dfaa9a2fc4416f0326a8b8cba50a2bb4701f63894,https://files.isimip.org/ISIMIP3b/InputData/climate/atmosphere/bias-adjusted/global/daily/ssp585/MPI-ESM1-2-HR/mpi-esm1-2-hr_r1i1p1f1_w5e5_ssp585_tas_global_daily_2081_2090.nc,CC0 1.0,true,false
mpi-esm1-2-hr,r1i1p1f1,ssp585,tas,04d01ea2-0201-4b8a-84e1-23f1f08d9d11,mpi-esm1-2-hr_r1i1p1f1_w5e5_ssp585_tas_global_daily,20210512,2b94bc18-2138-487b-b0eb-fa79f259ff15,mpi-esm1-2-hr_r1i1p1f1_w5e5_ssp585_tas_global_daily_2091_2100.nc,2091,2100,2053671744,9a41f0b8e27e0748dab397a6506827a9dbde902efbebac32d2daa21054dda5b845f618e037f7171ddeaa04ca6af2b77f6f058823a8ecce1f4ef83fec01218e6a,https://files.isimip.org/ISIMIP3b/InputData/climate/atmosphere/bias-adjusted/global/daily/ssp585/MPI-ESM1-2-HR/mpi-esm1-2-hr_r1i1p1f1_w5e5_ssp585_tas_global_daily_2091_2100.nc,CC0 1.0,true,false
mri-esm2-0,r1i1p1f1,ssp126,pr,a3e28029-e111-4577-b636-174a1ffc8aab,mri-esm2-0_r1i1p1f1_w5e5_ssp126_pr_global_daily,20210512,36cca4fd-0b1c-441b-ac26-6b2ac7e1fff8,mri-esm2-0_r1i1p1f1_w5e5_ssp126_pr_global_daily_2015_2020.nc,2015,2020,1243181039,96b561528262fb9f717abc9e56fcb8f32ab514df3c7ba544befe45db1181babb4e6241b161457029722a400b1db5bc86c12f14a780d6014854810f974e7d5c51,https://files.isimip.org/ISIMIP3b/InputData/climate/atmosphere/bias-adjusted/global/daily/ssp126/MRI-ESM2-0/mri-esm2-0_r1i1p1f1_w5e5_ssp126_pr_global_daily_2015_2020.nc,CC0 1.0,true,false
mri-esm2-0,r1i1p1f1,ssp126,pr,a3e28029-e111-4577-b636-174a1ffc8aab,mri-esm2-0_r1i1p1f1_w5e5_ssp126_pr_global_daily,20210512,8ae046d0-3a76-490f-b8dd-f2642f5a7115,mri-esm2-0_r1i1p1f1_w5e5_ssp126_pr_global_daily_2021_2030.nc,2021,2030,2077977676,3259c736ae43d7f63f88b2c5bb329ce2d33b2f37ea8c37ab18d62780eafb90dbbd26a6c28f13822819524eaab5b4da7c031be32a5e0b7f7b71d616fdef7615c3,https://files.isimip.org/ISIMIP3b/InputData/climate/atmosphere/bias-adjusted/global/daily/ssp126/MRI-ESM2-0/mri-esm2-0_r1i1p1f1_w5e5_ssp126_pr_global_daily_2021_2030.nc,CC0 1.0,true,false
mri-esm2-0,r1i1p1f1,ssp126,pr,a3e28029-e111-4577-b636-174a1ffc8aab,mri-esm2-0_r1i1p1f1_w5e5_ssp126_pr_global_daily,20210512,90010a38-b676-41d3-9ef1-b0fbdd838fb1,mri-esm2-0_r1i1p1f1_w5e5_ssp126_pr_global_daily_2031_2040.nc,2031,2040,2075528938,9d77f476399214a4d6f8ac177b2e1cc4bc480573bf8376d165db3d4bdb3c759c73794af8ebdd86a6048c5894bd7ac7e0951cbe1e9ccafc84679c82cc8e4de326,https://files.isimip.org/ISIMIP3b/InputData/climate/atmosphere/bias-adjusted/global/daily/ssp126/MRI-ESM2-0/mri-esm2-0_r1i1p1f1_w5e5_ssp126_pr_global_daily_2031_2040.nc,CC0 1.0,true,false
mri-esm2-0,r1i1p1f1,ssp126,pr,a3e28029-e111-4577-b636-174a1ffc8aab,mri-esm2-0_r1i1p1f1_w5e5_ssp126_pr_global_daily,20210512,86b161e4-183c-481c-ada2-c8be816e4560,mri-esm2-0_r1i1p1f1_w5e5_ssp126_pr_global_daily_2041_2050.nc,2041,2050,2081538646,f13e73dd1cc5f3b06f988734c6c21e3d64ae58fd290a3309ccd67ccc67249826c7c98df2f2d9b587d0c136915613d6e2cedfc764a2f99faff2966d2e3fc4cd89,https://files.isimip.org/ISIMIP3b/InputData/climate/atmosphere/bias-adjusted/global/daily/ssp126/MRI-ESM2-0/mri-esm2-0_r1i1p1f1_w5e5_ssp126_pr_global_daily_2041_2050.nc,CC0 1.0,true,false
mri-esm2-0,r1i1p1f1,ssp126,pr,a3e28029-e111-4577-b636-174a1ffc8aab,mri-esm2-0_r1i1p1f1_w5e5_ssp126_pr_global_daily,20210512,35fe21f3-0412-44f7-9b37-dd8e68d9532c,mri-esm2-0_r1i1p1f1_w5e5_ssp126_pr_global_daily_2051_2060.nc,2051,2060,2086073630,c1ca993f749593630ab2f4e1ac651ffc727b20fd5e6babe0b6c4efaf7693d07f081cc3c0df2f13a201d2b0382ee25830c9d44e407afb9bd1d47d27c7f8031ef7,https://files.isimip.org/ISIMIP3b/InputData/climate/atmosphere/bias-adjusted/global/daily/ssp126/MRI-ESM2-0/mri-esm2-0_r1i1p1f1_w5e5_ssp126_pr_global_daily_2051_2060.nc,CC0 1.0,true,false
mri-esm2-0,r1i1p1f1,ssp126,pr,a3e28029-e111-4577-b636-174a1ffc8aab,mri-esm2-0_r1i1p1f1_w5e5_ssp126_pr_global_daily,20210512,d808cdc5-ae56-416a-85d7-27fedefc82c6,mri-esm2-0_r1i1p1f1_w5e5_ssp126_pr_global_daily_2061_2070.nc,2061,2070,2084997253,ca1fa453784cf62597a125d5056038bfe17b2f3f3e023ec8663bae89d55e27adc226ce310bd179bc3863a4bbac191fc83bfaee875228004cc2b0bedc6061de99,https://files.isimip.org/ISIMIP3b/InputData/climate/atmosphere/bias-adjusted/global/daily/ssp126/MRI-ESM2-0/mri-esm2-0_r1i1p1f1_w5e5_ssp126_pr_global_daily_2061_2070.nc,CC0 1.0,true,false
mri-esm2-0,r1i1p1f1,ssp126,pr,a3e28029-e111-4577-b636-174a1ffc8aab,mri-esm2-0_r1i1p1f1_w5e5_ssp126_pr_global_daily,20210512,8ec6e64f-a026-403c-9c42-5ce8736c4918,mri-esm2-0_r1i1p1f1_w5e5_ssp126_pr_global_daily_2071_2080.nc,2071,2080,2083941727,7b696de8fd56802dba6ada72f52dc29b97c23b88628375281324ee9895aa24c142d291a5c7a6d6f6df3190372e80b926ca4b51c458c0a1714e717c96bab1150e,https://files.isimip.org/ISIMIP3b/InputData/climate/atmosphere/bias-adjusted/global/daily/ssp126/MRI-ESM2-0/mri-esm2-0_r1i1p1f1_w5e5_ssp126_pr_global_daily_2071_2080.nc,CC0 1.0,true,false
mri-esm2-0,r1i1p1f1,ssp126,pr,a3e28029-e111-4577-b636-174a1ffc8aab,mri-esm2-0_r1i1p1f1_w5e5_ssp126_pr_global_daily,20210512,fb5da91d-0447-4410-a46e-5a435b891311,mri-esm2-0_r1i1p1f1_w5e5_ssp126_pr_global_daily_2081_2090.nc,2081,2090,2077121673,f4ed0ef31b26e7a6a692aa78c087c7bbcb6f92f136a0e61c35084654ac984bfc7ee5fe0871d2b48296e56d3fc705e5316b730cdaf52e6c49066f56f75a01461f,https://files.isimip.org/ISIMIP3b/InputData/climate/atmosphere/bias-adjusted/global/daily/ssp126/MRI-ESM2-0/mri-esm2-0_r1i1p1f1_w5e5_ssp126_pr_global_daily_2081_2090.nc,CC0 1.0,true,false
mri-esm2-0,r1i1p1f1,ssp126,pr,a3e28029-e111-4577-b636-174a1ffc8aab,mri-esm2-0_r1i1p1f1_w5e5_ssp126_pr_global_daily,20210512,772cc2d3-47cb-4e15-a218-547b27b816bf,mri-esm2-0_r1i1p1f1_w5e5_ssp126_pr_global_daily_2091_2100.nc,2091,2100,2071171761,1847290df19e632ae7ca1ae6f39686248f5aad6c7adda28b9629315a30905630d8e823267ed4cb4013c83c4484b838f20f84f64a8956adbe5a4d6418169b8c8e,https://files.isimip.org/ISIMIP3b/InputData/climate/atmosphere/bias-adjusted/global/daily/ssp126/MRI-ESM2-0/mri-esm2-0_r1i1p1f1_w5e5_ssp126_pr_global_daily_2091_2100.nc,CC0 1.0,true,false
mri-esm2-0,r1i1p1f1,ssp126,tas,afb7d844-1aa4-4d63-b7a7-58d35d008036,mri-esm2-0_r1i1p1f1_w5e5_ssp126_tas_global_daily,20210512,76ea51bd-92fb-4a46-8e94-6d2557bcc4d9,mri-esm2-0_r1i1p1f1_w5e5_ssp126_tas_global_daily_2015_2020.nc,2015,2020,1231246476,fa17a34020c867ac3ca68876c8f0455e4e907252775a5510c28cbc4dd359ae6c8dac58de4781ff57f2d2995f437db5e48cf95f90ae66a95b5d8cd6ae493d30bc,https://files.isimip.org/ISIMIP3b/InputData/climate/atmosphere/bias-adjusted/global/daily/ssp126/MRI-ESM2-0/mri-esm2-0_r1i1p1f1_w5e5_ssp126_tas_global_daily_2015_2020.nc,CC0 1.0,true,false
mri-esm2-0,r1i1p1f1,ssp126,tas,afb7d844-1aa4-4d63-b7a7-58d35d008036,mri-esm2-0_r1i1p1f1_w5e5_ssp126_tas_global_daily,20210512,61b787d7-f41f-4854-96f8-6cec1dc27595,mri-esm2-0_r1i1p1f1_w5e5_ssp126_tas_global_daily_2021_2030.nc,2021,2030,2047819077,c51447a5fb6b9c879a29b9149aac1ad3f586d82a2ce9ae4c409da68f9aed084201ea177ba0998cffc43a25f2da316f5ce484c05c7578adca2bd33a126843c4fd,https://files.isimip.org/ISIMIP3b/InputData/climate/atmosphere/bias-adjusted/global/daily/ssp126/MRI-ESM2-0/mri-esm2-0_r1i1p1f1_w5e5_ssp126_tas_global_daily_2021_2030.nc,CC0 1.0,true,false
mri-esm2-0,r1i1p1f1,ssp126,tas,afb7d844-1aa4-4d63-b7a7-58d35d008036,mri-esm2-0_r1i1p1f1_w5e5_ssp126_tas_global_daily,20210512,22669a40-e0e5-49b8-af1d-55dba7921bf8,mri-esm2-0_r1i1p1f1_w5e5_ssp126_tas_global_daily_2031_2040.nc,2031,2040,2047429927,f4d88e2acce771fa209e286f0f824f0da8f78c8ee2f766e7152569850c7a8401fd1885840e46f70cfe6f80af011a9016cfc9b651486aa4dd74517d076fe9f41a,https://files.isimip.org/ISIMIP3b/InputData/climate/atmosphere/bias-adjusted/global/daily/ssp126/MRI-ESM2-0/mri-esm2-0_r1i1p1f1_w5e5_ssp126_tas_global_daily_2031_2040.nc,CC0 1.0,true,false
mri-esm2-0,r1i1p1f1,ssp126,tas,afb7d844-1aa4-4d63-b7a7-58d35d008036,mri-esm2-0_r1i1p1f1_w5e5_ssp126_tas_global_daily,20210512,a268a44f-2cd4-4b01-aced-0bf12c548dd4,mri-esm2-0_r1i1p1f1_w5e5_ssp126_tas_global_daily_2041_2050.nc,2041,2050,2047282501,f515e4f63499020d407eb761597102af92382b7883b6c51af893ffb8f8bb658ae92876c15237e9960919c4db0578bfe76a2feef63ada8cf97b6a087f6f45d2f7,https://files.isimip.org/ISIMIP3b/InputData/climate/atmosphere/bias-adjusted/global/daily/ssp126/MRI-ESM2-0/mri-esm2-0_r1i1p1f1_w5e5_ssp126_tas_global_daily_2041_2050.nc,CC0 1.0,true,false
mri-esm2-0,r1i1p1f1,ssp126,tas,afb7d844-1aa4-4d63-b7a7-58d35d008036,mri-esm2-0_r1i1p1f1_w5e5_ssp126_tas_global_daily,20210512,0f1c387a-1318-491f-bb40-f844c086c8c5,mri-esm2-0_r1i1p1f1_w5e5_ssp126_tas_global_daily_2051_2060.nc,2051,2060,2047503727,d7c45d37603005668941f5958052caa4926ec4253d3f0834fd1d15ac48a05fdad6196611bcffc5ef3550c013923fc683b0a875715a2b9fd2f58800db13ecf8d5,https://files.isimip.org/ISIMIP3b/InputData/climate/atmosphere/bias-adjusted/global/daily/ssp126/MRI-ESM2-0/mri-esm2-0_r1i1p1f1_w5e5_ssp126_tas_global_daily_2051_2060.nc,CC0 1.0,true,false
mri-esm2-0,r1i1p1f1,ssp126,tas,afb7d844-1aa4-4d63-b7a7-58d35d008036,mri-esm2-0_r1i1p1f1_w5e5_ssp126_tas_global_daily,20210512,a556a162-b9ef-4487-a693-4c1e22c540a9,mri-esm2-0_r1i1p1f1_w5e5_ssp126_tas_global_daily_2061_2070.nc,2061,2070,2046550906,245707a3dbd8c69622da7f031325f3f2bdf4b8f811ebe61325405195c219f9d90763d112bee7061466316af5665dacabd05344b093d4215e5b3cb3f45ff97fbc,https://files.isimip.org/ISIMIP3b/InputData/climate/atmosphere/bias-adjusted/global/daily/ssp126/MRI-ESM2-0/mri-esm2-0_r1i1p1f1_w5e5_ssp126_tas_global_daily_2061_2070.nc,CC0 1.0,true,false
mri-esm2-0,r1i1p1f1,ssp126,tas,afb7d844-1aa4-4d63-b7a7-58d35d008036,mri-esm2-0_r1i1p1f1_w5e5_ssp126_tas_global_daily,20210512,babbc237-3b6b-4c78-aaf1-b7ba31c106f2,mri-esm2-0_r1i1p1f1_w5e5_ssp126_tas_global_daily_2071_2080.nc,2071,2080,2047678879,fd5ed62a7e6c8385ce4c7aa0ba07fd983f16c32a6e5f50a5d88341fdf0379cdb2798d7a5bd6f10721fe7c4f2222a0f2b24796226931d47123bd75c522eb47dd0,https://files.isimip.org/ISIMIP3b/InputData/climate/atmosphere/bias-adjusted/global/daily/ssp126/MRI-ESM2-0/mri-esm2-0_r1i1p1f1_w5e5_ssp126_tas_global_daily_2071_2080.nc,CC0 1.0,true,false
mri-esm2-0,r1i1p1f1,ssp126,tas,afb7d844-1aa4-4d63-b7a7-58d35d008036,mri-esm2-0_r1i1p1f1_w5e5_ssp126_tas_global_daily,20210512,10f3f73f-ad00-4a6e-8ca1-88b016f8023a,mri-esm2-0_r1i1p1f1_w5e5_ssp126_tas_global_daily_2081_2090.nc,2081,2090,2047353290,25f0609fb71331fab42c7ea6e4390cd34b7a3c74540be1244f12e12e5922334833d956e4472ef37968df912ae68f288a5ee216a8288c15f3cb9fcfdabc8ec13d,https://files.isimip.org/ISIMIP3b/InputData/climate/atmosphere/bias-adjusted/global/daily/ssp126/MRI-ESM2-0/mri-esm2-0_r1i1p1f1_w5e5_ssp126_tas_global_daily_2081_2090.nc,CC0 1.0,true,false
mri-esm2-0,r1i1p1f1,ssp126,tas,afb7d844-1aa4-4d63-b7a7-58d35d008036,mri-esm2-0_r1i1p1f1_w5e5_ssp126_tas_global_daily,20210512,93117ec5-8048-4bd3-a178-b877a681e038,mri-esm2-0_r1i1p1f1_w5e5_ssp126_tas_global_daily_2091_2100.nc,2091,2100,2048203698,ff0a5be48a3e29e21300dd8c1cb7913a8d2210a60d19d1cae4ae9a5fcc74c3a388bdb845a5729a87e233972047b41e4fcaa18fb55d0952c0cd3398d761a7bed8,https://files.isimip.org/ISIMIP3b/InputData/climate/atmosphere/bias-adjusted/global/daily/ssp126/MRI-ESM2-0/mri-esm2-0_r1i1p1f1_w5e5_ssp126_tas_global_daily_2091_2100.nc,CC0 1.0,true,false
mri-esm2-0,r1i1p1f1,ssp370,pr,ff5d7e36-8ee9-4746-bea7-1c1450f94ee7,mri-esm2-0_r1i1p1f1_w5e5_ssp370_pr_global_daily,20210512,ec861b63-97e0-4233-a2ba-ef80aa8b9574,mri-esm2-0_r1i1p1f1_w5e5_ssp370_pr_global_daily_2015_2020.nc,2015,2020,1241058098,746c5de9c458587697fe662d11ff8652f753910e3e251205d1d12ea0417dbb23871b943650c8750a3622b66536001c5cf4d5e104257a4aa2e0492ad97dfd79fd,https://files.isimip.org/ISIMIP3b/InputData/climate/atmosphere/bias-adjusted/global/daily/ssp370/MRI-ESM2-0/mri-esm2-0_r1i1p1f1_w5e5_ssp370_pr_global_daily_2015_2020.nc,CC0 1.0,true,false
mri-esm2-0,r1i1p1f1,ssp370,pr,ff5d7e36-8ee9-4746-bea7-1c1450f94ee7,mri-esm2-0_r1i1p1f1_w5e5_ssp370_pr_global_daily,20210512,06f4e75a-7d64-477c-8150-fac37abc7e34,mri-esm2-0_r1i1p1f1_w5e5_ssp370_pr_global_daily_2021_2030.nc,2021,2030,2072275870,3e8987398ab980fabb11a612fac60d4a75ae91a239028bee36ed78f2e7f5a5835b0613a6716f320862f73daa00f279d9a94826e3b0496412a98b3fe146ead74d,https://files.isimip.org/ISIMIP3b/InputData/climate/atmosphere/bias-adjusted/global/daily/ssp370/MRI-ESM2-0/mri-esm2-0_r1i1p1f1_w5e5_ssp370_pr_global_daily_2021_2030.nc,CC0 1.0,true,false
mri-esm2-0,r1i1p1f1,ssp370,pr,ff5d7e36-8ee9-4746-bea7-1c1450f94ee7,mri-esm2-0_r1i1p1f1_w5e5_ssp370_pr_global_daily,20210512,cc8773ef-4a9a-4a83-83cf-665c535cae0c,mri-esm2-0_r1i1p1f1_w5e5_ssp370_pr_global_daily_2031_2040.nc,2031,2040,2069572068,68a44ad327ccbda469b7111793bc5b9ba97ef08aa726fecf38dc62ddb68db12630bf37433a391251e50bcbcc9ca54e9d5f40f9da73d513233d8cbbd547eea4ea,https://files.isimip.org/ISIMIP3b/InputData/climate/atmosphere/bias-adjusted/global/daily/ssp370/MRI-ESM2-0/mri-esm2-0_r1i1p1f1_w5e5_ssp370_pr_global_daily_2031_2040.nc,CC0 1.0,true,false
mri-esm2-0,r1i1p1f1,ssp370,pr,ff5d7e36-8ee9-4746-bea7-1c1450f94ee7,mri-esm2-0_r1i1p1f1_w5e5_ssp370_pr_global_daily,20210512,8d38767f-243a-41d9-83ee-968f94e473d0,mri-esm2-0_r1i1p1f1_w5e5_ssp370_pr_global_daily_2041_2050.nc,2041,2050,2085116430,41abee8140b92fe1eb2261f12ad5fcda0421a2e61a5409218e9eca642e9031da83e2283029602c2ed51ceb6e82b7f8ef358b2a5b3a863f7119a0cc4b143ed646,https://files.isimip.org/ISIMIP3b/InputData/climate/atmosphere/bias-adjusted/global/daily/ssp370/MRI-ESM2-0/mri-esm2-0_r1i1p1f1_w5e5_ssp370_pr_global_daily_2041_2050.nc,CC0 1.0,true,false
mri-esm2-0,r1i1p1f1,ssp370,pr,ff5d7e36-8ee9-4746-bea7-1c1450f94ee7,mri-esm2-0_r1i1p1f1_w5e5_ssp370_pr_global_daily,20210512,ed9d466e-a954-431e-8304-628030e1c06f,mri-esm2-0_r1i1p1f1_w5e5_ssp370_pr_global_daily_2051_2060.nc,2051,2060,2084738199,14f8643990bd3906e36d4f3ca67fafb0370c83c92e0edde88f0abea937d45a7c4b01f1ad9a3589a727dc295da0069e2f9b58a7db987257713255e41fc4d5d103,https://files.isimip.org/ISIMIP3b/InputData/climate/atmosphere/bias-adjusted/global/daily/ssp370/MRI-ESM2-0/mri-esm2-0_r1i1p1f1_w5e5_ssp370_pr_global_daily_2051_2060.nc,CC0 1.0,true,false
mri-esm2-0,r1i1p1f1,ssp370,pr,ff5d7e36-8ee9-4746-bea7-1c1450f94ee7,mri-esm2-0_r1i1p1f1_w5e5_ssp370_pr_global_daily,20210512,c58c8348-7885-4c6c-8273-8110d359619a,mri-esm2-0_r1i1p1f1_w5e5_ssp370_pr_global_daily_2061_2070.nc,2061,2070,2082337971,2fb3d722d827d7a073a4d067ea06e6fb58637cab36a048a27b43f51ff9f8e1eec4b50b50217239fc1643bb0d6772e2bd82e2fa06bcd604c377292767c944ebb4,https://files.isimip.org/ISIMIP3b/InputData/climate/atmosphere/bias-adjusted/global/daily/ssp370/MRI-ESM2-0/mri-esm2-0_r1i1p1f1_w5e5_ssp370_pr_global_daily_2061_2070.nc,CC0 1.0,true,false
mri-esm2-0,r1i1p1f1,ssp370,pr,ff5d7e36-8ee9-4746-bea7-1c1450f94ee7,mri-esm2-0_r1i1p1f1_w5e5_ssp370_pr_global_daily,20210512,8fb0cd4d-1fe6-46bb-81bf-d8043f4b998b,mri-esm2-0_r1i1p1f1_w5e5_ssp370_pr_global_daily_2071_2080.nc,2071,2080,2091167504,a136deaceb9df1cc59828200bcef24f4599ea28be8740f58acf3f9966abcb680f93fcef90fdb107aaa2e2f3a9421d00aa1b90ca581f063bd955a82434cb70598,https://files.isimip.org/ISIMIP3b/InputData/climate/atmosphere/bias-adjusted/global/daily/ssp370/MRI-ESM2-0/mri-esm2-0_r1i1p1f1_w5e5_ssp370_pr_global_daily_2071_2080.nc,CC0 1.0,true,false
mri-esm2-0,r1i1p1f1,ssp370,pr,ff5d7e36-8ee9-4746-bea7-1c1450f94ee7,mri-esm2-0_r1i1p1f1_w5e5_ssp370_pr_global_daily,20210512,ceb4d9cd-55ff-4b39-b6ee-e6f0e4496cad,mri-esm2-0_r1i1p1f1_w5e5_ssp370_pr_global_daily_2081_2090.nc,2081,2090,2087724773,89cbe8848389b2bb6acec869a7f46d824f4a58ca6b5656ca35ac0884177c2a0b8b645a8eb0e7a70ecbbb69e5aa7136309ef843ddba91ecb843033f72cd86d699,https://files.isimip.org/ISIMIP3b/InputData/climate/atmosphere/bias-adjusted/global/daily/ssp370/MRI-ESM2-0/mri-esm2-0_r1i1p1f1_w5e5_ssp370_pr_global_daily_2081_2090.nc,CC0 1.0,true,false
mri-esm2-0,r1i1p1f1,ssp370,pr,ff5d7e36-8ee9-4746-bea7-1c1450f94ee7,mri-esm2-0_r1i1p1f1_w5e5_ssp370_pr_global_daily,20210512,3a68e016-3c47-4a29-b405-bfd64e7be7b1,mri-esm2-0_r1i1p1f1_w5e5_ssp370_pr_global_daily_2091_2100.nc,2091,2100,2088385443,3a16599f6358cc4b0124f4e4ee2b6e8e2a3f7965712a9a5fde3ae8b1bb19124fc43abb8625fe72a3ed0d23e0eff80784ce0c63261b307e4b4c79bc9c2bcdb0f2,https://files.isimip.org/ISIMIP3b/InputData/climate/atmosphere/bias-adjusted/global/daily/ssp370/MRI-ESM2-0/mri-esm2-0_r1i1p1f1_w5e5_ssp370_pr_global_daily_2091_2100.nc,CC0 1.0,true,false
mri-esm2-0,r1i1p1f1,ssp370,tas,d3c56f0a-0e9d-4838-a646-9e4db398e62f,mri-esm2-0_r1i1p1f1_w5e5_ssp370_tas_global_daily,20210512,0c859356-5f58-4f0c-95d5-4df01fefe141,mri-esm2-0_r1i1p1f1_w5e5_ssp370_tas_global_daily_2015_2020.nc,2015,2020,1231536845,1c31777e0575a9f159b26636f4e5adca1488067cf53af474192b63f4c46aa0b4af06df8e4fe5e453a605cb9f712f2530442369fa1fd7901484d33cfcea016fdf,https://files.isimip.org/ISIMIP3b/InputData/climate/atmosphere/bias-adjusted/global/daily/ssp370/MRI-ESM2-0/mri-esm2-0_r1i1p1f1_w5e5_ssp370_tas_global_daily_2015_2020.nc,CC0 1.0,true,false
mri-esm2-0,r1i1p1f1,ssp370,tas,d3c56f0a-0e9d-4838-a646-9e4db398e62f,mri-esm2-0_r1i1p1f1_w5e5_ssp370_tas_global_daily,20210512,b97abc8e-5f9f-4869-bdf4-3e9d19e676fd,mri-esm2-0_r1i1p1f1_w5e5_ssp370_tas_global_daily_2021_2030.nc,2021,2030,2047859666,0789491e72ce410655f78bc7a20bee11f471aa37004190ea65257423865af3cb0382c58ca6049bea6cf5c2d174d09ccf23f7c7088172eb43c1e60c3ef34b11ef,https://files.isimip.org/ISIMIP3b/InputData/climate/atmosphere/bias-adjusted/global/daily/ssp370/MRI-ESM2-0/mri-esm2-0_r1i1p1f1_w5e5_ssp370_tas_global_daily_2021_2030.nc,CC0 1.0,true,false
mri-esm2-0,r1i1p1f1,ssp370,tas,d3c56f0a-0e9d-4838-a646-9e4db398e62f,mri-esm2-0_r1i1p1f1_w5e5_ssp370_tas_global_daily,20210512,0d9e89c7-3a3b-45d6-b8b8-b322ed7687a2,mri-esm2-0_r1i1p1f1_w5e5_ssp370_tas_global_daily_2031_2040.nc,2031,2040,2047332387,1516320c6a76d5fead2639c5413b4c8fbd4ef9dba7369425974372cd3ae8fd6fd2fbaf489010d8258b28ebddb514a5d8fa0c152e78ae276ce29789f37147300d,https://files.isimip.org/ISIMIP3b/InputData/climate/atmosphere/bias-adjusted/global/daily/ssp370/MRI-ESM2-0/mri-esm2-0_r1i1p1f1_w5e5_ssp370_tas_global_daily_2031_2040.nc,CC0 1.0,true,false
mri-esm2-0,r1i1p1f1,ssp370,tas,d3c56f0a-0e9d-4838-a646-9e4db398e62f,mri-esm2-0_r1i1p1f1_w5e5_ssp370_tas_global_daily,20210512,b20f60c5-525b-412f-893e-95515f9f3697,mri-esm2-0_r1i1p1f1_w5e5_ssp370_tas_global_daily_2041_2050.nc,2041,2050,2047005354,255aa4452600c27610a185e95768fe16f0775cd050bab6751e9824d4290a1218093a058f6d0da9ce37b4f2fe4960b09952abae0e09312c45d7d5870df05a877d,https://files.isimip.org/ISIMIP3b/InputData/climate/atmosphere/bias-adjusted/global/daily/ssp370/MRI-ESM2-0/mri-esm2-0_r1i1p1f1_w5e5_ssp370_tas_global_daily_2041_2050.nc,CC0 1.0,true,false
mri-esm2-0,r1i1p1f1,ssp370,tas,d3c56f0a-0e9d-4838-a646-9e4db398e62f,mri-esm2-0_r1i1p1f1_w5e5_ssp370_tas_global_daily,20210512,980bdcae-e4f4-4d65-8a7f-80220955c429,mri-esm2-0_r1i1p1f1_w5e5_ssp370_tas_global_daily_2051_2060.nc,2051,2060,2046624591,95de252a8a3bcb9c7426b5d40afea7b625202224c18612aa50668258e7eecffef0c4ce113434be03386f15ba1e73815825ba8d88a7d26244fe238ee363fa44d2,https://files.isimip.org/ISIMIP3b/InputData/climate/atmosphere/bias-adjusted/global/daily/ssp370/MRI-ESM2-0/mri-esm2-0_r1i1p1f1_w5e5_ssp370_tas_global_daily_2051_2060.nc,CC0 1.0,true,false
mri-esm2-0,r1i1p1f1,ssp370,tas,d3c56f0a-0e9d-4838-a646-9e4db398e62f,mri-esm2-0_r1i1p1f1_w5e5_ssp370_tas_global_daily,20210512,b5ef58e3-9d86-4c48-86a0-307c0c7fddfc,mri-esm2-0_r1i1p1f1_w5e5_ssp370_tas_global_daily_2061_2070.nc,2061,2070,2046404076,7af5e6b40491f47e3e305a94f16512702d6b221cdeb0c07278d0303f4a85883212c714d508c38cb28c6b594c3ec2ad975ef4cfb3a58d8974626f09e0332e4296,https://files.isimip.org/ISIMIP3b/InputData/climate/atmosphere/bias-adjusted/global/daily/ssp370/MRI-ESM2-0/mri-esm2-0_r1i1p1f1_w5e5_ssp370_tas_global_daily_2061_2070.nc,CC0 1.0,true,false
mri-esm2-0,r1i1p1f1,ssp370,tas,d3c56f0a-0e9d-4838-a646-9e4db398e62f,mri-esm2-0_r1i1p1f1_w5e5_ssp370_tas_global_daily,20210512,4fde3b96-90da-4834-b70c-ae3fbbac5f05,mri-esm2-0_r1i1p1f1_w5e5_ssp370_tas_global_daily_2071_2080.nc,2071,2080,2047273105,d52fc452f7789fe3ee74d2ae11ce7f78e54b77f160768ba2fcccd0f431467d9d0caf1364ba19d95cccbb35b8756d5660ebfe55d5414533c124d5316c1d808e5a,https://files.isimip.org/ISIMIP3b/InputData/climate/atmosphere/bias-adjusted/global/daily/ssp370/MRI-ESM2-0/mri-esm2-0_r1i1p1f1_w5e5_ssp370_tas_global_daily_2071_2080.nc,CC0 1.0,true,false
mri-esm2-0,r1i1p1f1,ssp370,tas,d3c56f0a-0e9d-4838-a646-9e4db398e62f,mri-esm2-0_r1i1p1f1_w5e5_ssp370_tas_global_daily,20210512,9580c68c-bfc8-4284-8adf-6d96a38a769d,mri-esm2-0_r1i1p1f1_w5e5_ssp370_tas_global_daily_2081_2090.nc,2081,2090,2045291077,f41bd9e9084d293c6636199fe32cd70989b273a34cde27181d2df915849f1d344b129365d8a2690f54e3b2900e94f2fcd4d2c35e262a3a0968089e86db7e6bb4,https://files.isimip.org/ISIMIP3b/InputData/climate/atmosphere/bias-adjusted/global/daily/ssp370/MRI-ESM2-0/mri-esm2-0_r1i1p1f1_w5e5_ssp370_tas_global_daily_2081_2090.nc,CC0 1.0,true,false
mri-esm2-0,r1i1p1f1,ssp370,tas,d3c56f0a-0e9d-4838-a646-9e4db398e62f,mri-esm2-0_r1i1p1f1_w5e5_ssp370_tas_global_daily,20210512,a5c1eadc-9fc8-404c-8a98-c7ea2aa0e066,mri-esm2-0_r1i1p1f1_w5e5_ssp370_tas_global_daily_2091_2100.nc,2091,2100,2045175089,65f68b4a1e5e03ebea72fab74d2cce8e540ed05aa4dc3992ff9be9377e44f60617160848b554f11bf54e07fc95ddb60d07d65e8988f65c37bfb319f1a8aee892,https://files.isimip.org/ISIMIP3b/InputData/climate/atmosphere/bias-adjusted/global/daily/ssp370/MRI-ESM2-0/mri-esm2-0_r1i1p1f1_w5e5_ssp370_tas_global_daily_2091_2100.nc,CC0 1.0,true,false
mri-esm2-0,r1i1p1f1,ssp585,pr,10f79bb9-54af-4f1e-b88f-f1b2d2bfdeca,mri-esm2-0_r1i1p1f1_w5e5_ssp585_pr_global_daily,20210512,ad1518da-4471-4ba3-88d3-3810be051fda,mri-esm2-0_r1i1p1f1_w5e5_ssp585_pr_global_daily_2015_2020.nc,2015,2020,1247799949,b802281ff36552d7c04f63ef266a434a1cbe647331d9e5b684d2f424ec89fc1c345e3f49a91dd9bb6954f8a9ba528b36f7c869255f2d98e57d07b7ac043b1ebb,https://files.isimip.org/ISIMIP3b/InputData/climate/atmosphere/bias-adjusted/global/daily/ssp585/MRI-ESM2-0/mri-esm2-0_r1i1p1f1_w5e5_ssp585_pr_global_daily_2015_2020.nc,CC0 1.0,true,false
mri-esm2-0,r1i1p1f1,ssp585,pr,10f79bb9-54af-4f1e-b88f-f1b2d2bfdeca,mri-esm2-0_r1i1p1f1_w5e5_ssp585_pr_global_daily,20210512,bba70110-a4a8-4e39-9820-b08bab9d5179,mri-esm2-0_r1i1p1f1_w5e5_ssp585_pr_global_daily_2021_2030.nc,2021,2030,2079086881,7e0b4bbbf498a5f9c743ab93532b39dad833411ce5de23f94397715a510cc08e5851068a4f0b748dd579b83d81bff4d72e6ea6e8a167003ca7b2221cff7690c0,https://files.isimip.org/ISIMIP3b/InputData/climate/atmosphere/bias-adjusted/global/daily/ssp585/MRI-ESM2-0/mri-esm2-0_r1i1p1f1_w5e5_ssp585_pr_global_daily_2021_2030.nc,CC0 1.0,true,false
mri-esm2-0,r1i1p1f1,ssp585,pr,10f79bb9-54af-4f1e-b88f-f1b2d2bfdeca,mri-esm2-0_r1i1p1f1_w5e5_ssp585_pr_global_daily,20210512,1047484f-1851-4b5f-9a40-89493da78419,mri-esm2-0_r1i1p1f1_w5e5_ssp585_pr_global_daily_2031_2040.nc,2031,2040,2082010215,23be843508bbedb6f8563d90e83cf5b4940d128e1f6668e85104ed937fb5c2f11496b737be8963eff8da1c67096ab8d9cbad7dc4bec2b264182d65fc3d64dd1d,https://files.isimip.org/ISIMIP3b/InputData/climate/atmosphere/bias-adjusted/global/daily/ssp585/MRI-ESM2-0/mri-esm2-0_r1i1p1f1_w5e5_ssp585_pr_global_daily_2031_2040.nc,CC0 1.0,true,false
mri-esm2-0,r1i1p1f1,ssp585,pr,10f79bb9-54af-4f1e-b88f-f1b2d2bfdeca,mri-esm2-0_r1i1p1f1_w5e5_ssp585_pr_global_daily,20210512,09f6001e-5ce0-4c1a-93e3-2fb742303d4e,mri-esm2-0_r1i1p1f1_w5e5_ssp585_pr_global_daily_2041_2050.nc,2041,2050,2091319594,1cb6ae92e5b27c8ff7216972cbafc14c4ea6449893eac5808aa07ac88cc87d924db508bbff659ffee5cda6f5c7c255e4dd8c151e1ed9c61bc02fffc856f1fcc6,https://files.isimip.org/ISIMIP3b/InputData/climate/atmosphere/bias-adjusted/global/daily/ssp585/MRI-ESM2-0/mri-esm2-0_r1i1p1f1_w5e5_ssp585_pr_global_daily_2041_2050.nc,CC0 1.0,true,false
mri-esm2-0,r1i1p1f1,ssp585,pr,10f79bb9-54af-4f1e-b88f-f1b2d2bfdeca,mri-esm2-0_r1i1p1f1_w5e5_ssp585_pr_global_daily,20210512,4e717590-62e0-4b50-9e0b-d626a16a69ec,mri-esm2-0_r1i1p1f1_w5e5_ssp585_pr_global_daily_2051_2060.nc,2051,2060,2083166971,59bee1368196c269245d2b67005b70b04c223df1999ab941fa6689de5be6ce8bb636ecc4bbf55a2af6a207f516fa917643ca78d652a0f420b739e8c5a513055f,https://files.isimip.org/ISIMIP3b/InputData/climate/atmosphere/bias-adjusted/global/daily/ssp585/MRI-ESM2-0/mri-esm2-0_r1i1p1f1_w5e5_ssp585_pr_global_daily_2051_2060.nc,CC0 1.0,true,false
mri-esm2-0,r1i1p1f1,ssp585,pr,10f79bb9-54af-4f1e-b88f-f1b2d2bfdeca,mri-esm2-0_r1i1p1f1_w5e5_ssp585_pr_global_daily,20210512,90dd20c0-dc2d-4dff-995e-567b7c92129b,mri-esm2-0_r1i1p1f1_w5e5_ssp585_pr_global_daily_2061_2070.nc,2061,2070,2086359406,8818a2c4581cd76f465ef0ad1ac44fa0e4a5a6f05d70fd1a60c3f6aa3956b6611204ffa30e92d8640cc86a5b8a64075eed27f6846ff9f799d79d001febdbe9b5,https://files.isimip.org/ISIMIP3b/InputData/climate/atmosphere/bias-adjusted/global/daily/ssp585/MRI-ESM2-0/mri-esm2-0_r1i1p1f1_w5e5_ssp585_pr_global_daily_2061_2070.nc,CC0 1.0,true,false
mri-esm2-0,r1i1p1f1,ssp585,pr,10f79bb9-54af-4f1e-b88f-f1b2d2bfdeca,mri-esm2-0_r1i1p1f1_w5e5_ssp585_pr_global_daily,20210512,374a5045-9b17-4e69-9916-e1668cffc4c0,mri-esm2-0_r1i1p1f1_w5e5_ssp585_pr_global_daily_2071_2080.nc,2071,2080,2093153031,b8a42bc06f6e5906524b6a87ef04fa65b20366795d6a6d4e122cba35fd5ceb937432b45b783ee392efcb541d789983c38a5dc9b28e56a076b4b4bc2ae759cfbd,https://files.isimip.org/ISIMIP3b/InputData/climate/atmosphere/bias-adjusted/global/daily/ssp585/MRI-ESM2-0/mri-esm2-0_r1i1p1f1_w5e5_ssp585_pr_global_daily_2071_2080.nc,CC0 1.0,true,false
mri-esm2-0,r1i1p1f1,ssp585,pr,10f79bb9-54af-4f1e-b88f-f1b2d2bfdeca,mri-esm2-0_r1i1p1f1_w5e5_ssp585_pr_global_daily,20210512,fb40052f-1cf3-44d4-8b11-92a869836c0a,mri-esm2-0_r1i1p1f1_w5e5_ssp585_pr_global_daily_2081_2090.nc,2081,2090,2089463854,f9d029df416e48bc82930a92efa7748d2989380f1367ba5f21eaa9c585aa930a00a3d079ff53b1cee931fdcfe8a69c3441f43f9cf7fb530046eaec8cf6120ffb,https://files.isimip.org/ISIMIP3b/InputData/climate/atmosphere/bias-adjusted/global/daily/ssp585/MRI-ESM2-0/mri-esm2-0_r1i1p1f1_w5e5_ssp585_pr_global_daily_2081_2090.nc,CC0 1.0,true,false
mri-esm2-0,r1i1p1f1,ssp585,pr,10f79bb9-54af-4f1e-b88f-f1b2d2bfdeca,mri-esm2-0_r1i1p1f1_w5e5_ssp585_pr_global_daily,20210512,23f6dd72-caa5-45a9-bb99-83fe67bbff16,mri-esm2-0_r1i1p1f1_w5e5_ssp585_pr_global_daily_2091_2100.nc,2091,2100,2095446648,ae0b3b21659eab5d05cef7be10941e70f4b8fe102579805e212fb411d411f93ca460b0245450891f19e37bf025e200ba3c3e95f4b56abd1b24f3c3d166e4411b,https://files.isimip.org/ISIMIP3b/InputData/climate/atmosphere/bias-adjusted/global/daily/ssp585/MRI-ESM2-0/mri-esm2-0_r1i1p1f1_w5e5_ssp585_pr_global_daily_2091_2100.nc,CC0 1.0,true,false
mri-esm2-0,r1i1p1f1,ssp585,tas,7794344e-e721-4c4c-9c2e-2c429c3c0477,mri-esm2-0_r1i1p1f1_w5e5_ssp585_tas_global_daily,20210512,8cc3446f-128e-4f31-a5d5-0da9b5f9942d,mri-esm2-0_r1i1p1f1_w5e5_ssp585_tas_global_daily_2015_2020.nc,2015,2020,1231713024,dbb06c9fa3828998221a7b274c60942528903c107de591ff4d2d0b45a18eca6a023f4af5f90d63b3593c84729299d6bc7522457ddb56d9457f0abbf03bb8e6f0,https://files.isimip.org/ISIMIP3b/InputData/climate/atmosphere/bias-adjusted/global/daily/ssp585/MRI-ESM2-0/mri-esm2-0_r1i1p1f1_w5e5_ssp585_tas_global_daily_2015_2020.nc,CC0 1.0,true,false
mri-esm2-0,r1i1p1f1,ssp585,tas,7794344e-e721-4c4c-9c2e-2c429c3c0477,mri-esm2-0_r1i1p1f1_w5e5_ssp585_tas_global_daily,20210512,167d9716-5196-4281-b5af-a9a6a20cea8e,mri-esm2-0_r1i1p1f1_w5e5_ssp585_tas_global_daily_2021_2030.nc,2021,2030,2047762868,f5ccca95c33bafb44afe06872d803c437db02455cb5f1c43a2d2278e26c5909b0612e09043a0939bf9de2564fa173114ed0ae6ded322da251a13145db3274da4,https://files.isimip.org/ISIMIP3b/InputData/climate/atmosphere/bias-adjusted/global/daily/ssp585/MRI-ESM2-0/mri-esm2-0_r1i1p1f1_w5e5_ssp585_tas_global_daily_2021_2030.nc,CC0 1.0,true,false
mri-esm2-0,r1i1p1f1,ssp585,tas,7794344e-e721-4c4c-9c2e-2c429c3c0477,mri-esm2-0_r1i1p1f1_w5e5_ssp585_tas_global_daily,20210512,5bd1f14f-8d93-4eaa-9731-120f49890425,mri-esm2-0_r1i1p1f1_w5e5_ssp585_tas_global_daily_2031_2040.nc,2031,2040,2047087467,872f281c4ac3dcec53ecaac9bb64b059b4db97b3f67d5772ea833bf6ae41821b21b1adbb90d3f288c93d85f0ec24bbeb5dbcab1a0487163c7f4c329b27659c81,https://files.isimip.org/ISIMIP3b/InputData/climate/atmosphere/bias-adjusted/global/daily/ssp585/MRI-ESM2-0/mri-esm2-0_r1i1p1f1_w5e5_ssp585_tas_global_daily_2031_2040.nc,CC0 1.0,true,false
mri-esm2-0,r1i1p1f1,ssp585,tas,7794344e-e721-4c4c-9c2e-2c429c3c0477,mri-esm2-0_r1i1p1f1_w5e5_ssp585_tas_global_daily,20210512,c38a8b54-806e-4672-b84c-559aa5768730,mri-esm2-0_r1i1p1f1_w5e5_ssp585_tas_global_daily_2041_2050.nc,2041,2050,2046848392,93aa79710e2322fb50f4887ffb6fa2c545f5450ab3af19a33c6d24d04bb91b1c26af1241eaa9c11aed5ebaf97309f53cd2dbe1e0196029220c900a4a13cd7bd5,https://files.isimip.org/ISIMIP3b/InputData/climate/atmosphere/bias-adjusted/global/daily/ssp585/MRI-ESM2-0/mri-esm2-0_r1i1p1f1_w5e5_ssp585_tas_global_daily_2041_2050.nc,CC0 1.0,true,false
mri-esm2-0,r1i1p1f1,ssp585,tas,7794344e-e721-4c4c-9c2e-2c429c3c0477,mri-esm2-0_r1i1p1f1_w5e5_ssp585_tas_global_daily,20210512,d730ade0-b27b-48de-a4da-bd5a065df822,mri-esm2-0_r1i1p1f1_w5e5_ssp585_tas_global_daily_2051_2060.nc,2051,2060,2047076517,2f07db645fbff11dcfd2da6b63df72af1f484cff0e5570f090065d9e7f864a3e79c1a80855028b990a0a7f4dd98633ca822e062066f7cf48968eec5ec526e6d0,https://files.isimip.org/ISIMIP3b/InputData/climate/atmosphere/bias-adjusted/global/daily/ssp585/MRI-ESM2-0/mri-esm2-0_r1i1p1f1_w5e5_ssp585_tas_global_daily_2051_2060.nc,CC0 1.0,true,false
mri-esm2-0,r1i1p1f1,ssp585,tas,7794344e-e721-4c4c-9c2e-2c429c3c0477,mri-esm2-0_r1i1p1f1_w5e5_ssp585_tas_global_daily,20210512,943464f2-c560-4b6c-9cb9-7d836f1efef5,mri-esm2-0_r1i1p1f1_w5e5_ssp585_tas_global_daily_2061_2070.nc,2061,2070,2046350107,e874bd46bff69bcd4dd031a42dd2d44543574ad892ac1763900c694011b9958f02acb24773065ae2918d8b3bd90ee7da6b2543ad31bb633e9d218ea780d309f4,https://files.isimip.org/ISIMIP3b/InputData/climate/atmosphere/bias-adjusted/global/daily/ssp585/MRI-ESM2-0/mri-esm2-0_r1i1p1f1_w5e5_ssp585_tas_global_daily_2061_2070.nc,CC0 1.0,true,false
mri-esm2-0,r1i1p1f1,ssp585,tas,7794344e-e721-4c4c-9c2e-2c429c3c0477,mri-esm2-0_r1i1p1f1_w5e5_ssp585_tas_global_daily,20210512,a203fa0a-5db5-4c06-96a5-642f2bd76427,mri-esm2-0_r1i1p1f1_w5e5_ssp585_tas_global_daily_2071_2080.nc,2071,2080,2046355491,d99718005cc696ba47efe2ebf80a3406a694f9a6fd8f996c95e7f0ef11a005fe4d1ff21e8139a3a99f155b5b382e9ea535514ed4e47633adc19d2afa1ec58150,https://files.isimip.org/ISIMIP3b/InputData/climate/atmosphere/bias-adjusted/global/daily/ssp585/MRI-ESM2-0/mri-esm2-0_r1i1p1f1_w5e5_ssp585_tas_global_daily_2071_2080.nc,CC0 1.0,true,false
mri-esm2-0,r1i1p1f1,ssp585,tas,7794344e-e721-4c4c-9c2e-2c429c3c0477,mri-esm2-0_r1i1p1f1_w5e5_ssp585_tas_global_daily,20210512,554247bf-8a76-4967-9aaa-cc7d10858712,mri-esm2-0_r1i1p1f1_w5e5_ssp585_tas_global_daily_2081_2090.nc,2081,2090,2044936838,f58b2f37528ecce90f37270de1e450f885fc03af8feefcd446b577d55d0288332d2c1e79d0b9964f55c1f79ea006a0db5b7e6df827a91f7fbd3915c44db7fead,https://files.isimip.org/ISIMIP3b/InputData/climate/atmosphere/bias-adjusted/global/daily/ssp585/MRI-ESM2-0/mri-esm2-0_r1i1p1f1_w5e5_ssp585_tas_global_daily_2081_2090.nc,CC0 1.0,true,false
mri-esm2-0,r1i1p1f1,ssp585,tas,7794344e-e721-4c4c-9c2e-2c429c3c0477,mri-esm2-0_r1i1p1f1_w5e5_ssp585_tas_global_daily,20210512,7833706c-0018-45f9-a7b5-7e48776ac84c,mri-esm2-0_r1i1p1f1_w5e5_ssp585_tas_global_daily_2091_2100.nc,2091,2100,2045391925,e6e146117f0f6aabbae91b6d17889eefa99732a1f10eec7978c650a5c4c1036219eded91f0808a37409f9568a8163f62435e4db342e900dc553a52f3d07059de,https://files.isimip.org/ISIMIP3b/InputData/climate/atmosphere/bias-adjusted/global/daily/ssp585/MRI-ESM2-0/mri-esm2-0_r1i1p1f1_w5e5_ssp585_tas_global_daily_2091_2100.nc,CC0 1.0,true,false
ukesm1-0-ll,r1i1p1f2,ssp126,pr,d4d442b7-d651-4719-9ead-16e172dc37b1,ukesm1-0-ll_r1i1p1f2_w5e5_ssp126_pr_global_daily,20210512,d5c67c82-11c9-41a7-a6c5-b2c6015da378,ukesm1-0-ll_r1i1p1f2_w5e5_ssp126_pr_global_daily_2015_2020.nc,2015,2020,1266511498,406bd25a2937fc807237277d1f859a004af48d5735c916d2b58102d036a01cd36c8bc798c737319bb95558b40bd2bbdc267822a7285cd0a793dce8837d6facf0,https://files.isimip.org/ISIMIP3b/InputData/climate/atmosphere/bias-adjusted/global/daily/ssp126/UKESM1-0-LL/ukesm1-0-ll_r1i1p1f2_w5e5_ssp126_pr_global_daily_2015_2020.nc,CC0 1.0,true,false
ukesm1-0-ll,r1i1p1f2,ssp126,pr,d4d442b7-d651-4719-9ead-16e172dc37b1,ukesm1-0-ll_r1i1p1f2_w5e5_ssp126_pr_global_daily,20210512,a6a2bf05-a12c-4e0d-a879-273c337eb386,ukesm1-0-ll_r1i1p1f2_w5e5_ssp126_pr_global_daily_2021_2030.nc,2021,2030,2127459406,65754e8be7681d3a71a7e78c4db7fee431eceda4aae205b62e1fbd88a6837e1e2e3a4116f8dde572c4cf88503d160dfff73a055e10a4d4c238c669a1a52d0728,https://files.isimip.org/ISIMIP3b/InputData/climate/atmosphere/bias-adjusted/global/daily/ssp126/UKESM1-0-LL/ukesm1-0-ll_r1i1p1f2_w5e5_ssp126_pr_global_daily_2021_2030.nc,CC0 1.0,true,false
ukesm1-0-ll,r1i1p1f2,ssp126,pr,d4d442b7-d651-4719-9ead-16e172dc37b1,ukesm1-0-ll_r1i1p1f2_w5e5_ssp126_pr_global_daily,20210512,a36b66b7-a673-4045-8d58-cbe2c7a8695d,ukesm1-0-ll_r1i1p1f2_w5e5_ssp126_pr_global_daily_2031_2040.nc,2031,2040,2125619479,376e47b45f70f1448bf17fabb9c4ada98e18ce92ddb796e6e0e6bf0ee577d38bc4af218c73cce1726bd237d470595300d3f5d71c55cda7e8844514fba659fe42,https://files.isimip.org/ISIMIP3b/InputData/climate/atmosphere/bias-adjusted/global/daily/ssp126/UKESM1-0-LL/ukesm1-0-ll_r1i1p1f2_w5e5_ssp126_pr_global_daily_2031_2040.nc,CC0 1.0,true,false
ukesm1-0-ll,r1i1p1f2,ssp126,pr,d4d442b7-d651-4719-9ead-16e172dc37b1,ukesm1-0-ll_r1i1p1f2_w5e5_ssp126_pr_global_daily,20210512,7875e582-6930-4eb3-8488-615cec0c9793,ukesm1-0-ll_r1i1p1f2_w5e5_ssp126_pr_global_daily_2041_2050.nc,2041,2050,2141609230,2af14b0d844eb81510771af8c5f6786289384fee7d12805fa8aec983647215150ee07f0db75b73e5ca3f46d358c8197cbe0a2b9fc6017216c0628a2a9682fc3a,https://files.isimip.org/ISIMIP3b/InputData/climate/atmosphere/bias-adjusted/global/daily/ssp126/UKESM1-0-LL/ukesm1-0-ll_r1i1p1f2_w5e5_ssp126_pr_global_daily_2041_2050.nc,CC0 1.0,true,false
ukesm1-0-ll,r1i1p1f2,ssp126,pr,d4d442b7-d651-4719-9ead-16e172dc37b1,ukesm1-0-ll_r1i1p1f2_w5e5_ssp126_pr_global_daily,20210512,4f796eb6-8e9b-4055-867b-581f815367d4,ukesm1-0-ll_r1i1p1f2_w5e5_ssp126_pr_global_daily_2051_2060.nc,2051,2060,2148000466,b967f1944f7f490daa1aa307e8ab1580b6abe900155b4b2de37cc43ee95b8479e2369266d3f4b55d33662e3cd180d77988fac355bfb1439fbe4d751a11510bcb,https://files.isimip.org/ISIMIP3b/InputData/climate/atmosphere/bias-adjusted/global/daily/ssp126/UKESM1-0-LL/ukesm1-0-ll_r1i1p1f2_w5e5_ssp126_pr_global_daily_2051_2060.nc,CC0 1.0,true,false
ukesm1-0-ll,r1i1p1f2,ssp126,pr,d4d442b7-d651-4719-9ead-16e172dc37b1,ukesm1-0-ll_r1i1p1f2_w5e5_ssp126_pr_global_daily,20210512,bc670b03-f30c-4287-a214-0d0c2f726741,ukesm1-0-ll_r1i1p1f2_w5e5_ssp126_pr_global_daily_2061_2070.nc,2061,2070,2143913222,bcd7e1e06f3b8d52e3a91274c21952c4692b529651e1bbce49a99a066f7068e2b8f4f04755d6dcd0706a3e94103b2abda9eab15477aa39654d7dc22b94adcc49,https://files.isimip.org/ISIMIP3b/InputData/climate/atmosphere/bias-adjusted/global/daily/ssp126/UKESM1-0-LL/ukesm1-0-ll_r1i1p1f2_w5e5_ssp126_pr_global_daily_2061_2070.nc,CC0 1.0,true,false
ukesm1-0-ll,r1i1p1f2,ssp126,pr,d4d442b7-d651-4719-9ead-16e172dc37b1,ukesm1-0-ll_r1i1p1f2_w5e5_ssp126_pr_global_daily,20210512,5ba24de0-8afa-4201-9b7b-ec17297826c2,ukesm1-0-ll_r1i1p1f2_w5e5_ssp126_pr_global_daily_2071_2080.nc,2071,2080,2155401010,5413a3bde1d4807712446472953006a6ef0216546aff555e8373ccbdae83cc97b356d8b7956bca5b8ad698fca4c108024f8386a7a2f9c810e7df062ddc72803d,https://files.isimip.org/ISIMIP3b/InputData/climate/atmosphere/bias-adjusted/global/daily/ssp126/UKESM1-0-LL/ukesm1-0-ll_r1i1p1f2_w5e5_ssp126_pr_global_daily_2071_2080.nc,CC0 1.0,true,false
ukesm1-0-ll,r1i1p1f2,ssp126,pr,d4d442b7-d651-4719-9ead-16e172dc37b1,ukesm1-0-ll_r1i1p1f2_w5e5_ssp126_pr_global_daily,20210512,7737ddb1-fc36-469b-9b92-c24b534bddd2,ukesm1-0-ll_r1i1p1f2_w5e5_ssp126_pr_global_daily_2081_2090.nc,2081,2090,2152248423,445605ea0b4a4ad804baa4eaa5f085abc69c6881e37ab7f17fc3652b8941f12fd159fe30ad1fbe4fe79ef22f503f9daf6b383bd86207cfb967c356f2c9f80bfa,https://files.isimip.org/ISIMIP3b/InputData/climate/atmosphere/bias-adjusted/global/daily/ssp126/UKESM1-0-LL/ukesm1-0-ll_r1i1p1f2_w5e5_ssp126_pr_global_daily_2081_2090.nc,CC0 1.0,true,false
ukesm1-0-ll,r1i1p1f2,ssp126,pr,d4d442b7-d651-4719-9ead-16e172dc37b1,ukesm1-0-ll_r1i1p1f2_w5e5_ssp126_pr_global_daily,20210512,4ab0afc7-fc64-4c8c-86c9-6916631c70e3,ukesm1-0-ll_r1i1p1f2_w5e5_ssp126_pr_global_daily_2091_2100.nc,2091,2100,2153117972,620612f2a882f27fcffed1e36d9722b4c1d0091057bdbbacb22c6e7549cc1cf17700ffc6c5c9430f03812614342ad187371014b3d2c2d191a69659c77acac46a,https://files.isimip.org/ISIMIP3b/InputData/climate/atmosphere/bias-adjusted/global/daily/ssp126/UKESM1-0-LL/ukesm1-0-ll_r1i1p1f2_w5e5_ssp126_pr_global_daily_2091_2100.nc,CC0 1.0,true,false
ukesm1-0-ll,r1i1p1f2,ssp126,tas,a752c325-aad2-4965-afc9-a59ff7a0e04d,ukesm1-0-ll_r1i1p1f2_w5e5_ssp126_tas_global_daily,20210512,93b99d9f-5098-4c8a-b5ce-3551afa4f594,ukesm1-0-ll_r1i1p1f2_w5e5_ssp126_tas_global_daily_2015_2020.nc,2015,2020,1239547473,5e819e68501b22f058ce71c8682182f315e8b9b1667efb1e3ca61faa4b4229e0280e655e91bd89e00f10508c37712b0e9e0b355c1742766f4690dd535a8fe02a,https://files.isimip.org/ISIMIP3b/InputData/climate/atmosphere/bias-adjusted/global/daily/ssp126/UKESM1-0-LL/ukesm1-0-ll_r1i1p1f2_w5e5_ssp126_tas_global_daily_2015_2020.nc,CC0 1.0,true,false
ukesm1-0-ll,r1i1p1f2,ssp126,tas,a752c325-aad2-4965-afc9-a59ff7a0e04d,ukesm1-0-ll_r1i1p1f2_w5e5_ssp126_tas_global_daily,20210512,b033f7fc-b373-4b26-b9b1-424b0b79db4e,ukesm1-0-ll_r1i1p1f2_w5e5_ssp126_tas_global_daily_2021_2030.nc,2021,2030,2060768835,c28b7f4ae99e80d8c2a23663f2a8f9b0f20c91c99f71dada383f51dcbcb967a999150ab89705df77c373ae22fb991b3d75bfe206cdb66597a999e0879207f643,https://files.isimip.org/ISIMIP3b/InputData/climate/atmosphere/bias-adjusted/global/daily/ssp126/UKESM1-0-LL/ukesm1-0-ll_r1i1p1f2_w5e5_ssp126_tas_global_daily_2021_2030.nc,CC0 1.0,true,false
ukesm1-0-ll,r1i1p1f2,ssp126,tas,a752c325-aad2-4965-afc9-a59ff7a0e04d,ukesm1-0-ll_r1i1p1f2_w5e5_ssp126_tas_global_daily,20210512,24b854e6-b922-446a-9288-c7fefb494c1e,ukesm1-0-ll_r1i1p1f2_w5e5_ssp126_tas_global_daily_2031_2040.nc,2031,2040,2060536247,44e740e1ff6ca0907f9286ba055a87dab514f225b8cb029689f905442ed512ebe2cbfa6681c57cc07875d1c916e3178bbd267cf43f54fe7439149eb5f048e4c7,https://files.isimip.org/ISIMIP3b/InputData/climate/atmosphere/bias-adjusted/global/daily/ssp126/UKESM1-0-LL/ukesm1-0-ll_r1i1p1f2_w5e5_ssp126_tas_global_daily_2031_2040.nc,CC0 1.0,true,false
ukesm1-0-ll,r1i1p1f2,ssp126,tas,a752c325-aad2-4965-afc9-a59ff7a0e04d,ukesm1-0-ll_r1i1p1f2_w5e5_ssp126_tas_global_daily,20210512,492cd043-e258-49f5-b29f-0e5a182cea92,ukesm1-0-ll_r1i1p1f2_w5e5_ssp126_tas_global_daily_2041_2050.nc,2041,2050,2060673070,22a55fd8e67b48db58003592393b7071921e46c7932d5b8837601d2b96085c174edd0f431703428d8c08901e76ccca1c506d37fd8b19c2cf2c7e39a290ae0cc8,https://files.isimip.org/ISIMIP3b/InputData/climate/atmosphere/bias-adjusted/global/daily/ssp126/UKESM1-0-LL/ukesm1-0-ll_r1i1p1f2_w5e5_ssp126_tas_global_daily_2041_2050.nc,CC0 1.0,true,false
ukesm1-0-ll,r1i1p1f2,ssp126,tas,a752c325-aad2-4965-afc9-a59ff7a0e04d,ukesm1-0-ll_r1i1p1f2_w5e5_ssp126_tas_global_daily,20210512,d9be9eff-b3d9-442d-9072-ddff2ceb63be,ukesm1-0-ll_r1i1p1f2_w5e5_ssp126_tas_global_daily_2051_2060.nc,2051,2060,2061208882,5785edc1475fd29be6c4781539928d0d8a44a8c6c6f20774d37e33fee11cfa03128cfb6aef3083da2410ab1e964a6d1c045d759c36da9609804143813b2ae2a5,https://files.isimip.org/ISIMIP3b/InputData/climate/atmosphere/bias-adjusted/global/daily/ssp126/UKESM1-0-LL/ukesm1-0-ll_r1i1p1f2_w5e5_ssp126_tas_global_daily_2051_2060.nc,CC0 1.0,true,false
ukesm1-0-ll,r1i1p1f2,ssp126,tas,a752c325-aad2-4965-afc9-a59ff7a0e04d,ukesm1-0-ll_r1i1p1f2_w5e5_ssp126_tas_global_daily,20210512,c301a637-c418-4dd4-afcb-070e6130e854,ukesm1-0-ll_r1i1p1f2_w5e5_ssp126_tas_global_daily_2061_2070.nc,2061,2070,2060963727,23aeffa184d15c4646b27a33ad0670767ec7227bd9b9d9ea4157810b6d05a11f9cf4d2b5b79f2a15341d55607ff9aaacc7a22184fcf91b3e823a465d8369a6bb,https://files.isimip.org/ISIMIP3b/InputData/climate/atmosphere/bias-adjusted/global/daily/ssp126/UKESM1-0-LL/ukesm1-0-ll_r1i1p1f2_w5e5_ssp126_tas_global_daily_2061_2070.nc,CC0 1.0,true,false
ukesm1-0-ll,r1i1p1f2,ssp126,tas,a752c325-aad2-4965-afc9-a59ff7a0e04d,ukesm1-0-ll_r1i1p1f2_w5e5_ssp126_tas_global_daily,20210512,9a6005d0-f0d4-4907-93e6-d56c19975447,ukesm1-0-ll_r1i1p1f2_w5e5_ssp126_tas_global_daily_2071_2080.nc,2071,2080,2061249922,03c5aad5eb08868038c57508f157b7f21013a23cb9b48d3205edec63cfe79dfe567d0fcb99ab29f7a633d8b3ea923e9a7e4a0996cd0baa2d207eb4fc47e2783c,https://files.isimip.org/ISIMIP3b/InputData/climate/atmosphere/bias-adjusted/global/daily/ssp126/UKESM1-0-LL/ukesm1-0-ll_r1i1p1f2_w5e5_ssp126_tas_global_daily_2071_2080.nc,CC0 1.0,true,false
ukesm1-0-ll,r1i1p1f2,ssp126,tas,a752c325-aad2-4965-afc9-a59ff7a0e04d,ukesm1-0-ll_r1i1p1f2_w5e5_ssp126_tas_global_daily,20210512,e4b9a562-81f7-4dd5-8013-ae3a5dde3ec8,ukesm1-0-ll_r1i1p1f2_w5e5_ssp126_tas_global_daily_2081_2090.nc,2081,2090,2060646418,e404e3bb9bccdbbfe89dee530c27e5f0f5ab1cadf9983a9eb638b61b8448c39e35f98e66ff35868163d00cb0145270cca112f3efa0d533022096c47b05dcafee,https://files.isimip.org/ISIMIP3b/InputData/climate/atmosphere/bias-adjusted/global/daily/ssp126/UKESM1-0-LL/ukesm1-0-ll_r1i1p1f2_w5e5_ssp126_tas_global_daily_2081_2090.nc,CC0 1.0,true,false
ukesm1-0-ll,r1i1p1f2,ssp126,tas,a752c325-aad2-4965-afc9-a59ff7a0e04d,ukesm1-0-ll_r1i1p1f2_w5e5_ssp126_tas_global_daily,20210512,488de459-ea48-4e5b-878c-82770f847068,ukesm1-0-ll_r1i1p1f2_w5e5_ssp126_tas_global_daily_2091_2100.nc,2091,2100,2061118950,e81130a88ec612743417852e00c226c7174cfc3ab3e29e083912e24d753e491ca3189e55e88e55f77348ca39c9f64280fe9e2adcc72cb7d28d7e885e3b7dfd8c,https://files.isimip.org/ISIMIP3b/InputData/climate/atmosphere/bias-adjusted/global/daily/ssp126/UKESM1-0-LL/ukesm1-0-ll_r1i1p1f2_w5e5_ssp126_tas_global_daily_2091_2100.nc,CC0 1.0,true,false
ukesm1-0-ll,r1i1p1f2,ssp370,pr,92deba84-0382-45b8-b370-ef35ab564517,ukesm1-0-ll_r1i1p1f2_w5e5_ssp370_pr_global_daily,20210512,45e850f2-3113-4332-a38f-a9acf23c50e1,ukesm1-0-ll_r1i1p1f2_w5e5_ssp370_pr_global_daily_2015_2020.nc,2015,2020,1266393042,7ab4254d8097f63a3eb42608ef644326832f6d6471078d5e976f6d8fef3d8ace0b8ab2fe0b4d9e4b1ed1e37adb889f609dbdb391fa5fd109c8c2cf2c8ec51798,https://files.isimip.org/ISIMIP3b/InputData/climate/atmosphere/bias-adjusted/global/daily/ssp370/UKESM1-0-LL/ukesm1-0-ll_r1i1p1f2_w5e5_ssp370_pr_global_daily_2015_2020.nc,CC0 1.0,true,false
ukesm1-0-ll,r1i1p1f2,ssp370,pr,92deba84-0382-45b8-b370-ef35ab564517,ukesm1-0-ll_r1i1p1f2_w5e5_ssp370_pr_global_daily,20210512,dafc954a-9156-40aa-9cad-f1576f317165,ukesm1-0-ll_r1i1p1f2_w5e5_ssp370_pr_global_daily_2021_2030.nc,2021,2030,2124580303,f63c64e10dea5ecbfaa7bae2fd079ce3d1debecd06d10a6e8be70b5b329b2add97be4bc7456d62f4c31cc670f7dd0ee0c2e211ab3b120341910b50d3c9442ccf,https://files.isimip.org/ISIMIP3b/InputData/climate/atmosphere/bias-adjusted/global/daily/ssp370/UKESM1-0-LL/ukesm1-0-ll_r1i1p1f2_w5e5_ssp370_pr_global_daily_2021_2030.nc,CC0 1.0,true,false
ukesm1-0-ll,r1i1p1f2,ssp370,pr,92deba84-0382-45b8-b370-ef35ab564517,ukesm1-0-ll_r1i1p1f2_w5e5_ssp370_pr_global_daily,20210512,1d560c00-d30e-4362-96d9-f99a93da801b,ukesm1-0-ll_r1i1p1f2_w5e5_ssp370_pr_global_daily_2031_2040.nc,2031,2040,2126274228,999736577e2156dc40c697c3b0bb9898ce05dbdeecd511d908d0e33ad439bf0b4deaad84576ee373164fba170ec01dd6f28f37d543633683c9a26276afef0bf1,https://files.isimip.org/ISIMIP3b/InputData/climate/atmosphere/bias-adjusted/global/daily/ssp370/UKESM1-0-LL/ukesm1-0-ll_r1i1p1f2_w5e5_ssp370_pr_global_daily_2031_2040.nc,CC0 1.0,true,false
ukesm1-0-ll,r1i1p1f2,ssp370,pr,92deba84-0382-45b8-b370-ef35ab564517,ukesm1-0-ll_r1i1p1f2_w5e5_ssp370_pr_global_daily,20210512,605731b0-cce2-4bd8-8f89-ae395c90c5f5,ukesm1-0-ll_r1i1p1f2_w5e5_ssp370_pr_global_daily_2041_2050.nc,2041,2050,2130116158,2933282641424a01b007ddbd967576061d3a9aa669a8788f5843c9b2cdfb0bff88697cd68d281e97ea91410b7e7714caa8753422259004b4302d88176a693714,https://files.isimip.org/ISIMIP3b/InputData/climate/atmosphere/bias-adjusted/global/daily/ssp370/UKESM1-0-LL/ukesm1-0-ll_r1i1p1f2_w5e5_ssp370_pr_global_daily_2041_2050.nc,CC0 1.0,true,false
ukesm1-0-ll,r1i1p1f2,ssp370,pr,92deba84-0382-45b8-b370-ef35ab564517,ukesm1-0-ll_r1i1p1f2_w5e5_ssp370_pr_global_daily,20210512,d0bfadec-9e89-44a8-b09a-e701388fb9e7,ukesm1-0-ll_r1i1p1f2_w5e5_ssp370_pr_global_daily_2051_2060.nc,2051,2060,2146128545,4f64010346393eb0d44ed631437545271ce60cbf4d5fb8dcb1e78494b234d6a4cf395a7f342ebad823a6a6755651ccac1efef4a8fb4e184c3990fa764eff1891,https://files.isimip.org/ISIMIP3b/InputData/climate/atmosphere/bias-adjusted/global/daily/ssp370/UKESM1-0-LL/ukesm1-0-ll_r1i1p1f2_w5e5_ssp370_pr_global_daily_2051_2060.nc,CC0 1.0,true,false
ukesm1-0-ll,r1i1p1f2,ssp370,pr,92deba84-0382-45b8-b370-ef35ab564517,ukesm1-0-ll_r1i1p1f2_w5e5_ssp370_pr_global_daily,20210512,8474752f-f85b-478f-aa2c-c12e8214726a,ukesm1-0-ll_r1i1p1f2_w5e5_ssp370_pr_global_daily_2061_2070.nc,2061,2070,2142147690,d33f3a33e15b3a34db0b2a40e0714cfb5c054bed7d48770713c256d3d71dddf564599c137ea298e9e17954defb53057323195f17b77c8cedd45e0c3d5ff46bc9,https://files.isimip.org/ISIMIP3b/InputData/climate/atmosphere/bias-adjusted/global/daily/ssp370/UKESM1-0-LL/ukesm1-0-ll_r1i1p1f2_w5e5_ssp370_pr_global_daily_2061_2070.nc,CC0 1.0,true,false
ukesm1-0-ll,r1i1p1f2,ssp370,pr,92deba84-0382-45b8-b370-ef35ab564517,ukesm1-0-ll_r1i1p1f2_w5e5_ssp370_pr_global_daily,20210512,bf794869-ac2b-4eeb-9765-92e242490f03,ukesm1-0-ll_r1i1p1f2_w5e5_ssp370_pr_global_daily_2071_2080.nc,2071,2080,2160082487,d739739d98d3309320981e869c44a432ffa21b3128e1831697e810d9d2e13a652eefb8fc144dd41f293597f9f558afa6b005575c68ff67ca8ba4ee1256907da3,https://files.isimip.org/ISIMIP3b/InputData/climate/atmosphere/bias-adjusted/global/daily/ssp370/UKESM1-0-LL/ukesm1-0-ll_r1i1p1f2_w5e5_ssp370_pr_global_daily_2071_2080.nc,CC0 1.0,true,false
ukesm1-0-ll,r1i1p1f2,ssp370,pr,92deba84-0382-45b8-b370-ef35ab564517,ukesm1-0-ll_r1i1p1f2_w5e5_ssp370_pr_global_daily,20210512,09de2914-e6c9-45e7-8add-2a33b1e47f91,ukesm1-0-ll_r1i1p1f2_w5e5_ssp370_pr_global_daily_2081_2090.nc,2081,2090,2163511283,9f4e02f0a62da9f8ee231075f270ef71e8a071b5b677eac96d35dd6680af9ee0a55011eacdbc7a8e2ae77e100152fde04469b1c09ba61df32e52c025ef8e07c4,https://files.isimip.org/ISIMIP3b/InputData/climate/atmosphere/bias-adjusted/global/daily/ssp370/UKESM1-0-LL/ukesm1-0-ll_r1i1p1f2_w5e5_ssp370_pr_global_daily_2081_2090.nc,CC0 1.0,true,false
ukesm1-0-ll,r1i1p1f2,ssp370,pr,92deba84-0382-45b8-b370-ef35ab564517,ukesm1-0-ll_r1i1p1f2_w5e5_ssp370_pr_global_daily,20210512,d7323651-0c52-4297-bcc2-70cb03d2f2f4,ukesm1-0-ll_r1i1p1f2_w5e5_ssp370_pr_global_daily_2091_2100.nc,2091,2100,2181785595,e016e5c3207488f23e9e0004ef8d8988e23ddeb7f2e7aab6e1d9144a5a65c69cb2d679379e28dc0025a5c159550a5c0555115dbed8249f6a4b38837a6cd056ee,https://files.isimip.org/ISIMIP3b/InputData/climate/atmosphere/bias-adjusted/global/daily/ssp370/UKESM1-0-LL/ukesm1-0-ll_r1i1p1f2_w5e5_ssp370_pr_global_daily_2091_2100.nc,CC0 1.0,true,false
ukesm1-0-ll,r1i1p1f2,ssp370,tas,fce39d22-a04f-4dc0-8d99-251a76613128,ukesm1-0-ll_r1i1p1f2_w5e5_ssp370_tas_global_daily,20210512,0962dfad-00e7-4895-92fb-ba9a3f6517dd,ukesm1-0-ll_r1i1p1f2_w5e5_ssp370_tas_global_daily_2015_2020.nc,2015,2020,1239775178,866519fc856a7a903bf05942d58d1e00164bbe6485fcd0956a108f5b2f0a6bb670483b2df76f8d125537089ad5f3635cb207955e84c6ef04b2d9ca516a32298e,https://files.isimip.org/ISIMIP3b/InputData/climate/atmosphere/bias-adjusted/global/daily/ssp370/UKESM1-0-LL/ukesm1-0-ll_r1i1p1f2_w5e5_ssp370_tas_global_daily_2015_2020.nc,CC0 1.0,true,false
ukesm1-0-ll,r1i1p1f2,ssp370,tas,fce39d22-a04f-4dc0-8d99-251a76613128,ukesm1-0-ll_r1i1p1f2_w5e5_ssp370_tas_global_daily,20210512,1cb6ca06-a345-4e35-bebb-ce7fdfce9952,ukesm1-0-ll_r1i1p1f2_w5e5_ssp370_tas_global_daily_2021_2030.nc,2021,2030,2061098704,f72ec98d91c67b53d5aa74916460eafa8e8642e1881e2f28e03700db51b67ca0abc8be4e7e20a75f87f16fe59da016a7fd77f1c8ed7eead76afaac55ee9558ba,https://files.isimip.org/ISIMIP3b/InputData/climate/atmosphere/bias-adjusted/global/daily/ssp370/UKESM1-0-LL/ukesm1-0-ll_r1i1p1f2_w5e5_ssp370_tas_global_daily_2021_2030.nc,CC0 1.0,true,false
ukesm1-0-ll,r1i1p1f2,ssp370,tas,fce39d22-a04f-4dc0-8d99-251a76613128,ukesm1-0-ll_r1i1p1f2_w5e5_ssp370_tas_global_daily,20210512,b52a768e-2541-412e-bf37-05a9e25024c9,ukesm1-0-ll_r1i1p1f2_w5e5_ssp370_tas_global_daily_2031_2040.nc,2031,2040,2060292612,353c8ef731ae2365bec6d0401852d01a7dce1cec24d2b116c1b51643bd7c2b2d558d6b24b78b6c8a7e6a4c4336a09a13a9886520322fa3d3f6f5aa5d6e99a462,https://files.isimip.org/ISIMIP3b/InputData/climate/atmosphere/bias-adjusted/global/daily/ssp370/UKESM1-0-LL/ukesm1-0-ll_r1i1p1f2_w5e5_ssp370_tas_global_daily_2031_2040.nc,CC0 1.0,true,false
ukesm1-0-ll,r1i1p1f2,ssp370,tas,fce39d22-a04f-4dc0-8d99-251a76613128,ukesm1-0-ll_r1i1p1f2_w5e5_ssp370_tas_global_daily,20210512,8614f197-e795-4ef6-8587-21b3831e413d,ukesm1-0-ll_r1i1p1f2_w5e5_ssp370_tas_global_daily_2041_2050.nc,2041,2050,2061169412,a9ab4a46899f522409a989771a0f985bbf8de111907050ef27d478d29f5804e47d990ec8d5896289fb12ee54be5704df1e4dccc79c7fa78a51e1c30b3cfb3eba,https://files.isimip.org/ISIMIP3b/InputData/climate/atmosphere/bias-adjusted/global/daily/ssp370/UKESM1-0-LL/ukesm1-0-ll_r1i1p1f2_w5e5_ssp370_tas_global_daily_2041_2050.nc,CC0 1.0,true,false
ukesm1-0-ll,r1i1p1f2,ssp370,tas,fce39d22-a04f-4dc0-8d99-251a76613128,ukesm1-0-ll_r1i1p1f2_w5e5_ssp370_tas_global_daily,20210512,e5df2749-1358-4771-a138-0100b3bf55fb,ukesm1-0-ll_r1i1p1f2_w5e5_ssp370_tas_global_daily_2051_2060.nc,2051,2060,2060956813,0cb4456cad0bff3b82df46d7e01527398dbfa5795a015784906949fabcaa05f03db7e12c7bc7c09e93e9cfb3e21aa5c71b3ae7f07e0b6eed35d870e5ec9120ed,https://files.isimip.org/ISIMIP3b/InputData/climate/atmosphere/bias-adjusted/global/daily/ssp370/UKESM1-0-LL/ukesm1-0-ll_r1i1p1f2_w5e5_ssp370_tas_global_daily_2051_2060.nc,CC0 1.0,true,false
ukesm1-0-ll,r1i1p1f2,ssp370,tas,fce39d22-a04f-4dc0-8d99-251a76613128,ukesm1-0-ll_r1i1p1f2_w5e5_ssp370_tas_global_daily,20210512,98239151-6f9e-4189-9f7d-278b768b69c1,ukesm1-0-ll_r1i1p1f2_w5e5_ssp370_tas_global_daily_2061_2070.nc,2061,2070,2059588876,97163c5478bb6f6034a130522da4d937d1ee3865b37662c071e42690069b188773fcb78bb7e44645aa52eeff43f5f81da7f9d82de192dd6e9856dd72a9379995,https://files.isimip.org/ISIMIP3b/InputData/climate/atmosphere/bias-adjusted/global/daily/ssp370/UKESM1-0-LL/ukesm1-0-ll_r1i1p1f2_w5e5_ssp370_tas_global_daily_2061_2070.nc,CC0 1.0,true,false
ukesm1-0-ll,r1i1p1f2,ssp370,tas,fce39d22-a04f-4dc0-8d99-251a76613128,ukesm1-0-ll_r1i1p1f2_w5e5_ssp370_tas_global_daily,20210512,62dbc59f-2402-45f0-8d5b-ea372f6224d2,ukesm1-0-ll_r1i1p1f2_w5e5_ssp370_tas_global_daily_2071_2080.nc,2071,2080,2061754540,e86c46a5bc6e5d1de111a2f63b413368744215069ea1a9700918717562a16554fe78d564da7d6b4de2963aaaa82e8606def8d1ee7f34cc20c15258cd525fc4e4,https://files.isimip.org/ISIMIP3b/InputData/climate/atmosphere/bias-adjusted/global/daily/ssp370/UKESM1-0-LL/ukesm1-0-ll_r1i1p1f2_w5e5_ssp370_tas_global_daily_2071_2080.nc,CC0 1.0,true,false
ukesm1-0-ll,r1i1p1f2,ssp370,tas,fce39d22-a04f-4dc0-8d99-251a76613128,ukesm1-0-ll_r1i1p1f2_w5e5_ssp370_tas_global_daily,20210512,96d48116-8319-4f3e-84eb-d195afeeb934,ukesm1-0-ll_r1i1p1f2_w5e5_ssp370_tas_global_daily_2081_2090.nc,2081,2090,2060172627,8ce594deae75b2fb4bc3cce192fbc9dc50239b608d21c25cd4e225a7b1525f5b6823ef89b7d65db22ac0d8b6ace8c7b0cfc1251260f06ceecd97981229612583,https://files.isimip.org/ISIMIP3b/InputData/climate/atmosphere/bias-adjusted/global/daily/ssp370/UKESM1-0-LL/ukesm1-0-ll_r1i1p1f2_w5e5_ssp370_tas_global_daily_2081_2090.nc,CC0 1.0,true,false
ukesm1-0-ll,r1i1p1f2,ssp370,tas,fce39d22-a04f-4dc0-8d99-251a76613128,ukesm1-0-ll_r1i1p1f2_w5e5_ssp370_tas_global_daily,20210512,2abfab8c-0fed-431f-8f23-2832e2596eae,ukesm1-0-ll_r1i1p1f2_w5e5_ssp370_tas_global_daily_2091_2100.nc,2091,2100,2059791050,a2244c8faed2eb68de7bdb2766238250db8077d198f89cda21a2788bb8adc8cb9d002f26713f881bc074e4906137ea1ca2bce71e676989777f4887d2162cca7e,https://files.isimip.org/ISIMIP3b/InputData/climate/atmosphere/bias-adjusted/global/daily/ssp370/UKESM1-0-LL/ukesm1-0-ll_r1i1p1f2_w5e5_ssp370_tas_global_daily_2091_2100.nc,CC0 1.0,true,false
ukesm1-0-ll,r1i1p1f2,ssp585,pr,58ad6c99-4a70-467a-bde2-6647ced7e45e,ukesm1-0-ll_r1i1p1f2_w5e5_ssp585_pr_global_daily,20210512,3c328b76-a0e6-4500-932f-1d72e29ebdd5,ukesm1-0-ll_r1i1p1f2_w5e5_ssp585_pr_global_daily_2015_2020.nc,2015,2020,1265559536,3c5935d9b199c57c259dc70a6cd56f293e9f9cc00f87b4069e2a33d70eba3c0ced06f4ea753c582479a34e98c468fff76c12d904334f82bd6d6d338a0a0334c4,https://files.isimip.org/ISIMIP3b/InputData/climate/atmosphere/bias-adjusted/global/daily/ssp585/UKESM1-0-LL/ukesm1-0-ll_r1i1p1f2_w5e5_ssp585_pr_global_daily_2015_2020.nc,CC0 1.0,true,false
ukesm1-0-ll,r1i1p1f2,ssp585,pr,58ad6c99-4a70-467a-bde2-6647ced7e45e,ukesm1-0-ll_r1i1p1f2_w5e5_ssp585_pr_global_daily,20210512,ef70543c-d683-4cc5-951a-66766c4ef48f,ukesm1-0-ll_r1i1p1f2_w5e5_ssp585_pr_global_daily_2021_2030.nc,2021,2030,2129076741,1745acadeb7c9db97b44c40e93a83df777bfedfeef9520c0025deaee0ff0d7be78b252799a780aaa1ee8ba272b3ac0561e0f2b038fc467f046cf8ea3ec6de50c,https://files.isimip.org/ISIMIP3b/InputData/climate/atmosphere/bias-adjusted/global/daily/ssp585/UKESM1-0-LL/ukesm1-0-ll_r1i1p1f2_w5e5_ssp585_pr_global_daily_2021_2030.nc,CC0 1.0,true,false
ukesm1-0-ll,r1i1p1f2,ssp585,pr,58ad6c99-4a70-467a-bde2-6647ced7e45e,ukesm1-0-ll_r1i1p1f2_w5e5_ssp585_pr_global_daily,20210512,b768eba4-aa08-414e-8438-d2f7142d6ecd,ukesm1-0-ll_r1i1p1f2_w5e5_ssp585_pr_global_daily_2031_2040.nc,2031,2040,2128084571,895c3b00d018650cd06999dbacf5416054b29436949f31b1de8618ce0824cca1287461379b5019d82f97e6ee53202732747ef22005264517663ba40187d5b030,https://files.isimip.org/ISIMIP3b/InputData/climate/atmosphere/bias-adjusted/global/daily/ssp585/UKESM1-0-LL/ukesm1-0-ll_r1i1p1f2_w5e5_ssp585_pr_global_daily_2031_2040.nc,CC0 1.0,true,false
ukesm1-0-ll,r1i1p1f2,ssp585,pr,58ad6c99-4a70-467a-bde2-6647ced7e45e,ukesm1-0-ll_r1i1p1f2_w5e5_ssp585_pr_global_daily,20210512,0043be37-5357-4a85-ac84-91c045de1b3b,ukesm1-0-ll_r1i1p1f2_w5e5_ssp585_pr_global_daily_2041_2050.nc,2041,2050,2140522470,795de1b3d6f688d61a1723f214e113724749c549146b705ff1c943b18109fca6b18ac535370cac1aa1c3563dc25020e422e33cd9d1e939538ebaafcee096f5a0,https://files.isimip.org/ISIMIP3b/InputData/climate/atmosphere/bias-adjusted/global/daily/ssp585/UKESM1-0-LL/ukesm1-0-ll_r1i1p1f2_w5e5_ssp585_pr_global_daily_2041_2050.nc,CC0 1.0,true,false
ukesm1-0-ll,r1i1p1f2,ssp585,pr,58ad6c99-4a70-467a-bde2-6647ced7e45e,ukesm1-0-ll_r1i1p1f2_w5e5_ssp585_pr_global_daily,20210512,374d9b47-ad9c-4e46-b4db-3a13ad1f7481,ukesm1-0-ll_r1i1p1f2_w5e5_ssp585_pr_global_daily_2051_2060.nc,2051,2060,2154438382,cb2ef092a3a80f99753346d5a5743f17a916ba1a20e66247b3434efbc21489ab4e885fa49e6b3165c3f7d26601536fc5b263292fcb59e86a46ef1ff230657d67,https://files.isimip.org/ISIMIP3b/InputData/climate/atmosphere/bias-adjusted/global/daily/ssp585/UKESM1-0-LL/ukesm1-0-ll_r1i1p1f2_w5e5_ssp585_pr_global_daily_2051_2060.nc,CC0 1.0,true,false
ukesm1-0-ll,r1i1p1f2,ssp585,pr,58ad6c99-4a70-467a-bde2-6647ced7e45e,ukesm1-0-ll_r1i1p1f2_w5e5_ssp585_pr_global_daily,20210512,7b72992c-b265-49b6-97ca-4a97811261e4,ukesm1-0-ll_r1i1p1f2_w5e5_ssp585_pr_global_daily_2061_2070.nc,2061,2070,2159358051,4ea2d9a9ba92d37d1e70d7355225f6e7d446b93c02a2a686d349eff30746457eeda6e408044a9ff07997bfc968bcd35a48ef970c975b6913f06cbb07f4f2937e,https://files.isimip.org/ISIMIP3b/InputData/climate/atmosphere/bias-adjusted/global/daily/ssp585/UKESM1-0-LL/ukesm1-0-ll_r1i1p1f2_w5e5_ssp585_pr_global_daily_2061_2070.nc,CC0 1.0,true,false
ukesm1-0-ll,r1i1p1f2,ssp585,pr,58ad6c99-4a70-467a-bde2-6647ced7e45e,ukesm1-0-ll_r1i1p1f2_w5e5_ssp585_pr_global_daily,20210512,473fee11-5338-4f96-a5b5-461820398abc,ukesm1-0-ll_r1i1p1f2_w5e5_ssp585_pr_global_daily_2071_2080.nc,2071,2080,2176105350,6766340ba3839f6a689d6b8f1d0a9577ad74a8969a972ad6155fe3e779f539b8c532a1f43aa6dd28468b22d59a335630144843129903e759c8a30dcf121b4927,https://files.isimip.org/ISIMIP3b/InputData/climate/atmosphere/bias-adjusted/global/daily/ssp585/UKESM1-0-LL/ukesm1-0-ll_r1i1p1f2_w5e5_ssp585_pr_global_daily_2071_2080.nc,CC0 1.0,true,false
ukesm1-0-ll,r1i1p1f2,ssp585,pr,58ad6c99-4a70-467a-bde2-6647ced7e45e,ukesm1-0-ll_r1i1p1f2_w5e5_ssp585_pr_global_daily,20210512,ec93423f-2f6c-4b22-b7f9-c18d977030e3,ukesm1-0-ll_r1i1p1f2_w5e5_ssp585_pr_global_daily_2081_2090.nc,2081,2090,2175923463,be86d8b378e3db75aaf7d3ba5ef47493d81a7704114508f7892d3517ba535e881d12807030ab066a6354431c411cd67ed0aa7f2c8edef98c6aa0e947d563e2dd,https://files.isimip.org/ISIMIP3b/InputData/climate/atmosphere/bias-adjusted/global/daily/ssp585/UKESM1-0-LL/ukesm1-0-ll_r1i1p1f2_w5e5_ssp585_pr_global_daily_2081_2090.nc,CC0 1.0,true,false
ukesm1-0-ll,r1i1p1f2,ssp585,pr,58ad6c99-4a70-467a-bde2-6647ced7e45e,ukesm1-0-ll_r1i1p1f2_w5e5_ssp585_pr_global_daily,20210512,c8c44093-ce67-41ae-972c-e444c42c2906,ukesm1-0-ll_r1i1p1f2_w5e5_ssp585_pr_global_daily_2091_2100.nc,2091,2100,2182178902,159af6a947913052f2dfc5fe275a1ffc6ffa7b2273e861a6289b1f022a2c4a6bf4c72dd87b8a2e59d2adc5d887ba3e184924707221c6e2947e97d3790ada043d,https://files.isimip.org/ISIMIP3b/InputData/climate/atmosphere/bias-adjusted/global/daily/ssp585/UKESM1-0-LL/ukesm1-0-ll_r1i1p1f2_w5e5_ssp585_pr_global_daily_2091_2100.nc,CC0 1.0,true,false
ukesm1-0-ll,r1i1p1f2,ssp585,tas,55a8610a-8fa3-4578-a510-c98732870e08,ukesm1-0-ll_r1i1p1f2_w5e5_ssp585_tas_global_daily,20210512,2a91d79a-927e-48ab-bb06-5ee3e3bb6022,ukesm1-0-ll_r1i1p1f2_w5e5_ssp585_tas_global_daily_2015_2020.nc,2015,2020,1240337581,169fe2de6eba67e9b05925928e596b589b190129ba271b9afeb64828581b8bf0f148859916afcb1f63e2b35ea2c22d108ddc76692b69987ae311350c8f624258,https://files.isimip.org/ISIMIP3b/InputData/climate/atmosphere/bias-adjusted/global/daily/ssp585/UKESM1-0-LL/ukesm1-0-ll_r1i1p1f2_w5e5_ssp585_tas_global_daily_2015_2020.nc,CC0 1.0,true,false
ukesm1-0-ll,r1i1p1f2,ssp585,tas,55a8610a-8fa3-4578-a510-c98732870e08,ukesm1-0-ll_r1i1p1f2_w5e5_ssp585_tas_global_daily,20210512,9b3ef6ea-f28d-47af-82ad-5336c8a8278a,ukesm1-0-ll_r1i1p1f2_w5e5_ssp585_tas_global_daily_2021_2030.nc,2021,2030,2061342086,4155a88e156ae052ba16c210e313778d32b3f371e05e7868119e0e87bbc93ba362ab05f1e73a1020886de30f5a60fc4e0ed7f11900081ff588e5a2ef64130532,https://files.isimip.org/ISIMIP3b/InputData/climate/atmosphere/bias-adjusted/global/daily/ssp585/UKESM1-0-LL/ukesm1-0-ll_r1i1p1f2_w5e5_ssp585_tas_global_daily_2021_2030.nc,CC0 1.0,true,false
ukesm1-0-ll,r1i1p1f2,ssp585,tas,55a8610a-8fa3-4578-a510-c98732870e08,ukesm1-0-ll_r1i1p1f2_w5e5_ssp585_tas_global_daily,20210512,6f8dc912-6597-4f24-80ca-97d152407585,ukesm1-0-ll_r1i1p1f2_w5e5_ssp585_tas_global_daily_2031_2040.nc,2031,2040,2060442290,b93813048666de4af05a1debc9040e9d47ba73190dd229a4d2158c311e0b94e92670eb784e9366bbbb2f77fc6f27d9f657e6dd772f5ade33cda83c655d43d637,https://files.isimip.org/ISIMIP3b/InputData/climate/atmosphere/bias-adjusted/global/daily/ssp585/UKESM1-0-LL/ukesm1-0-ll_r1i1p1f2_w5e5_ssp585_tas_global_daily_2031_2040.nc,CC0 1.0,true,false
ukesm1-0-ll,r1i1p1f2,ssp585,tas,55a8610a-8fa3-4578-a510-c98732870e08,ukesm1-0-ll_r1i1p1f2_w5e5_ssp585_tas_global_daily,20210512,6810ef82-8a42-4d56-a6b4-dfbf35d0f067,ukesm1-0-ll_r1i1p1f2_w5e5_ssp585_tas_global_daily_2041_2050.nc,2041,2050,2061541881,d2d9a844b4deab64c9c9f95ed9e3d406078cb5e293eaf2801870266bc13b37f1aec9c07691007a7bfab469d7b628c67932eec0dfd0cf8ce3a4eafa1fb61fc063,https://files.isimip.org/ISIMIP3b/InputData/climate/atmosphere/bias-adjusted/global/daily/ssp585/UKESM1-0-LL/ukesm1-0-ll_r1i1p1f2_w5e5_ssp585_tas_global_daily_2041_2050.nc,CC0 1.0,true,false
ukesm1-0-ll,r1i1p1f2,ssp585,tas,55a8610a-8fa3-4578-a510-c98732870e08,ukesm1-0-ll_r1i1p1f2_w5e5_ssp585_tas_global_daily,20210512,6587f499-8e3d-492f-92af-b4f9c4e023fe,ukesm1-0-ll_r1i1p1f2_w5e5_ssp585_tas_global_daily_2051_2060.nc,2051,2060,2061293097,26ddab29fa9ea7f43926da9dc92825922c7c580345f5855487b6634ec3f2c13930804b4cc812e49218ed7afb1bbcd2810d7bba28253bb606fb73df7f89f79c6d,https://files.isimip.org/ISIMIP3b/InputData/climate/atmosphere/bias-adjusted/global/daily/ssp585/UKESM1-0-LL/ukesm1-0-ll_r1i1p1f2_w5e5_ssp585_tas_global_daily_2051_2060.nc,CC0 1.0,true,false
ukesm1-0-ll,r1i1p1f2,ssp585,tas,55a8610a-8fa3-4578-a510-c98732870e08,ukesm1-0-ll_r1i1p1f2_w5e5_ssp585_tas_global_daily,20210512,d5100f92-e597-415d-98e1-07b615fe1ec8,ukesm1-0-ll_r1i1p1f2_w5e5_ssp585_tas_global_daily_2061_2070.nc,2061,2070,2059712196,36ec6f3c68099d4580757dbf50365ead2401c84c8b54bd566671b0b2ebecd8e1c971ec4bf62ef5ec185181e7afe3b785aec4636f3c04940dcf17dbe937270fec,https://files.isimip.org/ISIMIP3b/InputData/climate/atmosphere/bias-adjusted/global/daily/ssp585/UKESM1-0-LL/ukesm1-0-ll_r1i1p1f2_w5e5_ssp585_tas_global_daily_2061_2070.nc,CC0 1.0,true,false
ukesm1-0-ll,r1i1p1f2,ssp585,tas,55a8610a-8fa3-4578-a510-c98732870e08,ukesm1-0-ll_r1i1p1f2_w5e5_ssp585_tas_global_daily,20210512,c465080e-381a-4f32-9057-7ddd04e49656,ukesm1-0-ll_r1i1p1f2_w5e5_ssp585_tas_global_daily_2071_2080.nc,2071,2080,2061696409,7c1aefb3cbd39098d7dc8baa3112a74eafcaf86ec7a2cc1ea4c30eeceb46db131d6316f61f9fd6992ee5a5f35a5e2c5739b376b15d2252067580f42984bc823d,https://files.isimip.org/ISIMIP3b/InputData/climate/atmosphere/bias-adjusted/global/daily/ssp585/UKESM1-0-LL/ukesm1-0-ll_r1i1p1f2_w5e5_ssp585_tas_global_daily_2071_2080.nc,CC0 1.0,true,false
ukesm1-0-ll,r1i1p1f2,ssp585,tas,55a8610a-8fa3-4578-a510-c98732870e08,ukesm1-0-ll_r1i1p1f2_w5e5_ssp585_tas_global_daily,20210512,d7e11e42-c00b-4ed6-9db4-1b66a5ff51ff,ukesm1-0-ll_r1i1p1f2_w5e5_ssp585_tas_global_daily_2081_2090.nc,2081,2090,2059815566,9958f1c065d25feeeadc3bf6979e8621ce2730d768c0b64328e8705419a3324950ef1911beb32cf4e823b922bc44898529e0ab093fadf15e92718ed53ac9aae6,https://files.isimip.org/ISIMIP3b/InputData/climate/atmosphere/bias-adjusted/global/daily/ssp585/UKESM1-0-LL/ukesm1-0-ll_r1i1p1f2_w5e5_ssp585_tas_global_daily_2081_2090.nc,CC0 1.0,true,false
ukesm1-0-ll,r1i1p1f2,ssp585,tas,55a8610a-8fa3-4578-a510-c98732870e08,ukesm1-0-ll_r1i1p1f2_w5e5_ssp585_tas_global_daily,20210512,0b733ca2-1ae4-4178-b414-9e8ad7d24343,ukesm1-0-ll_r1i1p1f2_w5e5_ssp585_tas_global_daily_2091_2100.nc,2091,2100,2059197692,0fd3c5c691f73a116a90c17cbc066726d8fbd49aa4b95b6ff22e5ce782d4092152160700c9611623470cd6d2e106372fbf4a998ca0c3761e49c75eb53937f067,https://files.isimip.org/ISIMIP3b/InputData/climate/atmosphere/bias-adjusted/global/daily/ssp585/UKESM1-0-LL/ukesm1-0-ll_r1i1p1f2_w5e5_ssp585_tas_global_daily_2091_2100.nc,CC0 1.0,true,false
