year,month,name,canonical_url,content_length,etag,last_modified,content_type
1981,1,ncdd-198101-grd-scaled.nc,https://www.ncei.noaa.gov/data/nclimgrid-daily/access/grids/1981/ncdd-198101-grd-scaled.nc,59955310,"""392d86e-5e7cbf7e65cc0""","Sat, 03 Sep 2022 20:48:27 GMT",application/x-netcdf
1981,2,ncdd-198102-grd-scaled.nc,https://www.ncei.noaa.gov/data/nclimgrid-daily/access/grids/1981/ncdd-198102-grd-scaled.nc,55429843,"""34dcad3-5e7cc0615f440""","Sat, 03 Sep 2022 20:52:25 GMT",application/x-netcdf
1981,3,ncdd-198103-grd-scaled.nc,https://www.ncei.noaa.gov/data/nclimgrid-daily/access/grids/1981/ncdd-198103-grd-scaled.nc,61965184,"""3b18380-5e7cc13bc3780""","Sat, 03 Sep 2022 20:56:14 GMT",application/x-netcdf
1981,4,ncdd-198104-grd-scaled.nc,https://www.ncei.noaa.gov/data/nclimgrid-daily/access/grids/1981/ncdd-198104-grd-scaled.nc,58587177,"""37df829-5e7cc2171bd00""","Sat, 03 Sep 2022 21:00:04 GMT",application/x-netcdf
1981,5,ncdd-198105-grd-scaled.nc,https://www.ncei.noaa.gov/data/nclimgrid-daily/access/grids/1981/ncdd-198105-grd-scaled.nc,61069446,"""3a3d886-5e7cc2ef97bc0""","Sat, 03 Sep 2022 21:03:51 GMT",application/x-netcdf
1981,6,ncdd-198106-grd-scaled.nc,https://www.ncei.noaa.gov/data/nclimgrid-daily/access/grids/1981/ncdd-198106-grd-scaled.nc,57901962,"""373838a-5e7cc3c813a80""","Sat, 03 Sep 2022 21:07:38 GMT",application/x-netcdf
1981,7,ncdd-198107-grd-scaled.nc,https://www.ncei.noaa.gov/data/nclimgrid-daily/access/grids/1981/ncdd-198107-grd-scaled.nc,58680994,"""37f66a2-5e7cc49bcae00""","Sat, 03 Sep 2022 21:11:20 GMT",application/x-netcdf
1981,8,ncdd-198108-grd-scaled.nc,https://www.ncei.noaa.gov/data/nclimgrid-daily/access/grids/1981/ncdd-198108-grd-scaled.nc,57750000,"""37131f0-5e7cc58d12740""","Sat, 03 Sep 2022 21:15:33 GMT",application/x-netcdf
1981,9,ncdd-198109-grd-scaled.nc,https://www.ncei.noaa.gov/data/nclimgrid-daily/access/grids/1981/ncdd-198109-grd-scaled.nc,55750762,"""352b06a-5e7cc6686acc0""","Sat, 03 Sep 2022 21:19:23 GMT",application/x-netcdf
1981,10,ncdd-198110-grd-scaled.nc,https://www.ncei.noaa.gov/data/nclimgrid-daily/access/grids/1981/ncdd-198110-grd-scaled.nc,61233205,"""3a65835-5e7cc74793b40""","Sat, 03 Sep 2022 21:23:17 GMT",application/x-netcdf
1981,11,ncdd-198111-grd-scaled.nc,https://www.ncei.noaa.gov/data/nclimgrid-daily/access/grids/1981/ncdd-198111-grd-scaled.nc,58824765,"""381983d-5e7cc825c8780""","Sat, 03 Sep 2022 21:27:10 GMT",application/x-netcdf
1981,12,ncdd-198112-grd-scaled.nc,https://www.ncei.noaa.gov/data/nclimgrid-daily/access/grids/1981/ncdd-198112-grd-scaled.nc,63092906,"""3c2b8aa-5e7cc8fe44640""","Sat, 03 Sep 2022 21:30:57 GMT",application/x-netcdf
1982,1,ncdd-198201-grd-scaled.nc,https://www.ncei.noaa.gov/data/nclimgrid-daily/access/grids/1982/ncdd-198201-grd-scaled.nc,64188215,"""3d36f37-5e7ccdfd24f80""","Sat, 03 Sep 2022 21:53:18 GMT",application/x-netcdf
1982,2,ncdd-198202-grd-scaled.nc,https://www.ncei.noaa.gov/data/nclimgrid-daily/access/grids/1982/ncdd-198202-grd-scaled.nc,56438144,"""35d2d80-5e7ccee4e3240""","Sat, 03 Sep 2022 21:57:21 GMT",application/x-netcdf
1982,3,ncdd-198203-grd-scaled.nc,https://www.ncei.noaa.gov/data/nclimgrid-daily/access/grids/1982/ncdd-198203-grd-scaled.nc,63869558,"""3ce9276-5e7ccfba82a40""","Sat, 03 Sep 2022 22:01:05 GMT",application/x-netcdf
1982,4,ncdd-198204-grd-scaled.nc,https://www.ncei.noaa.gov/data/nclimgrid-daily/access/grids/1982/ncdd-198204-grd-scaled.nc,59639940,"""38e0884-5e7cd09d7c1c0""","Sat, 03 Sep 2022 22:05:03 GMT",application/x-netcdf
1982,5,ncdd-198205-grd-scaled.nc,https://www.ncei.noaa.gov/data/nclimgrid-daily/access/grids/1982/ncdd-198205-grd-scaled.nc,60520023,"""39b7657-5e7cd17d99280""","Sat, 03 Sep 2022 22:08:58 GMT",application/x-netcdf
1982,6,ncdd-198206-grd-scaled.nc,https://www.ncei.noaa.gov/data/nclimgrid-daily/access/grids/1982/ncdd-198206-grd-scaled.nc,57554528,"""36e3660-5e7cd25709380""","Sat, 03 Sep 2022 22:12:46 GMT",application/x-netcdf
1982,7,ncdd-198207-grd-scaled.nc,https://www.ncei.noaa.gov/data/nclimgrid-daily/access/grids/1982/ncdd-198207-grd-scaled.nc,58665122,"""37f28a2-5e7cd33261900""","Sat, 03 Sep 2022 22:16:36 GMT",application/x-netcdf
1982,8,ncdd-198208-grd-scaled.nc,https://www.ncei.noaa.gov/data/nclimgrid-daily/access/grids/1982/ncdd-198208-grd-scaled.nc,58201665,"""3781641-5e7cd4249d480""","Sat, 03 Sep 2022 22:20:50 GMT",application/x-netcdf
1982,9,ncdd-198209-grd-scaled.nc,https://www.ncei.noaa.gov/data/nclimgrid-daily/access/grids/1982/ncdd-198209-grd-scaled.nc,57184797,"""368921d-5e7cd506a29c0""","Sat, 03 Sep 2022 22:24:47 GMT",application/x-netcdf
1982,10,ncdd-198210-grd-scaled.nc,https://www.ncei.noaa.gov/data/nclimgrid-daily/access/grids/1982/ncdd-198210-grd-scaled.nc,59716590,"""38f33ee-5e7cd5eb845c0""","Sat, 03 Sep 2022 22:28:47 GMT",application/x-netcdf
1982,11,ncdd-198211-grd-scaled.nc,https://www.ncei.noaa.gov/data/nclimgrid-daily/access/grids/1982/ncdd-198211-grd-scaled.nc,60572456,"""39c4328-5e7cd6cd89b00""","Sat, 03 Sep 2022 22:32:44 GMT",application/x-netcdf
1982,12,ncdd-198212-grd-scaled.nc,https://www.ncei.noaa.gov/data/nclimgrid-daily/access/grids/1982/ncdd-198212-grd-scaled.nc,63655314,"""3cb4d92-5e7cd7bddd200""","Sat, 03 Sep 2022 22:36:56 GMT",application/x-netcdf
1983,1,ncdd-198301-grd-scaled.nc,https://www.ncei.noaa.gov/data/nclimgrid-daily/access/grids/1983/ncdd-198301-grd-scaled.nc,62880990,"""3bf7cde-5e7d003f2a240""","Sun, 04 Sep 2022 01:38:09 GMT",application/x-netcdf
1983,2,ncdd-198302-grd-scaled.nc,https://www.ncei.noaa.gov/data/nclimgrid-daily/access/grids/1983/ncdd-198302-grd-scaled.nc,57144711,"""367f587-5e7d0129c4bc0""","Sun, 04 Sep 2022 01:42:15 GMT",application/x-netcdf
1983,3,ncdd-198303-grd-scaled.nc,https://www.ncei.noaa.gov/data/nclimgrid-daily/access/grids/1983/ncdd-198303-grd-scaled.nc,65232982,"""3e36056-5e7d020058600""","Sun, 04 Sep 2022 01:46:00 GMT",application/x-netcdf
1983,4,ncdd-198304-grd-scaled.nc,https://www.ncei.noaa.gov/data/nclimgrid-daily/access/grids/1983/ncdd-198304-grd-scaled.nc,60709147,"""39e591b-5e7d02ebe71c0""","Sun, 04 Sep 2022 01:50:07 GMT",application/x-netcdf
1983,5,ncdd-198305-grd-scaled.nc,https://www.ncei.noaa.gov/data/nclimgrid-daily/access/grids/1983/ncdd-198305-grd-scaled.nc,60787197,"""39f89fd-5e7d03c73f740""","Sun, 04 Sep 2022 01:53:57 GMT",application/x-netcdf
1983,6,ncdd-198306-grd-scaled.nc,https://www.ncei.noaa.gov/data/nclimgrid-daily/access/grids/1983/ncdd-198306-grd-scaled.nc,57492073,"""36d4269-5e7d04a480140""","Sun, 04 Sep 2022 01:57:49 GMT",application/x-netcdf
1983,7,ncdd-198307-grd-scaled.nc,https://www.ncei.noaa.gov/data/nclimgrid-daily/access/grids/1983/ncdd-198307-grd-scaled.nc,57810432,"""3721e00-5e7d05792b700""","Sun, 04 Sep 2022 02:01:32 GMT",application/x-netcdf
1983,8,ncdd-198308-grd-scaled.nc,https://www.ncei.noaa.gov/data/nclimgrid-daily/access/grids/1983/ncdd-198308-grd-scaled.nc,58387333,"""37aeb85-5e7d064ce2a80""","Sun, 04 Sep 2022 02:05:14 GMT",application/x-netcdf
1983,9,ncdd-198309-grd-scaled.nc,https://www.ncei.noaa.gov/data/nclimgrid-daily/access/grids/1983/ncdd-198309-grd-scaled.nc,56212946,"""359bdd2-5e7d072746dc0""","Sun, 04 Sep 2022 02:09:03 GMT",application/x-netcdf
1983,10,ncdd-198310-grd-scaled.nc,https://www.ncei.noaa.gov/data/nclimgrid-daily/access/grids/1983/ncdd-198310-grd-scaled.nc,59022635,"""3849d2b-5e7d07f639600""","Sun, 04 Sep 2022 02:12:40 GMT",application/x-netcdf
1983,11,ncdd-198311-grd-scaled.nc,https://www.ncei.noaa.gov/data/nclimgrid-daily/access/grids/1983/ncdd-198311-grd-scaled.nc,62116526,"""3b3d2ae-5e7d08c9f0980""","Sun, 04 Sep 2022 02:16:22 GMT",application/x-netcdf
1983,12,ncdd-198312-grd-scaled.nc,https://www.ncei.noaa.gov/data/nclimgrid-daily/access/grids/1983/ncdd-198312-grd-scaled.nc,64558732,"""3d9168c-5e7d09a178600""","Sun, 04 Sep 2022 02:20:08 GMT",application/x-netcdf
1984,1,ncdd-198401-grd-scaled.nc,https://www.ncei.noaa.gov/data/nclimgrid-daily/access/grids/1984/ncdd-198401-grd-scaled.nc,61033548,"""3a34c4c-5e7d109506c80""","Sun, 04 Sep 2022 02:51:14 GMT",application/x-netcdf
1984,2,ncdd-198402-grd-scaled.nc,https://www.ncei.noaa.gov/data/nclimgrid-daily/access/grids/1984/ncdd-198402-grd-scaled.nc,58494063,"""37c8c6f-5e7d117153440""","Sun, 04 Sep 2022 02:55:05 GMT",application/x-netcdf
1984,3,ncdd-198403-grd-scaled.nc,https://www.ncei.noaa.gov/data/nclimgrid-daily/access/grids/1984/ncdd-198403-grd-scaled.nc,63270590,"""3c56ebe-5e7d124322340""","Sun, 04 Sep 2022 02:58:45 GMT",application/x-netcdf
1984,4,ncdd-198404-grd-scaled.nc,https://www.ncei.noaa.gov/data/nclimgrid-daily/access/grids/1984/ncdd-198404-grd-scaled.nc,60289217,"""397f0c1-5e7d13261bac0""","Sun, 04 Sep 2022 03:02:43 GMT",application/x-netcdf
1984,5,ncdd-198405-grd-scaled.nc,https://www.ncei.noaa.gov/data/nclimgrid-daily/access/grids/1984/ncdd-198405-grd-scaled.nc,59833039,"""390facf-5e7d140bf1900""","Sun, 04 Sep 2022 03:06:44 GMT",application/x-netcdf
1984,6,ncdd-198406-grd-scaled.nc,https://www.ncei.noaa.gov/data/nclimgrid-daily/access/grids/1984/ncdd-198406-grd-scaled.nc,57658496,"""36fcc80-5e7d150015900""","Sun, 04 Sep 2022 03:11:00 GMT",application/x-netcdf
1984,7,ncdd-198407-grd-scaled.nc,https://www.ncei.noaa.gov/data/nclimgrid-daily/access/grids/1984/ncdd-198407-grd-scaled.nc,58351508,"""37a5f94-5e7d15da79c40""","Sun, 04 Sep 2022 03:14:49 GMT",application/x-netcdf
1984,8,ncdd-198408-grd-scaled.nc,https://www.ncei.noaa.gov/data/nclimgrid-daily/access/grids/1984/ncdd-198408-grd-scaled.nc,58295171,"""3798383-5e7d16bb8af40""","Sun, 04 Sep 2022 03:18:45 GMT",application/x-netcdf
1984,9,ncdd-198409-grd-scaled.nc,https://www.ncei.noaa.gov/data/nclimgrid-daily/access/grids/1984/ncdd-198409-grd-scaled.nc,56362250,"""35c050a-5e7d179c9c240""","Sun, 04 Sep 2022 03:22:41 GMT",application/x-netcdf
1984,10,ncdd-198410-grd-scaled.nc,https://www.ncei.noaa.gov/data/nclimgrid-daily/access/grids/1984/ncdd-198410-grd-scaled.nc,62046137,"""3b2bfb9-5e7d18854e740""","Sun, 04 Sep 2022 03:26:45 GMT",application/x-netcdf
1984,11,ncdd-198411-grd-scaled.nc,https://www.ncei.noaa.gov/data/nclimgrid-daily/access/grids/1984/ncdd-198411-grd-scaled.nc,60419859,"""399ef13-5e7d196847ec0""","Sun, 04 Sep 2022 03:30:43 GMT",application/x-netcdf
1984,12,ncdd-198412-grd-scaled.nc,https://www.ncei.noaa.gov/data/nclimgrid-daily/access/grids/1984/ncdd-198412-grd-scaled.nc,63163191,"""3c3cb37-5e7d1a4494680""","Sun, 04 Sep 2022 03:34:34 GMT",application/x-netcdf
1985,1,ncdd-198501-grd-scaled.nc,https://www.ncei.noaa.gov/data/nclimgrid-daily/access/grids/1985/ncdd-198501-grd-scaled.nc,61361753,"""3a84e59-5e7d21cddce40""","Sun, 04 Sep 2022 04:08:17 GMT",application/x-netcdf
1985,2,ncdd-198502-grd-scaled.nc,https://www.ncei.noaa.gov/data/nclimgrid-daily/access/grids/1985/ncdd-198502-grd-scaled.nc,55724326,"""3524926-5e7d22c5d1740""","Sun, 04 Sep 2022 04:12:37 GMT",application/x-netcdf
1985,3,ncdd-198503-grd-scaled.nc,https://www.ncei.noaa.gov/data/nclimgrid-daily/access/grids/1985/ncdd-198503-grd-scaled.nc,61947392,"""3b13e00-5e7d239b70f40""","Sun, 04 Sep 2022 04:16:21 GMT",application/x-netcdf
1985,4,ncdd-198504-grd-scaled.nc,https://www.ncei.noaa.gov/data/nclimgrid-daily/access/grids/1985/ncdd-198504-grd-scaled.nc,58293231,"""3797bef-5e7d246a63780""","Sun, 04 Sep 2022 04:19:58 GMT",application/x-netcdf
1985,5,ncdd-198505-grd-scaled.nc,https://www.ncei.noaa.gov/data/nclimgrid-daily/access/grids/1985/ncdd-198505-grd-scaled.nc,59013285,"""38478a5-5e7d255315c80""","Sun, 04 Sep 2022 04:24:02 GMT",application/x-netcdf
1985,6,ncdd-198506-grd-scaled.nc,https://www.ncei.noaa.gov/data/nclimgrid-daily/access/grids/1985/ncdd-198506-grd-scaled.nc,56359209,"""35bf929-5e7d263426f80""","Sun, 04 Sep 2022 04:27:58 GMT",application/x-netcdf
1985,7,ncdd-198507-grd-scaled.nc,https://www.ncei.noaa.gov/data/nclimgrid-daily/access/grids/1985/ncdd-198507-grd-scaled.nc,57859436,"""372dd6c-5e7d27125bbc0""","Sun, 04 Sep 2022 04:31:51 GMT",application/x-netcdf
1985,8,ncdd-198508-grd-scaled.nc,https://www.ncei.noaa.gov/data/nclimgrid-daily/access/grids/1985/ncdd-198508-grd-scaled.nc,57633677,"""36f6b8d-5e7d27fc02300""","Sun, 04 Sep 2022 04:35:56 GMT",application/x-netcdf
1985,9,ncdd-198509-grd-scaled.nc,https://www.ncei.noaa.gov/data/nclimgrid-daily/access/grids/1985/ncdd-198509-grd-scaled.nc,58063502,"""375fa8e-5e7d28db2b180""","Sun, 04 Sep 2022 04:39:50 GMT",application/x-netcdf
1985,10,ncdd-198510-grd-scaled.nc,https://www.ncei.noaa.gov/data/nclimgrid-daily/access/grids/1985/ncdd-198510-grd-scaled.nc,60067055,"""3948cef-5e7d29b683700""","Sun, 04 Sep 2022 04:43:40 GMT",application/x-netcdf
1985,11,ncdd-198511-grd-scaled.nc,https://www.ncei.noaa.gov/data/nclimgrid-daily/access/grids/1985/ncdd-198511-grd-scaled.nc,62268663,"""3b624f7-5e7d2a997ce80""","Sun, 04 Sep 2022 04:47:38 GMT",application/x-netcdf
1985,12,ncdd-198512-grd-scaled.nc,https://www.ncei.noaa.gov/data/nclimgrid-daily/access/grids/1985/ncdd-198512-grd-scaled.nc,61271227,"""3a6ecbb-5e7d2b74d5400""","Sun, 04 Sep 2022 04:51:28 GMT",application/x-netcdf
1986,1,ncdd-198601-grd-scaled.nc,https://www.ncei.noaa.gov/data/nclimgrid-daily/access/grids/1986/ncdd-198601-grd-scaled.nc,61303133,"""3a7695d-5e7de7f79d4c0""","Sun, 04 Sep 2022 18:54:51 GMT",application/x-netcdf
1986,2,ncdd-198602-grd-scaled.nc,https://www.ncei.noaa.gov/data/nclimgrid-daily/access/grids/1986/ncdd-198602-grd-scaled.nc,57728027,"""370dc1b-5e7de8d201800""","Sun, 04 Sep 2022 18:58:40 GMT",application/x-netcdf
1986,3,ncdd-198603-grd-scaled.nc,https://www.ncei.noaa.gov/data/nclimgrid-daily/access/grids/1986/ncdd-198603-grd-scaled.nc,60839348,"""3a055b4-5e7de9b036440""","Sun, 04 Sep 2022 19:02:33 GMT",application/x-netcdf
1986,4,ncdd-198604-grd-scaled.nc,https://www.ncei.noaa.gov/data/nclimgrid-daily/access/grids/1986/ncdd-198604-grd-scaled.nc,59422915,"""38ab8c3-5e7dea9ea16c0""","Sun, 04 Sep 2022 19:06:43 GMT",application/x-netcdf
1986,5,ncdd-198605-grd-scaled.nc,https://www.ncei.noaa.gov/data/nclimgrid-daily/access/grids/1986/ncdd-198605-grd-scaled.nc,59951242,"""392c88a-5e7deb7aede80""","Sun, 04 Sep 2022 19:10:34 GMT",application/x-netcdf
1986,6,ncdd-198606-grd-scaled.nc,https://www.ncei.noaa.gov/data/nclimgrid-daily/access/grids/1986/ncdd-198606-grd-scaled.nc,56796853,"""362a6b5-5e7dec5edb840""","Sun, 04 Sep 2022 19:14:33 GMT",application/x-netcdf
1986,7,ncdd-198607-grd-scaled.nc,https://www.ncei.noaa.gov/data/nclimgrid-daily/access/grids/1986/ncdd-198607-grd-scaled.nc,58405670,"""37b3326-5e7ded3c1c240""","Sun, 04 Sep 2022 19:18:25 GMT",application/x-netcdf
1986,8,ncdd-198608-grd-scaled.nc,https://www.ncei.noaa.gov/data/nclimgrid-daily/access/grids/1986/ncdd-198608-grd-scaled.nc,57911503,"""373a8cf-5e7dee289f040""","Sun, 04 Sep 2022 19:22:33 GMT",application/x-netcdf
1986,9,ncdd-198609-grd-scaled.nc,https://www.ncei.noaa.gov/data/nclimgrid-daily/access/grids/1986/ncdd-198609-grd-scaled.nc,58870644,"""3824b74-5e7def04eb800""","Sun, 04 Sep 2022 19:26:24 GMT",application/x-netcdf
1986,10,ncdd-198610-grd-scaled.nc,https://www.ncei.noaa.gov/data/nclimgrid-daily/access/grids/1986/ncdd-198610-grd-scaled.nc,59436548,"""38aee04-5e7defe22c200""","Sun, 04 Sep 2022 19:30:16 GMT",application/x-netcdf
1986,11,ncdd-198611-grd-scaled.nc,https://www.ncei.noaa.gov/data/nclimgrid-daily/access/grids/1986/ncdd-198611-grd-scaled.nc,60538826,"""39bbfca-5e7df0cade700""","Sun, 04 Sep 2022 19:34:20 GMT",application/x-netcdf
1986,12,ncdd-198612-grd-scaled.nc,https://www.ncei.noaa.gov/data/nclimgrid-daily/access/grids/1986/ncdd-198612-grd-scaled.nc,61090759,"""3a42bc7-5e7df1abefa00""","Sun, 04 Sep 2022 19:38:16 GMT",application/x-netcdf
1987,1,ncdd-198701-grd-scaled.nc,https://www.ncei.noaa.gov/data/nclimgrid-daily/access/grids/1987/ncdd-198701-grd-scaled.nc,62255798,"""3b5f2b6-5e7df88b77140""","Sun, 04 Sep 2022 20:09:01 GMT",application/x-netcdf
1987,2,ncdd-198702-grd-scaled.nc,https://www.ncei.noaa.gov/data/nclimgrid-daily/access/grids/1987/ncdd-198702-grd-scaled.nc,56345195,"""35bc26b-5e7df95f2e4c0""","Sun, 04 Sep 2022 20:12:43 GMT",application/x-netcdf
1987,3,ncdd-198703-grd-scaled.nc,https://www.ncei.noaa.gov/data/nclimgrid-daily/access/grids/1987/ncdd-198703-grd-scaled.nc,62863951,"""3bf3a4f-5e7dfae724180""","Sun, 04 Sep 2022 20:19:34 GMT",application/x-netcdf
1987,4,ncdd-198704-grd-scaled.nc,https://www.ncei.noaa.gov/data/nclimgrid-daily/access/grids/1987/ncdd-198704-grd-scaled.nc,56554256,"""35ef310-5e7dfd0c75180""","Sun, 04 Sep 2022 20:29:10 GMT",application/x-netcdf
1987,5,ncdd-198705-grd-scaled.nc,https://www.ncei.noaa.gov/data/nclimgrid-daily/access/grids/1987/ncdd-198705-grd-scaled.nc,60534310,"""39bae26-5e7dff09b8300""","Sun, 04 Sep 2022 20:38:04 GMT",application/x-netcdf
1987,6,ncdd-198706-grd-scaled.nc,https://www.ncei.noaa.gov/data/nclimgrid-daily/access/grids/1987/ncdd-198706-grd-scaled.nc,56717115,"""3616f3b-5e7e0131e59c0""","Sun, 04 Sep 2022 20:47:43 GMT",application/x-netcdf
1987,7,ncdd-198707-grd-scaled.nc,https://www.ncei.noaa.gov/data/nclimgrid-daily/access/grids/1987/ncdd-198707-grd-scaled.nc,58447972,"""37bd864-5e7e033e6af40""","Sun, 04 Sep 2022 20:56:53 GMT",application/x-netcdf
1987,8,ncdd-198708-grd-scaled.nc,https://www.ncei.noaa.gov/data/nclimgrid-daily/access/grids/1987/ncdd-198708-grd-scaled.nc,57827276,"""3725fcc-5e7e057c879c0""","Sun, 04 Sep 2022 21:06:55 GMT",application/x-netcdf
1987,9,ncdd-198709-grd-scaled.nc,https://www.ncei.noaa.gov/data/nclimgrid-daily/access/grids/1987/ncdd-198709-grd-scaled.nc,55285567,"""34b973f-5e7e079ff0540""","Sun, 04 Sep 2022 21:16:29 GMT",application/x-netcdf
1987,10,ncdd-198710-grd-scaled.nc,https://www.ncei.noaa.gov/data/nclimgrid-daily/access/grids/1987/ncdd-198710-grd-scaled.nc,57494277,"""36d4b05-5e7e09b9cfa40""","Sun, 04 Sep 2022 21:25:53 GMT",application/x-netcdf
1987,11,ncdd-198711-grd-scaled.nc,https://www.ncei.noaa.gov/data/nclimgrid-daily/access/grids/1987/ncdd-198711-grd-scaled.nc,59247793,"""3880cb1-5e7e0bd967cc0""","Sun, 04 Sep 2022 21:35:23 GMT",application/x-netcdf
1987,12,ncdd-198712-grd-scaled.nc,https://www.ncei.noaa.gov/data/nclimgrid-daily/access/grids/1987/ncdd-198712-grd-scaled.nc,63014249,"""3c18569-5e7e0e12bfc00""","Sun, 04 Sep 2022 21:45:20 GMT",application/x-netcdf
1988,1,ncdd-198801-grd-scaled.nc,https://www.ncei.noaa.gov/data/nclimgrid-daily/access/grids/1988/ncdd-198801-grd-scaled.nc,61955327,"""3b15cff-5e7e1d89737c0""","Sun, 04 Sep 2022 22:54:31 GMT",application/x-netcdf
1988,2,ncdd-198802-grd-scaled.nc,https://www.ncei.noaa.gov/data/nclimgrid-daily/access/grids/1988/ncdd-198802-grd-scaled.nc,57019864,"""3660dd8-5e7e1f8c6f6c0""","Sun, 04 Sep 2022 23:03:31 GMT",application/x-netcdf
1988,3,ncdd-198803-grd-scaled.nc,https://www.ncei.noaa.gov/data/nclimgrid-daily/access/grids/1988/ncdd-198803-grd-scaled.nc,61552502,"""3ab3776-5e7e216d164c0""","Sun, 04 Sep 2022 23:11:55 GMT",application/x-netcdf
1988,4,ncdd-198804-grd-scaled.nc,https://www.ncei.noaa.gov/data/nclimgrid-daily/access/grids/1988/ncdd-198804-grd-scaled.nc,58637992,"""37ebea8-5e7e235376040""","Sun, 04 Sep 2022 23:20:25 GMT",application/x-netcdf
1988,5,ncdd-198805-grd-scaled.nc,https://www.ncei.noaa.gov/data/nclimgrid-daily/access/grids/1988/ncdd-198805-grd-scaled.nc,59081125,"""38581a5-5e7e252e640c0""","Sun, 04 Sep 2022 23:28:43 GMT",application/x-netcdf
1988,6,ncdd-198806-grd-scaled.nc,https://www.ncei.noaa.gov/data/nclimgrid-daily/access/grids/1988/ncdd-198806-grd-scaled.nc,55840259,"""3540e03-5e7e270675a80""","Sun, 04 Sep 2022 23:36:58 GMT",application/x-netcdf
1988,7,ncdd-198807-grd-scaled.nc,https://www.ncei.noaa.gov/data/nclimgrid-daily/access/grids/1988/ncdd-198807-grd-scaled.nc,57509531,"""36d869b-5e7e286d0a880""","Sun, 04 Sep 2022 23:43:14 GMT",application/x-netcdf
1988,8,ncdd-198808-grd-scaled.nc,https://www.ncei.noaa.gov/data/nclimgrid-daily/access/grids/1988/ncdd-198808-grd-scaled.nc,57594979,"""36ed463-5e7e2a3b92bc0""","Sun, 04 Sep 2022 23:51:19 GMT",application/x-netcdf
1988,9,ncdd-198809-grd-scaled.nc,https://www.ncei.noaa.gov/data/nclimgrid-daily/access/grids/1988/ncdd-198809-grd-scaled.nc,55730410,"""35260ea-5e7e2c0b0f140""","Sun, 04 Sep 2022 23:59:25 GMT",application/x-netcdf
1988,10,ncdd-198810-grd-scaled.nc,https://www.ncei.noaa.gov/data/nclimgrid-daily/access/grids/1988/ncdd-198810-grd-scaled.nc,57373854,"""36b749e-5e7e2ce1a2b80""","Mon, 05 Sep 2022 00:03:10 GMT",application/x-netcdf
1988,11,ncdd-198811-grd-scaled.nc,https://www.ncei.noaa.gov/data/nclimgrid-daily/access/grids/1988/ncdd-198811-grd-scaled.nc,61179367,"""3a585e7-5e7e2da9e8400""","Mon, 05 Sep 2022 00:06:40 GMT",application/x-netcdf
1988,12,ncdd-198812-grd-scaled.nc,https://www.ncei.noaa.gov/data/nclimgrid-daily/access/grids/1988/ncdd-198812-grd-scaled.nc,61469638,"""3a9f3c6-5e7e2f1dd7180""","Mon, 05 Sep 2022 00:13:10 GMT",application/x-netcdf
1989,1,ncdd-198901-grd-scaled.nc,https://www.ncei.noaa.gov/data/nclimgrid-daily/access/grids/1989/ncdd-198901-grd-scaled.nc,62339351,"""3b73917-5e7e36bd0ed00""","Mon, 05 Sep 2022 00:47:16 GMT",application/x-netcdf
1989,2,ncdd-198902-grd-scaled.nc,https://www.ncei.noaa.gov/data/nclimgrid-daily/access/grids/1989/ncdd-198902-grd-scaled.nc,56304686,"""35b242e-5e7e37836c100""","Mon, 05 Sep 2022 00:50:44 GMT",application/x-netcdf
1989,3,ncdd-198903-grd-scaled.nc,https://www.ncei.noaa.gov/data/nclimgrid-daily/access/grids/1989/ncdd-198903-grd-scaled.nc,62894965,"""3bfb375-5e7e385be7fc0""","Mon, 05 Sep 2022 00:54:31 GMT",application/x-netcdf
1989,4,ncdd-198904-grd-scaled.nc,https://www.ncei.noaa.gov/data/nclimgrid-daily/access/grids/1989/ncdd-198904-grd-scaled.nc,58421191,"""37b6fc7-5e7e393a1cc00""","Mon, 05 Sep 2022 00:58:24 GMT",application/x-netcdf
1989,5,ncdd-198905-grd-scaled.nc,https://www.ncei.noaa.gov/data/nclimgrid-daily/access/grids/1989/ncdd-198905-grd-scaled.nc,60130559,"""39584ff-5e7e3a2887e80""","Mon, 05 Sep 2022 01:02:34 GMT",application/x-netcdf
1989,6,ncdd-198906-grd-scaled.nc,https://www.ncei.noaa.gov/data/nclimgrid-daily/access/grids/1989/ncdd-198906-grd-scaled.nc,57285253,"""36a1a85-5e7e3b0c75840""","Mon, 05 Sep 2022 01:06:33 GMT",application/x-netcdf
1989,7,ncdd-198907-grd-scaled.nc,https://www.ncei.noaa.gov/data/nclimgrid-daily/access/grids/1989/ncdd-198907-grd-scaled.nc,57659910,"""36fd206-5e7e3be5e5940""","Mon, 05 Sep 2022 01:10:21 GMT",application/x-netcdf
1989,8,ncdd-198908-grd-scaled.nc,https://www.ncei.noaa.gov/data/nclimgrid-daily/access/grids/1989/ncdd-198908-grd-scaled.nc,58268037,"""3791985-5e7e3cc602a00""","Mon, 05 Sep 2022 01:14:16 GMT",application/x-netcdf
1989,9,ncdd-198909-grd-scaled.nc,https://www.ncei.noaa.gov/data/nclimgrid-daily/access/grids/1989/ncdd-198909-grd-scaled.nc,55524347,"""34f3bfb-5e7e3da343400""","Mon, 05 Sep 2022 01:18:08 GMT",application/x-netcdf
1989,10,ncdd-198910-grd-scaled.nc,https://www.ncei.noaa.gov/data/nclimgrid-daily/access/grids/1989/ncdd-198910-grd-scaled.nc,58697632,"""37fa7a0-5e7e3e79d6e40""","Mon, 05 Sep 2022 01:21:53 GMT",application/x-netcdf
1989,11,ncdd-198911-grd-scaled.nc,https://www.ncei.noaa.gov/data/nclimgrid-daily/access/grids/1989/ncdd-198911-grd-scaled.nc,58603190,"""37e36b6-5e7e3f58ffcc0""","Mon, 05 Sep 2022 01:25:47 GMT",application/x-netcdf
1989,12,ncdd-198912-grd-scaled.nc,https://www.ncei.noaa.gov/data/nclimgrid-daily/access/grids/1989/ncdd-198912-grd-scaled.nc,60965128,"""3a24108-5e7e403458240""","Mon, 05 Sep 2022 01:29:37 GMT",application/x-netcdf
1990,1,ncdd-199001-grd-scaled.nc,https://www.ncei.noaa.gov/data/nclimgrid-daily/access/grids/1990/ncdd-199001-grd-scaled.nc,62790959,"""3be1d2f-5e7e4717b0280""","Mon, 05 Sep 2022 02:00:26 GMT",application/x-netcdf
1990,2,ncdd-199002-grd-scaled.nc,https://www.ncei.noaa.gov/data/nclimgrid-daily/access/grids/1990/ncdd-199002-grd-scaled.nc,56350636,"""35bd7ac-5e7e47dff5b00""","Mon, 05 Sep 2022 02:03:56 GMT",application/x-netcdf
1990,3,ncdd-199003-grd-scaled.nc,https://www.ncei.noaa.gov/data/nclimgrid-daily/access/grids/1990/ncdd-199003-grd-scaled.nc,61864204,"""3aff90c-5e7e48961c8c0""","Mon, 05 Sep 2022 02:07:07 GMT",application/x-netcdf
1990,4,ncdd-199004-grd-scaled.nc,https://www.ncei.noaa.gov/data/nclimgrid-daily/access/grids/1990/ncdd-199004-grd-scaled.nc,59110682,"""385f51a-5e7e4957b5180""","Mon, 05 Sep 2022 02:10:30 GMT",application/x-netcdf
1990,5,ncdd-199005-grd-scaled.nc,https://www.ncei.noaa.gov/data/nclimgrid-daily/access/grids/1990/ncdd-199005-grd-scaled.nc,60582986,"""39c6c4a-5e7e4a1671380""","Mon, 05 Sep 2022 02:13:50 GMT",application/x-netcdf
1990,6,ncdd-199006-grd-scaled.nc,https://www.ncei.noaa.gov/data/nclimgrid-daily/access/grids/1990/ncdd-199006-grd-scaled.nc,56358202,"""35bf53a-5e7e4ad809c40""","Mon, 05 Sep 2022 02:17:13 GMT",application/x-netcdf
1990,7,ncdd-199007-grd-scaled.nc,https://www.ncei.noaa.gov/data/nclimgrid-daily/access/grids/1990/ncdd-199007-grd-scaled.nc,58294100,"""3797f54-5e7e4b97ba080""","Mon, 05 Sep 2022 02:20:34 GMT",application/x-netcdf
1990,8,ncdd-199008-grd-scaled.nc,https://www.ncei.noaa.gov/data/nclimgrid-daily/access/grids/1990/ncdd-199008-grd-scaled.nc,57830047,"""3726a9f-5e7e4c65b8680""","Mon, 05 Sep 2022 02:24:10 GMT",application/x-netcdf
1990,9,ncdd-199009-grd-scaled.nc,https://www.ncei.noaa.gov/data/nclimgrid-daily/access/grids/1990/ncdd-199009-grd-scaled.nc,55434673,"""34dddb1-5e7e4d228c400""","Mon, 05 Sep 2022 02:27:28 GMT",application/x-netcdf
1990,10,ncdd-199010-grd-scaled.nc,https://www.ncei.noaa.gov/data/nclimgrid-daily/access/grids/1990/ncdd-199010-grd-scaled.nc,59372309,"""389f315-5e7e4dda9b640""","Mon, 05 Sep 2022 02:30:41 GMT",application/x-netcdf
1990,11,ncdd-199011-grd-scaled.nc,https://www.ncei.noaa.gov/data/nclimgrid-daily/access/grids/1990/ncdd-199011-grd-scaled.nc,58923342,"""383194e-5e7e4e9d28140""","Mon, 05 Sep 2022 02:34:05 GMT",application/x-netcdf
1990,12,ncdd-199012-grd-scaled.nc,https://www.ncei.noaa.gov/data/nclimgrid-daily/access/grids/1990/ncdd-199012-grd-scaled.nc,62290470,"""3b67a26-5e7e4f5cd8580""","Mon, 05 Sep 2022 02:37:26 GMT",application/x-netcdf
1991,1,ncdd-199101-grd-scaled.nc,https://www.ncei.noaa.gov/data/nclimgrid-daily/access/grids/1991/ncdd-199101-grd-scaled.nc,62306269,"""3b6b7dd-5e7e561a0abc0""","Mon, 05 Sep 2022 03:07:35 GMT",application/x-netcdf
1991,2,ncdd-199102-grd-scaled.nc,https://www.ncei.noaa.gov/data/nclimgrid-daily/access/grids/1991/ncdd-199102-grd-scaled.nc,54568437,"""340a5f5-5e7e56dba3480""","Mon, 05 Sep 2022 03:10:58 GMT",application/x-netcdf
1991,3,ncdd-199103-grd-scaled.nc,https://www.ncei.noaa.gov/data/nclimgrid-daily/access/grids/1991/ncdd-199103-grd-scaled.nc,63848536,"""3ce4058-5e7e578fe1dc0""","Mon, 05 Sep 2022 03:14:07 GMT",application/x-netcdf
1991,4,ncdd-199104-grd-scaled.nc,https://www.ncei.noaa.gov/data/nclimgrid-daily/access/grids/1991/ncdd-199104-grd-scaled.nc,60100897,"""3951121-5e7e586c2e580""","Mon, 05 Sep 2022 03:17:58 GMT",application/x-netcdf
1991,5,ncdd-199105-grd-scaled.nc,https://www.ncei.noaa.gov/data/nclimgrid-daily/access/grids/1991/ncdd-199105-grd-scaled.nc,61774850,"""3ae9c02-5e7e592faf2c0""","Mon, 05 Sep 2022 03:21:23 GMT",application/x-netcdf
1991,6,ncdd-199106-grd-scaled.nc,https://www.ncei.noaa.gov/data/nclimgrid-daily/access/grids/1991/ncdd-199106-grd-scaled.nc,57331176,"""36acde8-5e7e59fbc5440""","Mon, 05 Sep 2022 03:24:57 GMT",application/x-netcdf
1991,7,ncdd-199107-grd-scaled.nc,https://www.ncei.noaa.gov/data/nclimgrid-daily/access/grids/1991/ncdd-199107-grd-scaled.nc,57835730,"""37280d2-5e7e5acab7c80""","Mon, 05 Sep 2022 03:28:34 GMT",application/x-netcdf
1991,8,ncdd-199108-grd-scaled.nc,https://www.ncei.noaa.gov/data/nclimgrid-daily/access/grids/1991/ncdd-199108-grd-scaled.nc,57540352,"""36dff00-5e7e5ba14b6c0""","Mon, 05 Sep 2022 03:32:19 GMT",application/x-netcdf
1991,9,ncdd-199109-grd-scaled.nc,https://www.ncei.noaa.gov/data/nclimgrid-daily/access/grids/1991/ncdd-199109-grd-scaled.nc,56445695,"""35d4aff-5e7e5c6a85180""","Mon, 05 Sep 2022 03:35:50 GMT",application/x-netcdf
1991,10,ncdd-199110-grd-scaled.nc,https://www.ncei.noaa.gov/data/nclimgrid-daily/access/grids/1991/ncdd-199110-grd-scaled.nc,58674273,"""37f4c61-5e7e5d39779c0""","Mon, 05 Sep 2022 03:39:27 GMT",application/x-netcdf
1991,11,ncdd-199111-grd-scaled.nc,https://www.ncei.noaa.gov/data/nclimgrid-daily/access/grids/1991/ncdd-199111-grd-scaled.nc,61301630,"""3a7637e-5e7e5dfcf8700""","Mon, 05 Sep 2022 03:42:52 GMT",application/x-netcdf
1991,12,ncdd-199112-grd-scaled.nc,https://www.ncei.noaa.gov/data/nclimgrid-daily/access/grids/1991/ncdd-199112-grd-scaled.nc,62419380,"""3b871b4-5e7e5ec6321c0""","Mon, 05 Sep 2022 03:46:23 GMT",application/x-netcdf
1992,1,ncdd-199201-grd-scaled.nc,https://www.ncei.noaa.gov/data/nclimgrid-daily/access/grids/1992/ncdd-199201-grd-scaled.nc,62275738,"""3b6409a-5e7e65939ae40""","Mon, 05 Sep 2022 04:16:49 GMT",application/x-netcdf
1992,2,ncdd-199202-grd-scaled.nc,https://www.ncei.noaa.gov/data/nclimgrid-daily/access/grids/1992/ncdd-199202-grd-scaled.nc,58646638,"""37ee06e-5e7e666475b00""","Mon, 05 Sep 2022 04:20:28 GMT",application/x-netcdf
1992,3,ncdd-199203-grd-scaled.nc,https://www.ncei.noaa.gov/data/nclimgrid-daily/access/grids/1992/ncdd-199203-grd-scaled.nc,61861319,"""3afedc7-5e7e672ea3800""","Mon, 05 Sep 2022 04:24:00 GMT",application/x-netcdf
1992,4,ncdd-199204-grd-scaled.nc,https://www.ncei.noaa.gov/data/nclimgrid-daily/access/grids/1992/ncdd-199204-grd-scaled.nc,58207946,"""3782eca-5e7e68071f6c0""","Mon, 05 Sep 2022 04:27:47 GMT",application/x-netcdf
1992,5,ncdd-199205-grd-scaled.nc,https://www.ncei.noaa.gov/data/nclimgrid-daily/access/grids/1992/ncdd-199205-grd-scaled.nc,58887052,"""3828b8c-5e7e68d241600""","Mon, 05 Sep 2022 04:31:20 GMT",application/x-netcdf
1992,6,ncdd-199206-grd-scaled.nc,https://www.ncei.noaa.gov/data/nclimgrid-daily/access/grids/1992/ncdd-199206-grd-scaled.nc,57457414,"""36cbb06-5e7e69cd125c0""","Mon, 05 Sep 2022 04:35:43 GMT",application/x-netcdf
1992,7,ncdd-199207-grd-scaled.nc,https://www.ncei.noaa.gov/data/nclimgrid-daily/access/grids/1992/ncdd-199207-grd-scaled.nc,59342849,"""3898001-5e7e6ab1f41c0""","Mon, 05 Sep 2022 04:39:43 GMT",application/x-netcdf
1992,8,ncdd-199208-grd-scaled.nc,https://www.ncei.noaa.gov/data/nclimgrid-daily/access/grids/1992/ncdd-199208-grd-scaled.nc,57755636,"""37147f4-5e7e6b95e1b80""","Mon, 05 Sep 2022 04:43:42 GMT",application/x-netcdf
1992,9,ncdd-199209-grd-scaled.nc,https://www.ncei.noaa.gov/data/nclimgrid-daily/access/grids/1992/ncdd-199209-grd-scaled.nc,55741275,"""3528b5b-5e7e6c66bc840""","Mon, 05 Sep 2022 04:47:21 GMT",application/x-netcdf
1992,10,ncdd-199210-grd-scaled.nc,https://www.ncei.noaa.gov/data/nclimgrid-daily/access/grids/1992/ncdd-199210-grd-scaled.nc,58038359,"""3759857-5e7e6d3b67e00""","Mon, 05 Sep 2022 04:51:04 GMT",application/x-netcdf
1992,11,ncdd-199211-grd-scaled.nc,https://www.ncei.noaa.gov/data/nclimgrid-daily/access/grids/1992/ncdd-199211-grd-scaled.nc,61611986,"""3ac1fd2-5e7e6e04a18c0""","Mon, 05 Sep 2022 04:54:35 GMT",application/x-netcdf
1992,12,ncdd-199212-grd-scaled.nc,https://www.ncei.noaa.gov/data/nclimgrid-daily/access/grids/1992/ncdd-199212-grd-scaled.nc,64298974,"""3d51fde-5e7e6ececf5c0""","Mon, 05 Sep 2022 04:58:07 GMT",application/x-netcdf
1993,1,ncdd-199301-grd-scaled.nc,https://www.ncei.noaa.gov/data/nclimgrid-daily/access/grids/1993/ncdd-199301-grd-scaled.nc,64390687,"""3d6861f-5e7efa3ceeac0""","Mon, 05 Sep 2022 15:21:55 GMT",application/x-netcdf
1993,2,ncdd-199302-grd-scaled.nc,https://www.ncei.noaa.gov/data/nclimgrid-daily/access/grids/1993/ncdd-199302-grd-scaled.nc,57124644,"""367a724-5e7efb1c17940""","Mon, 05 Sep 2022 15:25:49 GMT",application/x-netcdf
1993,3,ncdd-199303-grd-scaled.nc,https://www.ncei.noaa.gov/data/nclimgrid-daily/access/grids/1993/ncdd-199303-grd-scaled.nc,62920534,"""3c01756-5e7efbe739880""","Mon, 05 Sep 2022 15:29:22 GMT",application/x-netcdf
1993,4,ncdd-199304-grd-scaled.nc,https://www.ncei.noaa.gov/data/nclimgrid-daily/access/grids/1993/ncdd-199304-grd-scaled.nc,60119639,"""3955a57-5e7efcc291e00""","Mon, 05 Sep 2022 15:33:12 GMT",application/x-netcdf
1993,5,ncdd-199305-grd-scaled.nc,https://www.ncei.noaa.gov/data/nclimgrid-daily/access/grids/1993/ncdd-199305-grd-scaled.nc,60025000,"""393e8a8-5e7efd9831600""","Mon, 05 Sep 2022 15:36:56 GMT",application/x-netcdf
1993,6,ncdd-199306-grd-scaled.nc,https://www.ncei.noaa.gov/data/nclimgrid-daily/access/grids/1993/ncdd-199306-grd-scaled.nc,58194401,"""377f9e1-5e7efe7572000""","Mon, 05 Sep 2022 15:40:48 GMT",application/x-netcdf
1993,7,ncdd-199307-grd-scaled.nc,https://www.ncei.noaa.gov/data/nclimgrid-daily/access/grids/1993/ncdd-199307-grd-scaled.nc,59114868,"""3860574-5e7eff549ae80""","Mon, 05 Sep 2022 15:44:42 GMT",application/x-netcdf
1993,8,ncdd-199308-grd-scaled.nc,https://www.ncei.noaa.gov/data/nclimgrid-daily/access/grids/1993/ncdd-199308-grd-scaled.nc,58345395,"""37a47b3-5e7f002c22b00""","Mon, 05 Sep 2022 15:48:28 GMT",application/x-netcdf
1993,9,ncdd-199309-grd-scaled.nc,https://www.ncei.noaa.gov/data/nclimgrid-daily/access/grids/1993/ncdd-199309-grd-scaled.nc,56052632,"""3574b98-5e7f00fdf1a00""","Mon, 05 Sep 2022 15:52:08 GMT",application/x-netcdf
1993,10,ncdd-199310-grd-scaled.nc,https://www.ncei.noaa.gov/data/nclimgrid-daily/access/grids/1993/ncdd-199310-grd-scaled.nc,59442374,"""38b04c6-5e7f01c72b4c0""","Mon, 05 Sep 2022 15:55:39 GMT",application/x-netcdf
1993,11,ncdd-199311-grd-scaled.nc,https://www.ncei.noaa.gov/data/nclimgrid-daily/access/grids/1993/ncdd-199311-grd-scaled.nc,59161954,"""386bd62-5e7f029529ac0""","Mon, 05 Sep 2022 15:59:15 GMT",application/x-netcdf
1993,12,ncdd-199312-grd-scaled.nc,https://www.ncei.noaa.gov/data/nclimgrid-daily/access/grids/1993/ncdd-199312-grd-scaled.nc,61763941,"""3ae7165-5e7f0363280c0""","Mon, 05 Sep 2022 16:02:51 GMT",application/x-netcdf
1994,1,ncdd-199401-grd-scaled.nc,https://www.ncei.noaa.gov/data/nclimgrid-daily/access/grids/1994/ncdd-199401-grd-scaled.nc,63047334,"""3c206a6-5e7f0b1c1f900""","Mon, 05 Sep 2022 16:37:24 GMT",application/x-netcdf
1994,2,ncdd-199402-grd-scaled.nc,https://www.ncei.noaa.gov/data/nclimgrid-daily/access/grids/1994/ncdd-199402-grd-scaled.nc,56571306,"""35f35aa-5e7f0c244a840""","Mon, 05 Sep 2022 16:42:01 GMT",application/x-netcdf
1994,3,ncdd-199403-grd-scaled.nc,https://www.ncei.noaa.gov/data/nclimgrid-daily/access/grids/1994/ncdd-199403-grd-scaled.nc,60992094,"""3a2aa5e-5e7f0d0743fc0""","Mon, 05 Sep 2022 16:45:59 GMT",application/x-netcdf
1994,4,ncdd-199404-grd-scaled.nc,https://www.ncei.noaa.gov/data/nclimgrid-daily/access/grids/1994/ncdd-199404-grd-scaled.nc,59297054,"""388cd1e-5e7f0de29c540""","Mon, 05 Sep 2022 16:49:49 GMT",application/x-netcdf
1994,5,ncdd-199405-grd-scaled.nc,https://www.ncei.noaa.gov/data/nclimgrid-daily/access/grids/1994/ncdd-199405-grd-scaled.nc,59240832,"""387f180-5e7f0eabd6000""","Mon, 05 Sep 2022 16:53:20 GMT",application/x-netcdf
1994,6,ncdd-199406-grd-scaled.nc,https://www.ncei.noaa.gov/data/nclimgrid-daily/access/grids/1994/ncdd-199406-grd-scaled.nc,56978718,"""3656d1e-5e7f0f78e03c0""","Mon, 05 Sep 2022 16:56:55 GMT",application/x-netcdf
1994,7,ncdd-199407-grd-scaled.nc,https://www.ncei.noaa.gov/data/nclimgrid-daily/access/grids/1994/ncdd-199407-grd-scaled.nc,58002600,"""3750ca8-5e7f1045ea780""","Mon, 05 Sep 2022 17:00:30 GMT",application/x-netcdf
1994,8,ncdd-199408-grd-scaled.nc,https://www.ncei.noaa.gov/data/nclimgrid-daily/access/grids/1994/ncdd-199408-grd-scaled.nc,56985701,"""3658865-5e7f11204eac0""","Mon, 05 Sep 2022 17:04:19 GMT",application/x-netcdf
1994,9,ncdd-199409-grd-scaled.nc,https://www.ncei.noaa.gov/data/nclimgrid-daily/access/grids/1994/ncdd-199409-grd-scaled.nc,55554023,"""34fafe7-5e7f11fd8f4c0""","Mon, 05 Sep 2022 17:08:11 GMT",application/x-netcdf
1994,10,ncdd-199410-grd-scaled.nc,https://www.ncei.noaa.gov/data/nclimgrid-daily/access/grids/1994/ncdd-199410-grd-scaled.nc,59855656,"""3915328-5e7f12c9a5640""","Mon, 05 Sep 2022 17:11:45 GMT",application/x-netcdf
1994,11,ncdd-199411-grd-scaled.nc,https://www.ncei.noaa.gov/data/nclimgrid-daily/access/grids/1994/ncdd-199411-grd-scaled.nc,60827271,"""3a02687-5e7f13a315740""","Mon, 05 Sep 2022 17:15:33 GMT",application/x-netcdf
1994,12,ncdd-199412-grd-scaled.nc,https://www.ncei.noaa.gov/data/nclimgrid-daily/access/grids/1994/ncdd-199412-grd-scaled.nc,62094225,"""3b37b91-5e7f14860eec0""","Mon, 05 Sep 2022 17:19:31 GMT",application/x-netcdf
1995,1,ncdd-199501-grd-scaled.nc,https://www.ncei.noaa.gov/data/nclimgrid-daily/access/grids/1995/ncdd-199501-grd-scaled.nc,64417964,"""3d6f0ac-5e7f1c30b8540""","Mon, 05 Sep 2022 17:53:49 GMT",application/x-netcdf
1995,2,ncdd-199502-grd-scaled.nc,https://www.ncei.noaa.gov/data/nclimgrid-daily/access/grids/1995/ncdd-199502-grd-scaled.nc,55048652,"""347f9cc-5e7f1d0df8f40""","Mon, 05 Sep 2022 17:57:41 GMT",application/x-netcdf
1995,3,ncdd-199503-grd-scaled.nc,https://www.ncei.noaa.gov/data/nclimgrid-daily/access/grids/1995/ncdd-199503-grd-scaled.nc,63454696,"""3c83de8-5e7f1dd732a00""","Mon, 05 Sep 2022 18:01:12 GMT",application/x-netcdf
1995,4,ncdd-199504-grd-scaled.nc,https://www.ncei.noaa.gov/data/nclimgrid-daily/access/grids/1995/ncdd-199504-grd-scaled.nc,60524244,"""39b86d4-5e7f1eb843d00""","Mon, 05 Sep 2022 18:05:08 GMT",application/x-netcdf
1995,5,ncdd-199505-grd-scaled.nc,https://www.ncei.noaa.gov/data/nclimgrid-daily/access/grids/1995/ncdd-199505-grd-scaled.nc,61772686,"""3ae938e-5e7f1f8642300""","Mon, 05 Sep 2022 18:08:44 GMT",application/x-netcdf
1995,6,ncdd-199506-grd-scaled.nc,https://www.ncei.noaa.gov/data/nclimgrid-daily/access/grids/1995/ncdd-199506-grd-scaled.nc,58100060,"""376895c-5e7f204d93940""","Mon, 05 Sep 2022 18:12:13 GMT",application/x-netcdf
1995,7,ncdd-199507-grd-scaled.nc,https://www.ncei.noaa.gov/data/nclimgrid-daily/access/grids/1995/ncdd-199507-grd-scaled.nc,58265829,"""37910e5-5e7f2117c1640""","Mon, 05 Sep 2022 18:15:45 GMT",application/x-netcdf
1995,8,ncdd-199508-grd-scaled.nc,https://www.ncei.noaa.gov/data/nclimgrid-daily/access/grids/1995/ncdd-199508-grd-scaled.nc,57588407,"""36ebab7-5e7f21e7a80c0""","Mon, 05 Sep 2022 18:19:23 GMT",application/x-netcdf
1995,9,ncdd-199509-grd-scaled.nc,https://www.ncei.noaa.gov/data/nclimgrid-daily/access/grids/1995/ncdd-199509-grd-scaled.nc,56066668,"""357826c-5e7f22ae054c0""","Mon, 05 Sep 2022 18:22:51 GMT",application/x-netcdf
1995,10,ncdd-199510-grd-scaled.nc,https://www.ncei.noaa.gov/data/nclimgrid-daily/access/grids/1995/ncdd-199510-grd-scaled.nc,59051750,"""3850ee6-5e7f237091fc0""","Mon, 05 Sep 2022 18:26:15 GMT",application/x-netcdf
1995,11,ncdd-199511-grd-scaled.nc,https://www.ncei.noaa.gov/data/nclimgrid-daily/access/grids/1995/ncdd-199511-grd-scaled.nc,59879780,"""391b164-5e7f243d9c380""","Mon, 05 Sep 2022 18:29:50 GMT",application/x-netcdf
1995,12,ncdd-199512-grd-scaled.nc,https://www.ncei.noaa.gov/data/nclimgrid-daily/access/grids/1995/ncdd-199512-grd-scaled.nc,61799231,"""3aefb3f-5e7f25349ca40""","Mon, 05 Sep 2022 18:34:09 GMT",application/x-netcdf
1996,1,ncdd-199601-grd-scaled.nc,https://www.ncei.noaa.gov/data/nclimgrid-daily/access/grids/1996/ncdd-199601-grd-scaled.nc,64073104,"""3d1ad90-5e7f2c80dc200""","Mon, 05 Sep 2022 19:06:48 GMT",application/x-netcdf
1996,2,ncdd-199602-grd-scaled.nc,https://www.ncei.noaa.gov/data/nclimgrid-daily/access/grids/1996/ncdd-199602-grd-scaled.nc,57914145,"""373b321-5e7f2d4eda800""","Mon, 05 Sep 2022 19:10:24 GMT",application/x-netcdf
1996,3,ncdd-199603-grd-scaled.nc,https://www.ncei.noaa.gov/data/nclimgrid-daily/access/grids/1996/ncdd-199603-grd-scaled.nc,62009476,"""3b23084-5e7f2e1af0980""","Mon, 05 Sep 2022 19:13:58 GMT",application/x-netcdf
1996,4,ncdd-199604-grd-scaled.nc,https://www.ncei.noaa.gov/data/nclimgrid-daily/access/grids/1996/ncdd-199604-grd-scaled.nc,59574038,"""38d0716-5e7f2ef554cc0""","Mon, 05 Sep 2022 19:17:47 GMT",application/x-netcdf
1996,5,ncdd-199605-grd-scaled.nc,https://www.ncei.noaa.gov/data/nclimgrid-daily/access/grids/1996/ncdd-199605-grd-scaled.nc,60724748,"""39e960c-5e7f2fbd9a540""","Mon, 05 Sep 2022 19:21:17 GMT",application/x-netcdf
1996,6,ncdd-199606-grd-scaled.nc,https://www.ncei.noaa.gov/data/nclimgrid-daily/access/grids/1996/ncdd-199606-grd-scaled.nc,56862213,"""363a605-5e7f308c8cd80""","Mon, 05 Sep 2022 19:24:54 GMT",application/x-netcdf
1996,7,ncdd-199607-grd-scaled.nc,https://www.ncei.noaa.gov/data/nclimgrid-daily/access/grids/1996/ncdd-199607-grd-scaled.nc,58186119,"""377d987-5e7f3153de3c0""","Mon, 05 Sep 2022 19:28:23 GMT",application/x-netcdf
1996,8,ncdd-199608-grd-scaled.nc,https://www.ncei.noaa.gov/data/nclimgrid-daily/access/grids/1996/ncdd-199608-grd-scaled.nc,57222301,"""369249d-5e7f3248f6600""","Mon, 05 Sep 2022 19:32:40 GMT",application/x-netcdf
1996,9,ncdd-199609-grd-scaled.nc,https://www.ncei.noaa.gov/data/nclimgrid-daily/access/grids/1996/ncdd-199609-grd-scaled.nc,57135462,"""367d166-5e7f3340eaf00""","Mon, 05 Sep 2022 19:37:00 GMT",application/x-netcdf
1996,10,ncdd-199610-grd-scaled.nc,https://www.ncei.noaa.gov/data/nclimgrid-daily/access/grids/1996/ncdd-199610-grd-scaled.nc,59557515,"""38cc68b-5e7f3413ae040""","Mon, 05 Sep 2022 19:40:41 GMT",application/x-netcdf
1996,11,ncdd-199611-grd-scaled.nc,https://www.ncei.noaa.gov/data/nclimgrid-daily/access/grids/1996/ncdd-199611-grd-scaled.nc,61030970,"""3a3423a-5e7f34dddbd40""","Mon, 05 Sep 2022 19:44:13 GMT",application/x-netcdf
1996,12,ncdd-199612-grd-scaled.nc,https://www.ncei.noaa.gov/data/nclimgrid-daily/access/grids/1996/ncdd-199612-grd-scaled.nc,64748466,"""3dbfbb2-5e7f35abda340""","Mon, 05 Sep 2022 19:47:49 GMT",application/x-netcdf
1997,1,ncdd-199701-grd-scaled.nc,https://www.ncei.noaa.gov/data/nclimgrid-daily/access/grids/1997/ncdd-199701-grd-scaled.nc,63990941,"""3d06c9d-5e7f3cc1bdac0""","Mon, 05 Sep 2022 20:19:31 GMT",application/x-netcdf
1997,2,ncdd-199702-grd-scaled.nc,https://www.ncei.noaa.gov/data/nclimgrid-daily/access/grids/1997/ncdd-199702-grd-scaled.nc,56547577,"""35ed8f9-5e7f3da793900""","Mon, 05 Sep 2022 20:23:32 GMT",application/x-netcdf
1997,3,ncdd-199703-grd-scaled.nc,https://www.ncei.noaa.gov/data/nclimgrid-daily/access/grids/1997/ncdd-199703-grd-scaled.nc,61646293,"""3aca5d5-5e7f3e6b14640""","Mon, 05 Sep 2022 20:26:57 GMT",application/x-netcdf
1997,4,ncdd-199704-grd-scaled.nc,https://www.ncei.noaa.gov/data/nclimgrid-daily/access/grids/1997/ncdd-199704-grd-scaled.nc,60249602,"""3975602-5e7f3f3bef300""","Mon, 05 Sep 2022 20:30:36 GMT",application/x-netcdf
1997,5,ncdd-199705-grd-scaled.nc,https://www.ncei.noaa.gov/data/nclimgrid-daily/access/grids/1997/ncdd-199705-grd-scaled.nc,59780775,"""3902ea7-5e7f4008f96c0""","Mon, 05 Sep 2022 20:34:11 GMT",application/x-netcdf
1997,6,ncdd-199706-grd-scaled.nc,https://www.ncei.noaa.gov/data/nclimgrid-daily/access/grids/1997/ncdd-199706-grd-scaled.nc,57621844,"""36f3d54-5e7f40d50f840""","Mon, 05 Sep 2022 20:37:45 GMT",application/x-netcdf
1997,7,ncdd-199707-grd-scaled.nc,https://www.ncei.noaa.gov/data/nclimgrid-daily/access/grids/1997/ncdd-199707-grd-scaled.nc,57948714,"""3743a2a-5e7f41a402080""","Mon, 05 Sep 2022 20:41:22 GMT",application/x-netcdf
1997,8,ncdd-199708-grd-scaled.nc,https://www.ncei.noaa.gov/data/nclimgrid-daily/access/grids/1997/ncdd-199708-grd-scaled.nc,57982910,"""374bfbe-5e7f4276c51c0""","Mon, 05 Sep 2022 20:45:03 GMT",application/x-netcdf
1997,9,ncdd-199709-grd-scaled.nc,https://www.ncei.noaa.gov/data/nclimgrid-daily/access/grids/1997/ncdd-199709-grd-scaled.nc,56336519,"""35ba087-5e7f4346abc40""","Mon, 05 Sep 2022 20:48:41 GMT",application/x-netcdf
1997,10,ncdd-199710-grd-scaled.nc,https://www.ncei.noaa.gov/data/nclimgrid-daily/access/grids/1997/ncdd-199710-grd-scaled.nc,59680764,"""38ea7fc-5e7f4411cdb80""","Mon, 05 Sep 2022 20:52:14 GMT",application/x-netcdf
1997,11,ncdd-199711-grd-scaled.nc,https://www.ncei.noaa.gov/data/nclimgrid-daily/access/grids/1997/ncdd-199711-grd-scaled.nc,60269987,"""397a5a3-5e7f44e8615c0""","Mon, 05 Sep 2022 20:55:59 GMT",application/x-netcdf
1997,12,ncdd-199712-grd-scaled.nc,https://www.ncei.noaa.gov/data/nclimgrid-daily/access/grids/1997/ncdd-199712-grd-scaled.nc,62841453,"""3bee26d-5e7f45b19b080""","Mon, 05 Sep 2022 20:59:30 GMT",application/x-netcdf
1998,1,ncdd-199801-grd-scaled.nc,https://www.ncei.noaa.gov/data/nclimgrid-daily/access/grids/1998/ncdd-199801-grd-scaled.nc,64528096,"""3d89ee0-5e7f4d0f050c0""","Mon, 05 Sep 2022 21:32:27 GMT",application/x-netcdf
1998,2,ncdd-199802-grd-scaled.nc,https://www.ncei.noaa.gov/data/nclimgrid-daily/access/grids/1998/ncdd-199802-grd-scaled.nc,58725779,"""3801593-5e7f4dda27000""","Mon, 05 Sep 2022 21:36:00 GMT",application/x-netcdf
1998,3,ncdd-199803-grd-scaled.nc,https://www.ncei.noaa.gov/data/nclimgrid-daily/access/grids/1998/ncdd-199803-grd-scaled.nc,63523956,"""3c94c74-5e7f4ea084400""","Mon, 05 Sep 2022 21:39:28 GMT",application/x-netcdf
1998,4,ncdd-199804-grd-scaled.nc,https://www.ncei.noaa.gov/data/nclimgrid-daily/access/grids/1998/ncdd-199804-grd-scaled.nc,59613727,"""38da21f-5e7f4f7dc4e00""","Mon, 05 Sep 2022 21:43:20 GMT",application/x-netcdf
1998,5,ncdd-199805-grd-scaled.nc,https://www.ncei.noaa.gov/data/nclimgrid-daily/access/grids/1998/ncdd-199805-grd-scaled.nc,60366857,"""3992009-5e7f5047f2b00""","Mon, 05 Sep 2022 21:46:52 GMT",application/x-netcdf
1998,6,ncdd-199806-grd-scaled.nc,https://www.ncei.noaa.gov/data/nclimgrid-daily/access/grids/1998/ncdd-199806-grd-scaled.nc,58241115,"""378b05b-5e7f511314a40""","Mon, 05 Sep 2022 21:50:25 GMT",application/x-netcdf
1998,7,ncdd-199807-grd-scaled.nc,https://www.ncei.noaa.gov/data/nclimgrid-daily/access/grids/1998/ncdd-199807-grd-scaled.nc,58149053,"""37748bd-5e7f51de36980""","Mon, 05 Sep 2022 21:53:58 GMT",application/x-netcdf
1998,8,ncdd-199808-grd-scaled.nc,https://www.ncei.noaa.gov/data/nclimgrid-daily/access/grids/1998/ncdd-199808-grd-scaled.nc,57333924,"""36ad8a4-5e7f52ad291c0""","Mon, 05 Sep 2022 21:57:35 GMT",application/x-netcdf
1998,9,ncdd-199809-grd-scaled.nc,https://www.ncei.noaa.gov/data/nclimgrid-daily/access/grids/1998/ncdd-199809-grd-scaled.nc,55487435,"""34eabcb-5e7f5370a9f00""","Mon, 05 Sep 2022 22:01:00 GMT",application/x-netcdf
1998,10,ncdd-199810-grd-scaled.nc,https://www.ncei.noaa.gov/data/nclimgrid-daily/access/grids/1998/ncdd-199810-grd-scaled.nc,59593335,"""38d5277-5e7f543db42c0""","Mon, 05 Sep 2022 22:04:35 GMT",application/x-netcdf
1998,11,ncdd-199811-grd-scaled.nc,https://www.ncei.noaa.gov/data/nclimgrid-daily/access/grids/1998/ncdd-199811-grd-scaled.nc,60413969,"""399d811-5e7f5509ca440""","Mon, 05 Sep 2022 22:08:09 GMT",application/x-netcdf
1998,12,ncdd-199812-grd-scaled.nc,https://www.ncei.noaa.gov/data/nclimgrid-daily/access/grids/1998/ncdd-199812-grd-scaled.nc,61429222,"""3a955e6-5e7f55d8bcc80""","Mon, 05 Sep 2022 22:11:46 GMT",application/x-netcdf
1999,1,ncdd-199901-grd-scaled.nc,https://www.ncei.noaa.gov/data/nclimgrid-daily/access/grids/1999/ncdd-199901-grd-scaled.nc,63557563,"""3c9cfbb-5e7f7fca28140""","Tue, 06 Sep 2022 01:19:25 GMT",application/x-netcdf
1999,2,ncdd-199902-grd-scaled.nc,https://www.ncei.noaa.gov/data/nclimgrid-daily/access/grids/1999/ncdd-199902-grd-scaled.nc,56777452,"""3625aec-5e7f809455e40""","Tue, 06 Sep 2022 01:22:57 GMT",application/x-netcdf
1999,3,ncdd-199903-grd-scaled.nc,https://www.ncei.noaa.gov/data/nclimgrid-daily/access/grids/1999/ncdd-199903-grd-scaled.nc,61289543,"""3a73447-5e7f815f77d80""","Tue, 06 Sep 2022 01:26:30 GMT",application/x-netcdf
1999,4,ncdd-199904-grd-scaled.nc,https://www.ncei.noaa.gov/data/nclimgrid-daily/access/grids/1999/ncdd-199904-grd-scaled.nc,60492359,"""39b0a47-5e7f82323aec0""","Tue, 06 Sep 2022 01:30:11 GMT",application/x-netcdf
1999,5,ncdd-199905-grd-scaled.nc,https://www.ncei.noaa.gov/data/nclimgrid-daily/access/grids/1999/ncdd-199905-grd-scaled.nc,60113271,"""3954177-5e7f82f5bbc00""","Tue, 06 Sep 2022 01:33:36 GMT",application/x-netcdf
1999,6,ncdd-199906-grd-scaled.nc,https://www.ncei.noaa.gov/data/nclimgrid-daily/access/grids/1999/ncdd-199906-grd-scaled.nc,57995931,"""374f29b-5e7f83b7544c0""","Tue, 06 Sep 2022 01:36:59 GMT",application/x-netcdf
1999,7,ncdd-199907-grd-scaled.nc,https://www.ncei.noaa.gov/data/nclimgrid-daily/access/grids/1999/ncdd-199907-grd-scaled.nc,58124791,"""376e9f7-5e7f848276400""","Tue, 06 Sep 2022 01:40:32 GMT",application/x-netcdf
1999,8,ncdd-199908-grd-scaled.nc,https://www.ncei.noaa.gov/data/nclimgrid-daily/access/grids/1999/ncdd-199908-grd-scaled.nc,57814022,"""3722c06-5e7f854e8c580""","Tue, 06 Sep 2022 01:44:06 GMT",application/x-netcdf
1999,9,ncdd-199909-grd-scaled.nc,https://www.ncei.noaa.gov/data/nclimgrid-daily/access/grids/1999/ncdd-199909-grd-scaled.nc,56088472,"""357d798-5e7f861024e40""","Tue, 06 Sep 2022 01:47:29 GMT",application/x-netcdf
1999,10,ncdd-199910-grd-scaled.nc,https://www.ncei.noaa.gov/data/nclimgrid-daily/access/grids/1999/ncdd-199910-grd-scaled.nc,57879412,"""3732b74-5e7f86cc04980""","Tue, 06 Sep 2022 01:50:46 GMT",application/x-netcdf
1999,11,ncdd-199911-grd-scaled.nc,https://www.ncei.noaa.gov/data/nclimgrid-daily/access/grids/1999/ncdd-199911-grd-scaled.nc,57253857,"""3699fe1-5e7f87916db40""","Tue, 06 Sep 2022 01:54:13 GMT",application/x-netcdf
1999,12,ncdd-199912-grd-scaled.nc,https://www.ncei.noaa.gov/data/nclimgrid-daily/access/grids/1999/ncdd-199912-grd-scaled.nc,61875849,"""3b02689-5e7f884e418c0""","Tue, 06 Sep 2022 01:57:31 GMT",application/x-netcdf
2000,1,ncdd-200001-grd-scaled.nc,https://www.ncei.noaa.gov/data/nclimgrid-daily/access/grids/2000/ncdd-200001-grd-scaled.nc,62814479,"""3be790f-5e7f8f2810280""","Tue, 06 Sep 2022 02:28:10 GMT",application/x-netcdf
2000,2,ncdd-200002-grd-scaled.nc,https://www.ncei.noaa.gov/data/nclimgrid-daily/access/grids/2000/ncdd-200002-grd-scaled.nc,58558630,"""37d88a6-5e7f9034ffd00""","Tue, 06 Sep 2022 02:32:52 GMT",application/x-netcdf
2000,3,ncdd-200003-grd-scaled.nc,https://www.ncei.noaa.gov/data/nclimgrid-daily/access/grids/2000/ncdd-200003-grd-scaled.nc,62171175,"""3b4a827-5e7f913495800""","Tue, 06 Sep 2022 02:37:20 GMT",application/x-netcdf
2000,4,ncdd-200004-grd-scaled.nc,https://www.ncei.noaa.gov/data/nclimgrid-daily/access/grids/2000/ncdd-200004-grd-scaled.nc,58385762,"""37ae562-5e7f92436d700""","Tue, 06 Sep 2022 02:42:04 GMT",application/x-netcdf
2000,5,ncdd-200005-grd-scaled.nc,https://www.ncei.noaa.gov/data/nclimgrid-daily/access/grids/2000/ncdd-200005-grd-scaled.nc,59296228,"""388c9e4-5e7f9345df8c0""","Tue, 06 Sep 2022 02:46:35 GMT",application/x-netcdf
2000,6,ncdd-200006-grd-scaled.nc,https://www.ncei.noaa.gov/data/nclimgrid-daily/access/grids/2000/ncdd-200006-grd-scaled.nc,57590764,"""36ec3ec-5e7f945c589c0""","Tue, 06 Sep 2022 02:51:27 GMT",application/x-netcdf
2000,7,ncdd-200007-grd-scaled.nc,https://www.ncei.noaa.gov/data/nclimgrid-daily/access/grids/2000/ncdd-200007-grd-scaled.nc,57178041,"""36877b9-5e7f956e0cf80""","Tue, 06 Sep 2022 02:56:14 GMT",application/x-netcdf
2000,8,ncdd-200008-grd-scaled.nc,https://www.ncei.noaa.gov/data/nclimgrid-daily/access/grids/2000/ncdd-200008-grd-scaled.nc,57174673,"""3686a91-5e7f968d1b4c0""","Tue, 06 Sep 2022 03:01:15 GMT",application/x-netcdf
2000,9,ncdd-200009-grd-scaled.nc,https://www.ncei.noaa.gov/data/nclimgrid-daily/access/grids/2000/ncdd-200009-grd-scaled.nc,56284137,"""35ad3e9-5e7f97972e880""","Tue, 06 Sep 2022 03:05:54 GMT",application/x-netcdf
2000,10,ncdd-200010-grd-scaled.nc,https://www.ncei.noaa.gov/data/nclimgrid-daily/access/grids/2000/ncdd-200010-grd-scaled.nc,60093249,"""394f341-5e7f9898ac800""","Tue, 06 Sep 2022 03:10:24 GMT",application/x-netcdf
2000,11,ncdd-200011-grd-scaled.nc,https://www.ncei.noaa.gov/data/nclimgrid-daily/access/grids/2000/ncdd-200011-grd-scaled.nc,60644916,"""39d5e34-5e7f99a1cb980""","Tue, 06 Sep 2022 03:15:02 GMT",application/x-netcdf
2000,12,ncdd-200012-grd-scaled.nc,https://www.ncei.noaa.gov/data/nclimgrid-daily/access/grids/2000/ncdd-200012-grd-scaled.nc,62119506,"""3b3de52-5e7f9aa625fc0""","Tue, 06 Sep 2022 03:19:35 GMT",application/x-netcdf
2001,1,ncdd-200101-grd-scaled.nc,https://www.ncei.noaa.gov/data/nclimgrid-daily/access/grids/2001/ncdd-200101-grd-scaled.nc,62619187,"""3bb7e33-5e7fa20578480""","Tue, 06 Sep 2022 03:52:34 GMT",application/x-netcdf
2001,2,ncdd-200102-grd-scaled.nc,https://www.ncei.noaa.gov/data/nclimgrid-daily/access/grids/2001/ncdd-200102-grd-scaled.nc,57185444,"""36894a4-5e7fa31fc1e80""","Tue, 06 Sep 2022 03:57:30 GMT",application/x-netcdf
2001,3,ncdd-200103-grd-scaled.nc,https://www.ncei.noaa.gov/data/nclimgrid-daily/access/grids/2001/ncdd-200103-grd-scaled.nc,62216839,"""3b55a87-5e7fa42604940""","Tue, 06 Sep 2022 04:02:05 GMT",application/x-netcdf
2001,4,ncdd-200104-grd-scaled.nc,https://www.ncei.noaa.gov/data/nclimgrid-daily/access/grids/2001/ncdd-200104-grd-scaled.nc,59401310,"""38a645e-5e7fa54da82c0""","Tue, 06 Sep 2022 04:07:15 GMT",application/x-netcdf
2001,5,ncdd-200105-grd-scaled.nc,https://www.ncei.noaa.gov/data/nclimgrid-daily/access/grids/2001/ncdd-200105-grd-scaled.nc,58994376,"""3842ec8-5e7fa668e5f00""","Tue, 06 Sep 2022 04:12:12 GMT",application/x-netcdf
2001,6,ncdd-200106-grd-scaled.nc,https://www.ncei.noaa.gov/data/nclimgrid-daily/access/grids/2001/ncdd-200106-grd-scaled.nc,56932504,"""364b898-5e7fa79271d00""","Tue, 06 Sep 2022 04:17:24 GMT",application/x-netcdf
2001,7,ncdd-200107-grd-scaled.nc,https://www.ncei.noaa.gov/data/nclimgrid-daily/access/grids/2001/ncdd-200107-grd-scaled.nc,58692862,"""37f94fe-5e7fa8bbfdb00""","Tue, 06 Sep 2022 04:22:36 GMT",application/x-netcdf
2001,8,ncdd-200108-grd-scaled.nc,https://www.ncei.noaa.gov/data/nclimgrid-daily/access/grids/2001/ncdd-200108-grd-scaled.nc,57382287,"""36b958f-5e7fa9ed2ab00""","Tue, 06 Sep 2022 04:27:56 GMT",application/x-netcdf
2001,9,ncdd-200109-grd-scaled.nc,https://www.ncei.noaa.gov/data/nclimgrid-daily/access/grids/2001/ncdd-200109-grd-scaled.nc,55152654,"""349900e-5e7fab0868740""","Tue, 06 Sep 2022 04:32:53 GMT",application/x-netcdf
2001,10,ncdd-200110-grd-scaled.nc,https://www.ncei.noaa.gov/data/nclimgrid-daily/access/grids/2001/ncdd-200110-grd-scaled.nc,58542423,"""37d4957-5e7fac1ee1840""","Tue, 06 Sep 2022 04:37:45 GMT",application/x-netcdf
2001,11,ncdd-200111-grd-scaled.nc,https://www.ncei.noaa.gov/data/nclimgrid-daily/access/grids/2001/ncdd-200111-grd-scaled.nc,59073086,"""385623e-5e7fad3742dc0""","Tue, 06 Sep 2022 04:42:39 GMT",application/x-netcdf
2001,12,ncdd-200112-grd-scaled.nc,https://www.ncei.noaa.gov/data/nclimgrid-daily/access/grids/2001/ncdd-200112-grd-scaled.nc,62509084,"""3b9d01c-5e7fae5280a00""","Tue, 06 Sep 2022 04:47:36 GMT",application/x-netcdf
2002,1,ncdd-200201-grd-scaled.nc,https://www.ncei.noaa.gov/data/nclimgrid-daily/access/grids/2002/ncdd-200201-grd-scaled.nc,62090854,"""3b36e66-5e801cd357fc0""","Tue, 06 Sep 2022 13:01:59 GMT",application/x-netcdf
2002,2,ncdd-200202-grd-scaled.nc,https://www.ncei.noaa.gov/data/nclimgrid-daily/access/grids/2002/ncdd-200202-grd-scaled.nc,54933189,"""34636c5-5e801e08558c0""","Tue, 06 Sep 2022 13:07:23 GMT",application/x-netcdf
2002,3,ncdd-200203-grd-scaled.nc,https://www.ncei.noaa.gov/data/nclimgrid-daily/access/grids/2002/ncdd-200203-grd-scaled.nc,62617917,"""3bb793d-5e801f35b1fc0""","Tue, 06 Sep 2022 13:12:39 GMT",application/x-netcdf
2002,4,ncdd-200204-grd-scaled.nc,https://www.ncei.noaa.gov/data/nclimgrid-daily/access/grids/2002/ncdd-200204-grd-scaled.nc,58781614,"""380efae-5e80207cce380""","Tue, 06 Sep 2022 13:18:22 GMT",application/x-netcdf
2002,5,ncdd-200205-grd-scaled.nc,https://www.ncei.noaa.gov/data/nclimgrid-daily/access/grids/2002/ncdd-200205-grd-scaled.nc,59272605,"""3886d9d-5e80219dc4d40""","Tue, 06 Sep 2022 13:23:25 GMT",application/x-netcdf
2002,6,ncdd-200206-grd-scaled.nc,https://www.ncei.noaa.gov/data/nclimgrid-daily/access/grids/2002/ncdd-200206-grd-scaled.nc,56372353,"""35c2c81-5e8022d59ed00""","Tue, 06 Sep 2022 13:28:52 GMT",application/x-netcdf
2002,7,ncdd-200207-grd-scaled.nc,https://www.ncei.noaa.gov/data/nclimgrid-daily/access/grids/2002/ncdd-200207-grd-scaled.nc,57945564,"""3742ddc-5e8024001ed40""","Tue, 06 Sep 2022 13:34:05 GMT",application/x-netcdf
2002,8,ncdd-200208-grd-scaled.nc,https://www.ncei.noaa.gov/data/nclimgrid-daily/access/grids/2002/ncdd-200208-grd-scaled.nc,57470455,"""36cedf7-5e8025408e140""","Tue, 06 Sep 2022 13:39:41 GMT",application/x-netcdf
2002,9,ncdd-200209-grd-scaled.nc,https://www.ncei.noaa.gov/data/nclimgrid-daily/access/grids/2002/ncdd-200209-grd-scaled.nc,56152213,"""358d095-5e80266edea80""","Tue, 06 Sep 2022 13:44:58 GMT",application/x-netcdf
2002,10,ncdd-200210-grd-scaled.nc,https://www.ncei.noaa.gov/data/nclimgrid-daily/access/grids/2002/ncdd-200210-grd-scaled.nc,60968202,"""3a24d0a-5e80278557b80""","Tue, 06 Sep 2022 13:49:50 GMT",application/x-netcdf
2002,11,ncdd-200211-grd-scaled.nc,https://www.ncei.noaa.gov/data/nclimgrid-daily/access/grids/2002/ncdd-200211-grd-scaled.nc,59093204,"""385b0d4-5e8028c00e200""","Tue, 06 Sep 2022 13:55:20 GMT",application/x-netcdf
2002,12,ncdd-200212-grd-scaled.nc,https://www.ncei.noaa.gov/data/nclimgrid-daily/access/grids/2002/ncdd-200212-grd-scaled.nc,62693690,"""3bca13a-5e8029eb82480""","Tue, 06 Sep 2022 14:00:34 GMT",application/x-netcdf
2003,1,ncdd-200301-grd-scaled.nc,https://www.ncei.noaa.gov/data/nclimgrid-daily/access/grids/2003/ncdd-200301-grd-scaled.nc,61482626,"""3aa2682-5e8031925b200""","Tue, 06 Sep 2022 14:34:48 GMT",application/x-netcdf
2003,2,ncdd-200302-grd-scaled.nc,https://www.ncei.noaa.gov/data/nclimgrid-daily/access/grids/2003/ncdd-200302-grd-scaled.nc,57486037,"""36d2ad5-5e8032c47c440""","Tue, 06 Sep 2022 14:40:09 GMT",application/x-netcdf
2003,3,ncdd-200303-grd-scaled.nc,https://www.ncei.noaa.gov/data/nclimgrid-daily/access/grids/2003/ncdd-200303-grd-scaled.nc,62885252,"""3bf8d84-5e803403f7600""","Tue, 06 Sep 2022 14:45:44 GMT",application/x-netcdf
2003,4,ncdd-200304-grd-scaled.nc,https://www.ncei.noaa.gov/data/nclimgrid-daily/access/grids/2003/ncdd-200304-grd-scaled.nc,59966251,"""393032b-5e803529b2b00""","Tue, 06 Sep 2022 14:50:52 GMT",application/x-netcdf
2003,5,ncdd-200305-grd-scaled.nc,https://www.ncei.noaa.gov/data/nclimgrid-daily/access/grids/2003/ncdd-200305-grd-scaled.nc,60357860,"""398fce4-5e80365526d80""","Tue, 06 Sep 2022 14:56:06 GMT",application/x-netcdf
2003,6,ncdd-200306-grd-scaled.nc,https://www.ncei.noaa.gov/data/nclimgrid-daily/access/grids/2003/ncdd-200306-grd-scaled.nc,57384630,"""36b9eb6-5e80377805bc0""","Tue, 06 Sep 2022 15:01:11 GMT",application/x-netcdf
2003,7,ncdd-200307-grd-scaled.nc,https://www.ncei.noaa.gov/data/nclimgrid-daily/access/grids/2003/ncdd-200307-grd-scaled.nc,57138700,"""367de0c-5e80389437a40""","Tue, 06 Sep 2022 15:06:09 GMT",application/x-netcdf
2003,8,ncdd-200308-grd-scaled.nc,https://www.ncei.noaa.gov/data/nclimgrid-daily/access/grids/2003/ncdd-200308-grd-scaled.nc,58195686,"""377fee6-5e8039c658c80""","Tue, 06 Sep 2022 15:11:30 GMT",application/x-netcdf
2003,9,ncdd-200309-grd-scaled.nc,https://www.ncei.noaa.gov/data/nclimgrid-daily/access/grids/2003/ncdd-200309-grd-scaled.nc,56003664,"""3568c50-5e803ae28ab00""","Tue, 06 Sep 2022 15:16:28 GMT",application/x-netcdf
2003,10,ncdd-200310-grd-scaled.nc,https://www.ncei.noaa.gov/data/nclimgrid-daily/access/grids/2003/ncdd-200310-grd-scaled.nc,58131232,"""3770320-5e803c03814c0""","Tue, 06 Sep 2022 15:21:31 GMT",application/x-netcdf
2003,11,ncdd-200311-grd-scaled.nc,https://www.ncei.noaa.gov/data/nclimgrid-daily/access/grids/2003/ncdd-200311-grd-scaled.nc,60431193,"""39a1b59-5e803d256c0c0""","Tue, 06 Sep 2022 15:26:35 GMT",application/x-netcdf
2003,12,ncdd-200312-grd-scaled.nc,https://www.ncei.noaa.gov/data/nclimgrid-daily/access/grids/2003/ncdd-200312-grd-scaled.nc,63308696,"""3c60398-5e803e4d0fa40""","Tue, 06 Sep 2022 15:31:45 GMT",application/x-netcdf
2004,1,ncdd-200401-grd-scaled.nc,https://www.ncei.noaa.gov/data/nclimgrid-daily/access/grids/2004/ncdd-200401-grd-scaled.nc,62881410,"""3bf7e82-5e804632d9c40""","Tue, 06 Sep 2022 16:07:05 GMT",application/x-netcdf
2004,2,ncdd-200402-grd-scaled.nc,https://www.ncei.noaa.gov/data/nclimgrid-daily/access/grids/2004/ncdd-200402-grd-scaled.nc,59453607,"""38b30a7-5e80475a7d5c0""","Tue, 06 Sep 2022 16:12:15 GMT",application/x-netcdf
2004,3,ncdd-200403-grd-scaled.nc,https://www.ncei.noaa.gov/data/nclimgrid-daily/access/grids/2004/ncdd-200403-grd-scaled.nc,61103640,"""3a45e18-5e80487a7fd40""","Tue, 06 Sep 2022 16:17:17 GMT",application/x-netcdf
2004,4,ncdd-200404-grd-scaled.nc,https://www.ncei.noaa.gov/data/nclimgrid-daily/access/grids/2004/ncdd-200404-grd-scaled.nc,59004211,"""3845533-5e8049bfb3c80""","Tue, 06 Sep 2022 16:22:58 GMT",application/x-netcdf
2004,5,ncdd-200405-grd-scaled.nc,https://www.ncei.noaa.gov/data/nclimgrid-daily/access/grids/2004/ncdd-200405-grd-scaled.nc,60447488,"""39a5b00-5e804af5a57c0""","Tue, 06 Sep 2022 16:28:23 GMT",application/x-netcdf
2004,6,ncdd-200406-grd-scaled.nc,https://www.ncei.noaa.gov/data/nclimgrid-daily/access/grids/2004/ncdd-200406-grd-scaled.nc,57867102,"""372fb5e-5e804c28bac40""","Tue, 06 Sep 2022 16:33:45 GMT",application/x-netcdf
2004,7,ncdd-200407-grd-scaled.nc,https://www.ncei.noaa.gov/data/nclimgrid-daily/access/grids/2004/ncdd-200407-grd-scaled.nc,58667202,"""37f30c2-5e804d6741bc0""","Tue, 06 Sep 2022 16:39:19 GMT",application/x-netcdf
2004,8,ncdd-200408-grd-scaled.nc,https://www.ncei.noaa.gov/data/nclimgrid-daily/access/grids/2004/ncdd-200408-grd-scaled.nc,58768998,"""380be66-5e804ea6bcd80""","Tue, 06 Sep 2022 16:44:54 GMT",application/x-netcdf
2004,9,ncdd-200409-grd-scaled.nc,https://www.ncei.noaa.gov/data/nclimgrid-daily/access/grids/2004/ncdd-200409-grd-scaled.nc,56027170,"""356e822-5e804fe637f40""","Tue, 06 Sep 2022 16:50:29 GMT",application/x-netcdf
2004,10,ncdd-200410-grd-scaled.nc,https://www.ncei.noaa.gov/data/nclimgrid-daily/access/grids/2004/ncdd-200410-grd-scaled.nc,61369416,"""3a86c48-5e80511c29a80""","Tue, 06 Sep 2022 16:55:54 GMT",application/x-netcdf
2004,11,ncdd-200411-grd-scaled.nc,https://www.ncei.noaa.gov/data/nclimgrid-daily/access/grids/2004/ncdd-200411-grd-scaled.nc,60017028,"""393c984-5e805246a9ac0""","Tue, 06 Sep 2022 17:01:07 GMT",application/x-netcdf
2004,12,ncdd-200412-grd-scaled.nc,https://www.ncei.noaa.gov/data/nclimgrid-daily/access/grids/2004/ncdd-200412-grd-scaled.nc,61957240,"""3b16478-5e805370358c0""","Tue, 06 Sep 2022 17:06:19 GMT",application/x-netcdf
2005,1,ncdd-200501-grd-scaled.nc,https://www.ncei.noaa.gov/data/nclimgrid-daily/access/grids/2005/ncdd-200501-grd-scaled.nc,63624753,"""3cad631-5e805b7854bc0""","Tue, 06 Sep 2022 17:42:15 GMT",application/x-netcdf
2005,2,ncdd-200502-grd-scaled.nc,https://www.ncei.noaa.gov/data/nclimgrid-daily/access/grids/2005/ncdd-200502-grd-scaled.nc,56683789,"""360ed0d-5e805ccbd6cc0""","Tue, 06 Sep 2022 17:48:11 GMT",application/x-netcdf
2005,3,ncdd-200503-grd-scaled.nc,https://www.ncei.noaa.gov/data/nclimgrid-daily/access/grids/2005/ncdd-200503-grd-scaled.nc,62602939,"""3bb3ebb-5e805debd9440""","Tue, 06 Sep 2022 17:53:13 GMT",application/x-netcdf
2005,4,ncdd-200504-grd-scaled.nc,https://www.ncei.noaa.gov/data/nclimgrid-daily/access/grids/2005/ncdd-200504-grd-scaled.nc,59419332,"""38aaac4-5e805f1eee8c0""","Tue, 06 Sep 2022 17:58:35 GMT",application/x-netcdf
2005,5,ncdd-200505-grd-scaled.nc,https://www.ncei.noaa.gov/data/nclimgrid-daily/access/grids/2005/ncdd-200505-grd-scaled.nc,60683068,"""39df33c-5e8060459e000""","Tue, 06 Sep 2022 18:03:44 GMT",application/x-netcdf
2005,6,ncdd-200506-grd-scaled.nc,https://www.ncei.noaa.gov/data/nclimgrid-daily/access/grids/2005/ncdd-200506-grd-scaled.nc,58152015,"""377544f-5e806181488c0""","Tue, 06 Sep 2022 18:09:15 GMT",application/x-netcdf
2005,7,ncdd-200507-grd-scaled.nc,https://www.ncei.noaa.gov/data/nclimgrid-daily/access/grids/2005/ncdd-200507-grd-scaled.nc,57611994,"""36f16da-5e8062a9e0480""","Tue, 06 Sep 2022 18:14:26 GMT",application/x-netcdf
2005,8,ncdd-200508-grd-scaled.nc,https://www.ncei.noaa.gov/data/nclimgrid-daily/access/grids/2005/ncdd-200508-grd-scaled.nc,58395357,"""37b0add-5e8063f7a9800""","Tue, 06 Sep 2022 18:20:16 GMT",application/x-netcdf
2005,9,ncdd-200509-grd-scaled.nc,https://www.ncei.noaa.gov/data/nclimgrid-daily/access/grids/2005/ncdd-200509-grd-scaled.nc,55255144,"""34b2068-5e80653be9500""","Tue, 06 Sep 2022 18:25:56 GMT",application/x-netcdf
2005,10,ncdd-200510-grd-scaled.nc,https://www.ncei.noaa.gov/data/nclimgrid-daily/access/grids/2005/ncdd-200510-grd-scaled.nc,59293052,"""388bd7c-5e80665727140""","Tue, 06 Sep 2022 18:30:53 GMT",application/x-netcdf
2005,11,ncdd-200511-grd-scaled.nc,https://www.ncei.noaa.gov/data/nclimgrid-daily/access/grids/2005/ncdd-200511-grd-scaled.nc,59490170,"""38bbf7a-5e8067c651380""","Tue, 06 Sep 2022 18:37:18 GMT",application/x-netcdf
2005,12,ncdd-200512-grd-scaled.nc,https://www.ncei.noaa.gov/data/nclimgrid-daily/access/grids/2005/ncdd-200512-grd-scaled.nc,62752961,"""3bd88c1-5e806900137c0""","Tue, 06 Sep 2022 18:42:47 GMT",application/x-netcdf
2006,1,ncdd-200601-grd-scaled.nc,https://www.ncei.noaa.gov/data/nclimgrid-daily/access/grids/2006/ncdd-200601-grd-scaled.nc,63555794,"""3c9c8d2-5e80d008cce40""","Wed, 07 Sep 2022 02:23:45 GMT",application/x-netcdf
2006,2,ncdd-200602-grd-scaled.nc,https://www.ncei.noaa.gov/data/nclimgrid-daily/access/grids/2006/ncdd-200602-grd-scaled.nc,55352359,"""34c9c27-5e80d127db380""","Wed, 07 Sep 2022 02:28:46 GMT",application/x-netcdf
2006,3,ncdd-200603-grd-scaled.nc,https://www.ncei.noaa.gov/data/nclimgrid-daily/access/grids/2006/ncdd-200603-grd-scaled.nc,63326931,"""3c64ad3-5e80d22770e80""","Wed, 07 Sep 2022 02:33:14 GMT",application/x-netcdf
2006,4,ncdd-200604-grd-scaled.nc,https://www.ncei.noaa.gov/data/nclimgrid-daily/access/grids/2006/ncdd-200604-grd-scaled.nc,58982091,"""383fecb-5e80d34e205c0""","Wed, 07 Sep 2022 02:38:23 GMT",application/x-netcdf
2006,5,ncdd-200605-grd-scaled.nc,https://www.ncei.noaa.gov/data/nclimgrid-daily/access/grids/2006/ncdd-200605-grd-scaled.nc,59354970,"""389af5a-5e80d47c70f00""","Wed, 07 Sep 2022 02:43:40 GMT",application/x-netcdf
2006,6,ncdd-200606-grd-scaled.nc,https://www.ncei.noaa.gov/data/nclimgrid-daily/access/grids/2006/ncdd-200606-grd-scaled.nc,56646630,"""3605be6-5e80d5a320640""","Wed, 07 Sep 2022 02:48:49 GMT",application/x-netcdf
2006,7,ncdd-200607-grd-scaled.nc,https://www.ncei.noaa.gov/data/nclimgrid-daily/access/grids/2006/ncdd-200607-grd-scaled.nc,57892479,"""3735e7f-5e80d6b999740""","Wed, 07 Sep 2022 02:53:41 GMT",application/x-netcdf
2006,8,ncdd-200608-grd-scaled.nc,https://www.ncei.noaa.gov/data/nclimgrid-daily/access/grids/2006/ncdd-200608-grd-scaled.nc,58416911,"""37b5f0f-5e80d7e13d0c0""","Wed, 07 Sep 2022 02:58:51 GMT",application/x-netcdf
2006,9,ncdd-200609-grd-scaled.nc,https://www.ncei.noaa.gov/data/nclimgrid-daily/access/grids/2006/ncdd-200609-grd-scaled.nc,56989032,"""3659568-5e80d908e0a40""","Wed, 07 Sep 2022 03:04:01 GMT",application/x-netcdf
2006,10,ncdd-200610-grd-scaled.nc,https://www.ncei.noaa.gov/data/nclimgrid-daily/access/grids/2006/ncdd-200610-grd-scaled.nc,60405736,"""399b7e8-5e80da3454cc0""","Wed, 07 Sep 2022 03:09:15 GMT",application/x-netcdf
2006,11,ncdd-200611-grd-scaled.nc,https://www.ncei.noaa.gov/data/nclimgrid-daily/access/grids/2006/ncdd-200611-grd-scaled.nc,59453626,"""38b30ba-5e80db6c2ec80""","Wed, 07 Sep 2022 03:14:42 GMT",application/x-netcdf
2006,12,ncdd-200612-grd-scaled.nc,https://www.ncei.noaa.gov/data/nclimgrid-daily/access/grids/2006/ncdd-200612-grd-scaled.nc,62396417,"""3b81801-5e80dc9c67a40""","Wed, 07 Sep 2022 03:20:01 GMT",application/x-netcdf
2007,1,ncdd-200701-grd-scaled.nc,https://www.ncei.noaa.gov/data/nclimgrid-daily/access/grids/2007/ncdd-200701-grd-scaled.nc,62269278,"""3b6275e-5e80e55f72640""","Wed, 07 Sep 2022 03:59:13 GMT",application/x-netcdf
2007,2,ncdd-200702-grd-scaled.nc,https://www.ncei.noaa.gov/data/nclimgrid-daily/access/grids/2007/ncdd-200702-grd-scaled.nc,56943723,"""364e46b-5e80e67c98700""","Wed, 07 Sep 2022 04:04:12 GMT",application/x-netcdf
2007,3,ncdd-200703-grd-scaled.nc,https://www.ncei.noaa.gov/data/nclimgrid-daily/access/grids/2007/ncdd-200703-grd-scaled.nc,61200111,"""3a5d6ef-5e80e7879fd00""","Wed, 07 Sep 2022 04:08:52 GMT",application/x-netcdf
2007,4,ncdd-200704-grd-scaled.nc,https://www.ncei.noaa.gov/data/nclimgrid-daily/access/grids/2007/ncdd-200704-grd-scaled.nc,59399159,"""38a5bf7-5e80e8b5f0640""","Wed, 07 Sep 2022 04:14:09 GMT",application/x-netcdf
2007,5,ncdd-200705-grd-scaled.nc,https://www.ncei.noaa.gov/data/nclimgrid-daily/access/grids/2007/ncdd-200705-grd-scaled.nc,59441210,"""38b003a-5e80e9cb75500""","Wed, 07 Sep 2022 04:19:00 GMT",application/x-netcdf
2007,6,ncdd-200706-grd-scaled.nc,https://www.ncei.noaa.gov/data/nclimgrid-daily/access/grids/2007/ncdd-200706-grd-scaled.nc,56940442,"""364d79a-5e80eaf7dd9c0""","Wed, 07 Sep 2022 04:24:15 GMT",application/x-netcdf
2007,7,ncdd-200707-grd-scaled.nc,https://www.ncei.noaa.gov/data/nclimgrid-daily/access/grids/2007/ncdd-200707-grd-scaled.nc,58134351,"""3770f4f-5e80ec1133180""","Wed, 07 Sep 2022 04:29:10 GMT",application/x-netcdf
2007,8,ncdd-200708-grd-scaled.nc,https://www.ncei.noaa.gov/data/nclimgrid-daily/access/grids/2007/ncdd-200708-grd-scaled.nc,57723312,"""370c9b0-5e80ed36ee680""","Wed, 07 Sep 2022 04:34:18 GMT",application/x-netcdf
2007,9,ncdd-200709-grd-scaled.nc,https://www.ncei.noaa.gov/data/nclimgrid-daily/access/grids/2007/ncdd-200709-grd-scaled.nc,56341689,"""35bb4b9-5e80ee5320500""","Wed, 07 Sep 2022 04:39:16 GMT",application/x-netcdf
2007,10,ncdd-200710-grd-scaled.nc,https://www.ncei.noaa.gov/data/nclimgrid-daily/access/grids/2007/ncdd-200710-grd-scaled.nc,59881800,"""391b948-5e80ef7416ec0""","Wed, 07 Sep 2022 04:44:19 GMT",application/x-netcdf
2007,11,ncdd-200711-grd-scaled.nc,https://www.ncei.noaa.gov/data/nclimgrid-daily/access/grids/2007/ncdd-200711-grd-scaled.nc,57834839,"""3727d57-5e80f09da2cc0""","Wed, 07 Sep 2022 04:49:31 GMT",application/x-netcdf
2007,12,ncdd-200712-grd-scaled.nc,https://www.ncei.noaa.gov/data/nclimgrid-daily/access/grids/2007/ncdd-200712-grd-scaled.nc,64162594,"""3d30b22-5e80f1b327b80""","Wed, 07 Sep 2022 04:54:22 GMT",application/x-netcdf
2008,1,ncdd-200801-grd-scaled.nc,https://www.ncei.noaa.gov/data/nclimgrid-daily/access/grids/2008/ncdd-200801-grd-scaled.nc,63604403,"""3ca86b3-5e8aef2eb1740""","Thu, 15 Sep 2022 03:36:21 GMT",application/x-netcdf
2008,2,ncdd-200802-grd-scaled.nc,https://www.ncei.noaa.gov/data/nclimgrid-daily/access/grids/2008/ncdd-200802-grd-scaled.nc,59512978,"""38c1892-5e8af022d5740""","Thu, 15 Sep 2022 03:40:37 GMT",application/x-netcdf
2008,3,ncdd-200803-grd-scaled.nc,https://www.ncei.noaa.gov/data/nclimgrid-daily/access/grids/2008/ncdd-200803-grd-scaled.nc,62306525,"""3b6b8dd-5e8af101fe5c0""","Thu, 15 Sep 2022 03:44:31 GMT",application/x-netcdf
2008,4,ncdd-200804-grd-scaled.nc,https://www.ncei.noaa.gov/data/nclimgrid-daily/access/grids/2008/ncdd-200804-grd-scaled.nc,59230807,"""387ca57-5e8af1d6a9b80""","Thu, 15 Sep 2022 03:48:14 GMT",application/x-netcdf
2008,5,ncdd-200805-grd-scaled.nc,https://www.ncei.noaa.gov/data/nclimgrid-daily/access/grids/2008/ncdd-200805-grd-scaled.nc,60554853,"""39bfe65-5e8af2bc7f9c0""","Thu, 15 Sep 2022 03:52:15 GMT",application/x-netcdf
2008,6,ncdd-200806-grd-scaled.nc,https://www.ncei.noaa.gov/data/nclimgrid-daily/access/grids/2008/ncdd-200806-grd-scaled.nc,57412064,"""36c09e0-5e8af3a255800""","Thu, 15 Sep 2022 03:56:16 GMT",application/x-netcdf
2008,7,ncdd-200807-grd-scaled.nc,https://www.ncei.noaa.gov/data/nclimgrid-daily/access/grids/2008/ncdd-200807-grd-scaled.nc,57988308,"""374d4d4-5e8af4845ad40""","Thu, 15 Sep 2022 04:00:13 GMT",application/x-netcdf
2008,8,ncdd-200808-grd-scaled.nc,https://www.ncei.noaa.gov/data/nclimgrid-daily/access/grids/2008/ncdd-200808-grd-scaled.nc,57961349,"""3746b85-5e8af576968c0""","Thu, 15 Sep 2022 04:04:27 GMT",application/x-netcdf
2008,9,ncdd-200809-grd-scaled.nc,https://www.ncei.noaa.gov/data/nclimgrid-daily/access/grids/2008/ncdd-200809-grd-scaled.nc,55739163,"""352831b-5e8af67538180""","Thu, 15 Sep 2022 04:08:54 GMT",application/x-netcdf
2008,10,ncdd-200810-grd-scaled.nc,https://www.ncei.noaa.gov/data/nclimgrid-daily/access/grids/2008/ncdd-200810-grd-scaled.nc,59116405,"""3860b75-5e8af75cf6440""","Thu, 15 Sep 2022 04:12:57 GMT",application/x-netcdf
2008,11,ncdd-200811-grd-scaled.nc,https://www.ncei.noaa.gov/data/nclimgrid-daily/access/grids/2008/ncdd-200811-grd-scaled.nc,59708713,"""38f1529-5e8af842cc280""","Thu, 15 Sep 2022 04:16:58 GMT",application/x-netcdf
2008,12,ncdd-200812-grd-scaled.nc,https://www.ncei.noaa.gov/data/nclimgrid-daily/access/grids/2008/ncdd-200812-grd-scaled.nc,64432652,"""3d72a0c-5e8af94632680""","Thu, 15 Sep 2022 04:21:30 GMT",application/x-netcdf
2009,1,ncdd-200901-grd-scaled.nc,https://www.ncei.noaa.gov/data/nclimgrid-daily/access/grids/2009/ncdd-200901-grd-scaled.nc,62384362,"""3b7e8ea-5e811156b60c0""","Wed, 07 Sep 2022 07:15:55 GMT",application/x-netcdf
2009,2,ncdd-200902-grd-scaled.nc,https://www.ncei.noaa.gov/data/nclimgrid-daily/access/grids/2009/ncdd-200902-grd-scaled.nc,56044914,"""3572d72-5e81129631280""","Wed, 07 Sep 2022 07:21:30 GMT",application/x-netcdf
2009,3,ncdd-200903-grd-scaled.nc,https://www.ncei.noaa.gov/data/nclimgrid-daily/access/grids/2009/ncdd-200903-grd-scaled.nc,62341872,"""3b742f0-5e8113c299740""","Wed, 07 Sep 2022 07:26:45 GMT",application/x-netcdf
2009,4,ncdd-200904-grd-scaled.nc,https://www.ncei.noaa.gov/data/nclimgrid-daily/access/grids/2009/ncdd-200904-grd-scaled.nc,59803676,"""390881c-5e8114fc5bb80""","Wed, 07 Sep 2022 07:32:14 GMT",application/x-netcdf
2009,5,ncdd-200905-grd-scaled.nc,https://www.ncei.noaa.gov/data/nclimgrid-daily/access/grids/2009/ncdd-200905-grd-scaled.nc,60190554,"""3966f5a-5e81164d015c0""","Wed, 07 Sep 2022 07:38:07 GMT",application/x-netcdf
2009,6,ncdd-200906-grd-scaled.nc,https://www.ncei.noaa.gov/data/nclimgrid-daily/access/grids/2009/ncdd-200906-grd-scaled.nc,58441317,"""37bbe65-5e8117aed1880""","Wed, 07 Sep 2022 07:44:18 GMT",application/x-netcdf
2009,7,ncdd-200907-grd-scaled.nc,https://www.ncei.noaa.gov/data/nclimgrid-daily/access/grids/2009/ncdd-200907-grd-scaled.nc,58708865,"""37fd381-5e8118db39d40""","Wed, 07 Sep 2022 07:49:33 GMT",application/x-netcdf
2009,8,ncdd-200908-grd-scaled.nc,https://www.ncei.noaa.gov/data/nclimgrid-daily/access/grids/2009/ncdd-200908-grd-scaled.nc,58199435,"""3780d8b-5e811a0f43400""","Wed, 07 Sep 2022 07:54:56 GMT",application/x-netcdf
2009,9,ncdd-200909-grd-scaled.nc,https://www.ncei.noaa.gov/data/nclimgrid-daily/access/grids/2009/ncdd-200909-grd-scaled.nc,55920661,"""3554815-5e811b5b24300""","Wed, 07 Sep 2022 08:00:44 GMT",application/x-netcdf
2009,10,ncdd-200910-grd-scaled.nc,https://www.ncei.noaa.gov/data/nclimgrid-daily/access/grids/2009/ncdd-200910-grd-scaled.nc,62975646,"""3c0ee9e-5e811c878c7c0""","Wed, 07 Sep 2022 08:05:59 GMT",application/x-netcdf
2009,11,ncdd-200911-grd-scaled.nc,https://www.ncei.noaa.gov/data/nclimgrid-daily/access/grids/2009/ncdd-200911-grd-scaled.nc,57630692,"""36f5fe4-5e811dcea8b80""","Wed, 07 Sep 2022 08:11:42 GMT",application/x-netcdf
2009,12,ncdd-200912-grd-scaled.nc,https://www.ncei.noaa.gov/data/nclimgrid-daily/access/grids/2009/ncdd-200912-grd-scaled.nc,63514426,"""3c9273a-5e811ef64c500""","Wed, 07 Sep 2022 08:16:52 GMT",application/x-netcdf
2010,1,ncdd-201001-grd-scaled.nc,https://www.ncei.noaa.gov/data/nclimgrid-daily/access/grids/2010/ncdd-201001-grd-scaled.nc,63715641,"""3cc3939-5e81daf66d180""","Wed, 07 Sep 2022 22:17:58 GMT",application/x-netcdf
2010,2,ncdd-201002-grd-scaled.nc,https://www.ncei.noaa.gov/data/nclimgrid-daily/access/grids/2010/ncdd-201002-grd-scaled.nc,57942818,"""3742322-5e81dc24bdac0""","Wed, 07 Sep 2022 22:23:15 GMT",application/x-netcdf
2010,3,ncdd-201003-grd-scaled.nc,https://www.ncei.noaa.gov/data/nclimgrid-daily/access/grids/2010/ncdd-201003-grd-scaled.nc,62162453,"""3b48615-5e81dd2ddcc40""","Wed, 07 Sep 2022 22:27:53 GMT",application/x-netcdf
2010,4,ncdd-201004-grd-scaled.nc,https://www.ncei.noaa.gov/data/nclimgrid-daily/access/grids/2010/ncdd-201004-grd-scaled.nc,59315784,"""3891648-5e81de65b6c00""","Wed, 07 Sep 2022 22:33:20 GMT",application/x-netcdf
2010,5,ncdd-201005-grd-scaled.nc,https://www.ncei.noaa.gov/data/nclimgrid-daily/access/grids/2010/ncdd-201005-grd-scaled.nc,61387037,"""3a8b11d-5e81df8f42a00""","Wed, 07 Sep 2022 22:38:32 GMT",application/x-netcdf
2010,6,ncdd-201006-grd-scaled.nc,https://www.ncei.noaa.gov/data/nclimgrid-daily/access/grids/2010/ncdd-201006-grd-scaled.nc,58069845,"""3761355-5e81e0b8ce800""","Wed, 07 Sep 2022 22:43:44 GMT",application/x-netcdf
2010,7,ncdd-201007-grd-scaled.nc,https://www.ncei.noaa.gov/data/nclimgrid-daily/access/grids/2010/ncdd-201007-grd-scaled.nc,58596200,"""37e1b68-5e81e1d8d0f80""","Wed, 07 Sep 2022 22:48:46 GMT",application/x-netcdf
2010,8,ncdd-201008-grd-scaled.nc,https://www.ncei.noaa.gov/data/nclimgrid-daily/access/grids/2010/ncdd-201008-grd-scaled.nc,58242157,"""378b46d-5e81e30445200""","Wed, 07 Sep 2022 22:54:00 GMT",application/x-netcdf
2010,9,ncdd-201009-grd-scaled.nc,https://www.ncei.noaa.gov/data/nclimgrid-daily/access/grids/2010/ncdd-201009-grd-scaled.nc,56100902,"""3580826-5e81e431a1900""","Wed, 07 Sep 2022 22:59:16 GMT",application/x-netcdf
2010,10,ncdd-201010-grd-scaled.nc,https://www.ncei.noaa.gov/data/nclimgrid-daily/access/grids/2010/ncdd-201010-grd-scaled.nc,59070958,"""38559ee-5e81e54cdf540""","Wed, 07 Sep 2022 23:04:13 GMT",application/x-netcdf
2010,11,ncdd-201011-grd-scaled.nc,https://www.ncei.noaa.gov/data/nclimgrid-daily/access/grids/2010/ncdd-201011-grd-scaled.nc,60277151,"""397c19f-5e81e6681d180""","Wed, 07 Sep 2022 23:09:10 GMT",application/x-netcdf
2010,12,ncdd-201012-grd-scaled.nc,https://www.ncei.noaa.gov/data/nclimgrid-daily/access/grids/2010/ncdd-201012-grd-scaled.nc,63887603,"""3ced8f3-5e81e7807e700""","Wed, 07 Sep 2022 23:14:04 GMT",application/x-netcdf
2011,1,ncdd-201101-grd-scaled.nc,https://www.ncei.noaa.gov/data/nclimgrid-daily/access/grids/2011/ncdd-201101-grd-scaled.nc,62654908,"""3bc09bc-5e81f08cf8040""","Wed, 07 Sep 2022 23:54:33 GMT",application/x-netcdf
2011,2,ncdd-201102-grd-scaled.nc,https://www.ncei.noaa.gov/data/nclimgrid-daily/access/grids/2011/ncdd-201102-grd-scaled.nc,56940572,"""364d81c-5e81f1a835c80""","Wed, 07 Sep 2022 23:59:30 GMT",application/x-netcdf
2011,3,ncdd-201103-grd-scaled.nc,https://www.ncei.noaa.gov/data/nclimgrid-daily/access/grids/2011/ncdd-201103-grd-scaled.nc,63952238,"""3cfd56e-5e81f2b33d280""","Thu, 08 Sep 2022 00:04:10 GMT",application/x-netcdf
2011,4,ncdd-201104-grd-scaled.nc,https://www.ncei.noaa.gov/data/nclimgrid-daily/access/grids/2011/ncdd-201104-grd-scaled.nc,61559146,"""3ab516a-5e81f3e281e00""","Thu, 08 Sep 2022 00:09:28 GMT",application/x-netcdf
2011,5,ncdd-201105-grd-scaled.nc,https://www.ncei.noaa.gov/data/nclimgrid-daily/access/grids/2011/ncdd-201105-grd-scaled.nc,62063696,"""3b30450-5e81f4fbd75c0""","Thu, 08 Sep 2022 00:14:23 GMT",application/x-netcdf
2011,6,ncdd-201106-grd-scaled.nc,https://www.ncei.noaa.gov/data/nclimgrid-daily/access/grids/2011/ncdd-201106-grd-scaled.nc,57462865,"""36cd051-5e81f62a27f00""","Thu, 08 Sep 2022 00:19:40 GMT",application/x-netcdf
2011,7,ncdd-201107-grd-scaled.nc,https://www.ncei.noaa.gov/data/nclimgrid-daily/access/grids/2011/ncdd-201107-grd-scaled.nc,58556165,"""37d7f05-5e81f76a97300""","Thu, 08 Sep 2022 00:25:16 GMT",application/x-netcdf
2011,8,ncdd-201108-grd-scaled.nc,https://www.ncei.noaa.gov/data/nclimgrid-daily/access/grids/2011/ncdd-201108-grd-scaled.nc,57772282,"""37188fa-5e81f899dbe80""","Thu, 08 Sep 2022 00:30:34 GMT",application/x-netcdf
2011,9,ncdd-201109-grd-scaled.nc,https://www.ncei.noaa.gov/data/nclimgrid-daily/access/grids/2011/ncdd-201109-grd-scaled.nc,56239577,"""35a25d9-5e81f9cfcd9c0""","Thu, 08 Sep 2022 00:35:59 GMT",application/x-netcdf
2011,10,ncdd-201110-grd-scaled.nc,https://www.ncei.noaa.gov/data/nclimgrid-daily/access/grids/2011/ncdd-201110-grd-scaled.nc,59490494,"""38bc0be-5e81faf865580""","Thu, 08 Sep 2022 00:41:10 GMT",application/x-netcdf
2011,11,ncdd-201111-grd-scaled.nc,https://www.ncei.noaa.gov/data/nclimgrid-daily/access/grids/2011/ncdd-201111-grd-scaled.nc,59780531,"""3902db3-5e81fc3133780""","Thu, 08 Sep 2022 00:46:38 GMT",application/x-netcdf
2011,12,ncdd-201112-grd-scaled.nc,https://www.ncei.noaa.gov/data/nclimgrid-daily/access/grids/2011/ncdd-201112-grd-scaled.nc,62091524,"""3b37104-5e81fd67252c0""","Thu, 08 Sep 2022 00:52:03 GMT",application/x-netcdf
2012,1,ncdd-201201-grd-scaled.nc,https://www.ncei.noaa.gov/data/nclimgrid-daily/access/grids/2012/ncdd-201201-grd-scaled.nc,62111350,"""3b3be76-5e820781828c0""","Thu, 08 Sep 2022 01:37:15 GMT",application/x-netcdf
2012,2,ncdd-201202-grd-scaled.nc,https://www.ncei.noaa.gov/data/nclimgrid-daily/access/grids/2012/ncdd-201202-grd-scaled.nc,58794161,"""38120b1-5e8208aedefc0""","Thu, 08 Sep 2022 01:42:31 GMT",application/x-netcdf
2012,3,ncdd-201203-grd-scaled.nc,https://www.ncei.noaa.gov/data/nclimgrid-daily/access/grids/2012/ncdd-201203-grd-scaled.nc,62374857,"""3b7c3c9-5e8209c463e80""","Thu, 08 Sep 2022 01:47:22 GMT",application/x-netcdf
2012,4,ncdd-201204-grd-scaled.nc,https://www.ncei.noaa.gov/data/nclimgrid-daily/access/grids/2012/ncdd-201204-grd-scaled.nc,58904142,"""382ce4e-5e820ac6d6040""","Thu, 08 Sep 2022 01:51:53 GMT",application/x-netcdf
2012,5,ncdd-201205-grd-scaled.nc,https://www.ncei.noaa.gov/data/nclimgrid-daily/access/grids/2012/ncdd-201205-grd-scaled.nc,59465814,"""38b6056-5e820ba13a380""","Thu, 08 Sep 2022 01:55:42 GMT",application/x-netcdf
2012,6,ncdd-201206-grd-scaled.nc,https://www.ncei.noaa.gov/data/nclimgrid-daily/access/grids/2012/ncdd-201206-grd-scaled.nc,56341025,"""35bb221-5e820c6e44740""","Thu, 08 Sep 2022 01:59:17 GMT",application/x-netcdf
2012,7,ncdd-201207-grd-scaled.nc,https://www.ncei.noaa.gov/data/nclimgrid-daily/access/grids/2012/ncdd-201207-grd-scaled.nc,58880654,"""382728e-5e820d45cc3c0""","Thu, 08 Sep 2022 02:03:03 GMT",application/x-netcdf
2012,8,ncdd-201208-grd-scaled.nc,https://www.ncei.noaa.gov/data/nclimgrid-daily/access/grids/2012/ncdd-201208-grd-scaled.nc,57764764,"""3716b9c-5e820e4d030c0""","Thu, 08 Sep 2022 02:07:39 GMT",application/x-netcdf
2012,9,ncdd-201209-grd-scaled.nc,https://www.ncei.noaa.gov/data/nclimgrid-daily/access/grids/2012/ncdd-201209-grd-scaled.nc,55300045,"""34bcfcd-5e820f59f2b40""","Thu, 08 Sep 2022 02:12:21 GMT",application/x-netcdf
2012,10,ncdd-201210-grd-scaled.nc,https://www.ncei.noaa.gov/data/nclimgrid-daily/access/grids/2012/ncdd-201210-grd-scaled.nc,60169955,"""3961ee3-5e82106129840""","Thu, 08 Sep 2022 02:16:57 GMT",application/x-netcdf
2012,11,ncdd-201211-grd-scaled.nc,https://www.ncei.noaa.gov/data/nclimgrid-daily/access/grids/2012/ncdd-201211-grd-scaled.nc,58454555,"""37bf21b-5e8211798adc0""","Thu, 08 Sep 2022 02:21:51 GMT",application/x-netcdf
2012,12,ncdd-201212-grd-scaled.nc,https://www.ncei.noaa.gov/data/nclimgrid-daily/access/grids/2012/ncdd-201212-grd-scaled.nc,64178434,"""3d34902-5e82129c69c00""","Thu, 08 Sep 2022 02:26:56 GMT",application/x-netcdf
2013,1,ncdd-201301-grd-scaled.nc,https://www.ncei.noaa.gov/data/nclimgrid-daily/access/grids/2013/ncdd-201301-grd-scaled.nc,63178699,"""3c407cb-5e821be6e0780""","Thu, 08 Sep 2022 03:08:30 GMT",application/x-netcdf
2013,2,ncdd-201302-grd-scaled.nc,https://www.ncei.noaa.gov/data/nclimgrid-daily/access/grids/2013/ncdd-201302-grd-scaled.nc,56882258,"""363f452-5e821d05eecc0""","Thu, 08 Sep 2022 03:13:31 GMT",application/x-netcdf
2013,3,ncdd-201303-grd-scaled.nc,https://www.ncei.noaa.gov/data/nclimgrid-daily/access/grids/2013/ncdd-201303-grd-scaled.nc,61864768,"""3affb40-5e821e198b700""","Thu, 08 Sep 2022 03:18:20 GMT",application/x-netcdf
2013,4,ncdd-201304-grd-scaled.nc,https://www.ncei.noaa.gov/data/nclimgrid-daily/access/grids/2013/ncdd-201304-grd-scaled.nc,60121797,"""39562c5-5e821f45f3bc0""","Thu, 08 Sep 2022 03:23:35 GMT",application/x-netcdf
2013,5,ncdd-201305-grd-scaled.nc,https://www.ncei.noaa.gov/data/nclimgrid-daily/access/grids/2013/ncdd-201305-grd-scaled.nc,60563015,"""39c1e47-5e82206319c80""","Thu, 08 Sep 2022 03:28:34 GMT",application/x-netcdf
2013,6,ncdd-201306-grd-scaled.nc,https://www.ncei.noaa.gov/data/nclimgrid-daily/access/grids/2013/ncdd-201306-grd-scaled.nc,57025530,"""36623fa-5e822189c93c0""","Thu, 08 Sep 2022 03:33:43 GMT",application/x-netcdf
2013,7,ncdd-201307-grd-scaled.nc,https://www.ncei.noaa.gov/data/nclimgrid-daily/access/grids/2013/ncdd-201307-grd-scaled.nc,59188471,"""38724f7-5e8222b90df40""","Thu, 08 Sep 2022 03:39:01 GMT",application/x-netcdf
2013,8,ncdd-201308-grd-scaled.nc,https://www.ncei.noaa.gov/data/nclimgrid-daily/access/grids/2013/ncdd-201308-grd-scaled.nc,58202139,"""378181b-5e8223f794ec0""","Thu, 08 Sep 2022 03:44:35 GMT",application/x-netcdf
2013,9,ncdd-201309-grd-scaled.nc,https://www.ncei.noaa.gov/data/nclimgrid-daily/access/grids/2013/ncdd-201309-grd-scaled.nc,57657052,"""36fc6dc-5e82252214f00""","Thu, 08 Sep 2022 03:49:48 GMT",application/x-netcdf
2013,10,ncdd-201310-grd-scaled.nc,https://www.ncei.noaa.gov/data/nclimgrid-daily/access/grids/2013/ncdd-201310-grd-scaled.nc,60066727,"""3948ba7-5e82264217680""","Thu, 08 Sep 2022 03:54:50 GMT",application/x-netcdf
2013,11,ncdd-201311-grd-scaled.nc,https://www.ncei.noaa.gov/data/nclimgrid-daily/access/grids/2013/ncdd-201311-grd-scaled.nc,59531663,"""38c618f-5e82276125bc0""","Thu, 08 Sep 2022 03:59:51 GMT",application/x-netcdf
2013,12,ncdd-201312-grd-scaled.nc,https://www.ncei.noaa.gov/data/nclimgrid-daily/access/grids/2013/ncdd-201312-grd-scaled.nc,62618249,"""3bb7a89-5e822898ffb80""","Thu, 08 Sep 2022 04:05:18 GMT",application/x-netcdf
2014,1,ncdd-201401-grd-scaled.nc,https://www.ncei.noaa.gov/data/nclimgrid-daily/access/grids/2014/ncdd-201401-grd-scaled.nc,61801287,"""3af0347-5e82322914b40""","Thu, 08 Sep 2022 04:48:05 GMT",application/x-netcdf
2014,2,ncdd-201402-grd-scaled.nc,https://www.ncei.noaa.gov/data/nclimgrid-daily/access/grids/2014/ncdd-201402-grd-scaled.nc,57470417,"""36cedd1-5e82330561300""","Thu, 08 Sep 2022 04:51:56 GMT",application/x-netcdf
2014,3,ncdd-201403-grd-scaled.nc,https://www.ncei.noaa.gov/data/nclimgrid-daily/access/grids/2014/ncdd-201403-grd-scaled.nc,62830676,"""3beb854-5e8233d35f900""","Thu, 08 Sep 2022 04:55:32 GMT",application/x-netcdf
2014,4,ncdd-201404-grd-scaled.nc,https://www.ncei.noaa.gov/data/nclimgrid-daily/access/grids/2014/ncdd-201404-grd-scaled.nc,59662870,"""38e6216-5e8234bd06040""","Thu, 08 Sep 2022 04:59:37 GMT",application/x-netcdf
2014,5,ncdd-201405-grd-scaled.nc,https://www.ncei.noaa.gov/data/nclimgrid-daily/access/grids/2014/ncdd-201405-grd-scaled.nc,59970655,"""393145f-5e82359b3ac80""","Thu, 08 Sep 2022 05:03:30 GMT",application/x-netcdf
2014,6,ncdd-201406-grd-scaled.nc,https://www.ncei.noaa.gov/data/nclimgrid-daily/access/grids/2014/ncdd-201406-grd-scaled.nc,57785586,"""371bcf2-5e823682f8f40""","Thu, 08 Sep 2022 05:07:33 GMT",application/x-netcdf
2014,7,ncdd-201407-grd-scaled.nc,https://www.ncei.noaa.gov/data/nclimgrid-daily/access/grids/2014/ncdd-201407-grd-scaled.nc,57882473,"""3733769-5e823766e6900""","Thu, 08 Sep 2022 05:11:32 GMT",application/x-netcdf
2014,8,ncdd-201408-grd-scaled.nc,https://www.ncei.noaa.gov/data/nclimgrid-daily/access/grids/2014/ncdd-201408-grd-scaled.nc,59395314,"""38a4cf2-5e82385edb200""","Thu, 08 Sep 2022 05:15:52 GMT",application/x-netcdf
2014,9,ncdd-201409-grd-scaled.nc,https://www.ncei.noaa.gov/data/nclimgrid-daily/access/grids/2014/ncdd-201409-grd-scaled.nc,56485577,"""35de6c9-5e823937570c0""","Thu, 08 Sep 2022 05:19:39 GMT",application/x-netcdf
2014,10,ncdd-201410-grd-scaled.nc,https://www.ncei.noaa.gov/data/nclimgrid-daily/access/grids/2014/ncdd-201410-grd-scaled.nc,58931298,"""3833862-5e823a13a3880""","Thu, 08 Sep 2022 05:23:30 GMT",application/x-netcdf
2014,11,ncdd-201411-grd-scaled.nc,https://www.ncei.noaa.gov/data/nclimgrid-daily/access/grids/2014/ncdd-201411-grd-scaled.nc,60198168,"""3968d18-5e823af69d000""","Thu, 08 Sep 2022 05:27:28 GMT",application/x-netcdf
2014,12,ncdd-201412-grd-scaled.nc,https://www.ncei.noaa.gov/data/nclimgrid-daily/access/grids/2014/ncdd-201412-grd-scaled.nc,63793420,"""3cd690c-5e823be414040""","Thu, 08 Sep 2022 05:31:37 GMT",application/x-netcdf
2015,1,ncdd-201501-grd-scaled.nc,https://www.ncei.noaa.gov/data/nclimgrid-daily/access/grids/2015/ncdd-201501-grd-scaled.nc,62294680,"""3b68a98-5e82461925540""","Thu, 08 Sep 2022 06:17:17 GMT",application/x-netcdf
2015,2,ncdd-201502-grd-scaled.nc,https://www.ncei.noaa.gov/data/nclimgrid-daily/access/grids/2015/ncdd-201502-grd-scaled.nc,55845196,"""354214c-5e8246fc1ecc0""","Thu, 08 Sep 2022 06:21:15 GMT",application/x-netcdf
2015,3,ncdd-201503-grd-scaled.nc,https://www.ncei.noaa.gov/data/nclimgrid-daily/access/grids/2015/ncdd-201503-grd-scaled.nc,61278493,"""3a7091d-5e8247c740c00""","Thu, 08 Sep 2022 06:24:48 GMT",application/x-netcdf
2015,4,ncdd-201504-grd-scaled.nc,https://www.ncei.noaa.gov/data/nclimgrid-daily/access/grids/2015/ncdd-201504-grd-scaled.nc,59682716,"""38eaf9c-5e8248aff3100""","Thu, 08 Sep 2022 06:28:52 GMT",application/x-netcdf
2015,5,ncdd-201505-grd-scaled.nc,https://www.ncei.noaa.gov/data/nclimgrid-daily/access/grids/2015/ncdd-201505-grd-scaled.nc,62377355,"""3b7cd8b-5e82498963200""","Thu, 08 Sep 2022 06:32:40 GMT",application/x-netcdf
2015,6,ncdd-201506-grd-scaled.nc,https://www.ncei.noaa.gov/data/nclimgrid-daily/access/grids/2015/ncdd-201506-grd-scaled.nc,57232881,"""3694df1-5e824a66a3c00""","Thu, 08 Sep 2022 06:36:32 GMT",application/x-netcdf
2015,7,ncdd-201507-grd-scaled.nc,https://www.ncei.noaa.gov/data/nclimgrid-daily/access/grids/2015/ncdd-201507-grd-scaled.nc,59241060,"""387f264-5e824b4b85800""","Thu, 08 Sep 2022 06:40:32 GMT",application/x-netcdf
2015,8,ncdd-201508-grd-scaled.nc,https://www.ncei.noaa.gov/data/nclimgrid-daily/access/grids/2015/ncdd-201508-grd-scaled.nc,57489173,"""36d3715-5e824c437a100""","Thu, 08 Sep 2022 06:44:52 GMT",application/x-netcdf
2015,9,ncdd-201509-grd-scaled.nc,https://www.ncei.noaa.gov/data/nclimgrid-daily/access/grids/2015/ncdd-201509-grd-scaled.nc,55576828,"""35008fc-5e824d1360b80""","Thu, 08 Sep 2022 06:48:30 GMT",application/x-netcdf
2015,10,ncdd-201510-grd-scaled.nc,https://www.ncei.noaa.gov/data/nclimgrid-daily/access/grids/2015/ncdd-201510-grd-scaled.nc,59285017,"""3889e19-5e824ddc9a640""","Thu, 08 Sep 2022 06:52:01 GMT",application/x-netcdf
2015,11,ncdd-201511-grd-scaled.nc,https://www.ncei.noaa.gov/data/nclimgrid-daily/access/grids/2015/ncdd-201511-grd-scaled.nc,60543422,"""39bd1be-5e824eb516500""","Thu, 08 Sep 2022 06:55:48 GMT",application/x-netcdf
2015,12,ncdd-201512-grd-scaled.nc,https://www.ncei.noaa.gov/data/nclimgrid-daily/access/grids/2015/ncdd-201512-grd-scaled.nc,64213813,"""3d3d335-5e824f906ea80""","Thu, 08 Sep 2022 06:59:38 GMT",application/x-netcdf
2016,1,ncdd-201601-grd-scaled.nc,https://www.ncei.noaa.gov/data/nclimgrid-daily/access/grids/2016/ncdd-201601-grd-scaled.nc,63582489,"""3ca3119-5e82590016dc0""","Thu, 08 Sep 2022 07:41:51 GMT",application/x-netcdf
2016,2,ncdd-201602-grd-scaled.nc,https://www.ncei.noaa.gov/data/nclimgrid-daily/access/grids/2016/ncdd-201602-grd-scaled.nc,57750761,"""37134e9-5e8259eab1740""","Thu, 08 Sep 2022 07:45:57 GMT",application/x-netcdf
2016,3,ncdd-201603-grd-scaled.nc,https://www.ncei.noaa.gov/data/nclimgrid-daily/access/grids/2016/ncdd-201603-grd-scaled.nc,62608881,"""3bb55f1-5e825ac421840""","Thu, 08 Sep 2022 07:49:45 GMT",application/x-netcdf
2016,4,ncdd-201604-grd-scaled.nc,https://www.ncei.noaa.gov/data/nclimgrid-daily/access/grids/2016/ncdd-201604-grd-scaled.nc,60045170,"""3943772-5e825bb751600""","Thu, 08 Sep 2022 07:54:00 GMT",application/x-netcdf
2016,5,ncdd-201605-grd-scaled.nc,https://www.ncei.noaa.gov/data/nclimgrid-daily/access/grids/2016/ncdd-201605-grd-scaled.nc,60843428,"""3a065a4-5e825c90c1700""","Thu, 08 Sep 2022 07:57:48 GMT",application/x-netcdf
2016,6,ncdd-201606-grd-scaled.nc,https://www.ncei.noaa.gov/data/nclimgrid-daily/access/grids/2016/ncdd-201606-grd-scaled.nc,56352789,"""35be015-5e825d6ef6340""","Thu, 08 Sep 2022 08:01:41 GMT",application/x-netcdf
2016,7,ncdd-201607-grd-scaled.nc,https://www.ncei.noaa.gov/data/nclimgrid-daily/access/grids/2016/ncdd-201607-grd-scaled.nc,58525117,"""37d05bd-5e825e53d7f40""","Thu, 08 Sep 2022 08:05:41 GMT",application/x-netcdf
2016,8,ncdd-201608-grd-scaled.nc,https://www.ncei.noaa.gov/data/nclimgrid-daily/access/grids/2016/ncdd-201608-grd-scaled.nc,59053266,"""38514d2-5e825f414ef80""","Thu, 08 Sep 2022 08:09:50 GMT",application/x-netcdf
2016,9,ncdd-201609-grd-scaled.nc,https://www.ncei.noaa.gov/data/nclimgrid-daily/access/grids/2016/ncdd-201609-grd-scaled.nc,56548758,"""35edd96-5e82601bb32c0""","Thu, 08 Sep 2022 08:13:39 GMT",application/x-netcdf
2016,10,ncdd-201610-grd-scaled.nc,https://www.ncei.noaa.gov/data/nclimgrid-daily/access/grids/2016/ncdd-201610-grd-scaled.nc,59526196,"""38c4c34-5e8260e304900""","Thu, 08 Sep 2022 08:17:08 GMT",application/x-netcdf
2016,11,ncdd-201611-grd-scaled.nc,https://www.ncei.noaa.gov/data/nclimgrid-daily/access/grids/2016/ncdd-201611-grd-scaled.nc,58679944,"""37f6288-5e8261b6bbc80""","Thu, 08 Sep 2022 08:20:50 GMT",application/x-netcdf
2016,12,ncdd-201612-grd-scaled.nc,https://www.ncei.noaa.gov/data/nclimgrid-daily/access/grids/2016/ncdd-201612-grd-scaled.nc,63649302,"""3cb3616-5e826295e4b00""","Thu, 08 Sep 2022 08:24:44 GMT",application/x-netcdf
2017,1,ncdd-201701-grd-scaled.nc,https://www.ncei.noaa.gov/data/nclimgrid-daily/access/grids/2017/ncdd-201701-grd-scaled.nc,64774689,"""3dc6221-5e82b557c4ac0""","Thu, 08 Sep 2022 14:34:59 GMT",application/x-netcdf
2017,2,ncdd-201702-grd-scaled.nc,https://www.ncei.noaa.gov/data/nclimgrid-daily/access/grids/2017/ncdd-201702-grd-scaled.nc,57102010,"""3674eba-5e82b66b61500""","Thu, 08 Sep 2022 14:39:48 GMT",application/x-netcdf
2017,3,ncdd-201703-grd-scaled.nc,https://www.ncei.noaa.gov/data/nclimgrid-daily/access/grids/2017/ncdd-201703-grd-scaled.nc,62706368,"""3bcd2c0-5e82b755fbe80""","Thu, 08 Sep 2022 14:43:54 GMT",application/x-netcdf
2017,4,ncdd-201704-grd-scaled.nc,https://www.ncei.noaa.gov/data/nclimgrid-daily/access/grids/2017/ncdd-201704-grd-scaled.nc,60585980,"""39c77fc-5e82b852b52c0""","Thu, 08 Sep 2022 14:48:19 GMT",application/x-netcdf
2017,5,ncdd-201705-grd-scaled.nc,https://www.ncei.noaa.gov/data/nclimgrid-daily/access/grids/2017/ncdd-201705-grd-scaled.nc,60562717,"""39c1d1d-5e82b92a3cf40""","Thu, 08 Sep 2022 14:52:05 GMT",application/x-netcdf
2017,6,ncdd-201706-grd-scaled.nc,https://www.ncei.noaa.gov/data/nclimgrid-daily/access/grids/2017/ncdd-201706-grd-scaled.nc,56965738,"""3653a6a-5e82ba0b4e240""","Thu, 08 Sep 2022 14:56:01 GMT",application/x-netcdf
2017,7,ncdd-201707-grd-scaled.nc,https://www.ncei.noaa.gov/data/nclimgrid-daily/access/grids/2017/ncdd-201707-grd-scaled.nc,58217346,"""3785382-5e82baea770c0""","Thu, 08 Sep 2022 14:59:55 GMT",application/x-netcdf
2017,8,ncdd-201708-grd-scaled.nc,https://www.ncei.noaa.gov/data/nclimgrid-daily/access/grids/2017/ncdd-201708-grd-scaled.nc,58352047,"""37a61af-5e82bbd141140""","Thu, 08 Sep 2022 15:03:57 GMT",application/x-netcdf
2017,9,ncdd-201709-grd-scaled.nc,https://www.ncei.noaa.gov/data/nclimgrid-daily/access/grids/2017/ncdd-201709-grd-scaled.nc,56212354,"""359bb82-5e82bca4f84c0""","Thu, 08 Sep 2022 15:07:39 GMT",application/x-netcdf
2017,10,ncdd-201710-grd-scaled.nc,https://www.ncei.noaa.gov/data/nclimgrid-daily/access/grids/2017/ncdd-201710-grd-scaled.nc,59511674,"""38c137a-5e82bd7202880""","Thu, 08 Sep 2022 15:11:14 GMT",application/x-netcdf
2017,11,ncdd-201711-grd-scaled.nc,https://www.ncei.noaa.gov/data/nclimgrid-daily/access/grids/2017/ncdd-201711-grd-scaled.nc,59322629,"""3893105-5e82be5313b80""","Thu, 08 Sep 2022 15:15:10 GMT",application/x-netcdf
2017,12,ncdd-201712-grd-scaled.nc,https://www.ncei.noaa.gov/data/nclimgrid-daily/access/grids/2017/ncdd-201712-grd-scaled.nc,61635243,"""3ac7aab-5e82bf26caf00""","Thu, 08 Sep 2022 15:18:52 GMT",application/x-netcdf
2018,1,ncdd-201801-grd-scaled.nc,https://www.ncei.noaa.gov/data/nclimgrid-daily/access/grids/2018/ncdd-201801-grd-scaled.nc,62319455,"""3b6eb5f-5e82c81f3d900""","Thu, 08 Sep 2022 15:59:00 GMT",application/x-netcdf
2018,2,ncdd-201802-grd-scaled.nc,https://www.ncei.noaa.gov/data/nclimgrid-daily/access/grids/2018/ncdd-201802-grd-scaled.nc,57700752,"""3707190-5e82c8ed3bf00""","Thu, 08 Sep 2022 16:02:36 GMT",application/x-netcdf
2018,3,ncdd-201803-grd-scaled.nc,https://www.ncei.noaa.gov/data/nclimgrid-daily/access/grids/2018/ncdd-201803-grd-scaled.nc,63074980,"""3c272a4-5e82c9b6759c0""","Thu, 08 Sep 2022 16:06:07 GMT",application/x-netcdf
2018,4,ncdd-201804-grd-scaled.nc,https://www.ncei.noaa.gov/data/nclimgrid-daily/access/grids/2018/ncdd-201804-grd-scaled.nc,59612275,"""38d9c73-5e82ca90d9d00""","Thu, 08 Sep 2022 16:09:56 GMT",application/x-netcdf
2018,5,ncdd-201805-grd-scaled.nc,https://www.ncei.noaa.gov/data/nclimgrid-daily/access/grids/2018/ncdd-201805-grd-scaled.nc,60027598,"""393f2ce-5e82cb70f6dc0""","Thu, 08 Sep 2022 16:13:51 GMT",application/x-netcdf
2018,6,ncdd-201806-grd-scaled.nc,https://www.ncei.noaa.gov/data/nclimgrid-daily/access/grids/2018/ncdd-201806-grd-scaled.nc,57208792,"""368efd8-5e82cc4e377c0""","Thu, 08 Sep 2022 16:17:43 GMT",application/x-netcdf
2018,7,ncdd-201807-grd-scaled.nc,https://www.ncei.noaa.gov/data/nclimgrid-daily/access/grids/2018/ncdd-201807-grd-scaled.nc,58251599,"""378d94f-5e82cd3225180""","Thu, 08 Sep 2022 16:21:42 GMT",application/x-netcdf
2018,8,ncdd-201808-grd-scaled.nc,https://www.ncei.noaa.gov/data/nclimgrid-daily/access/grids/2018/ncdd-201808-grd-scaled.nc,58142991,"""377310f-5e82ce31bac80""","Thu, 08 Sep 2022 16:26:10 GMT",application/x-netcdf
2018,9,ncdd-201809-grd-scaled.nc,https://www.ncei.noaa.gov/data/nclimgrid-daily/access/grids/2018/ncdd-201809-grd-scaled.nc,56769200,"""3623ab0-5e82cf14b4400""","Thu, 08 Sep 2022 16:30:08 GMT",application/x-netcdf
2018,10,ncdd-201810-grd-scaled.nc,https://www.ncei.noaa.gov/data/nclimgrid-daily/access/grids/2018/ncdd-201810-grd-scaled.nc,61991175,"""3b1e907-5e82cfee24500""","Thu, 08 Sep 2022 16:33:56 GMT",application/x-netcdf
2018,11,ncdd-201811-grd-scaled.nc,https://www.ncei.noaa.gov/data/nclimgrid-daily/access/grids/2018/ncdd-201811-grd-scaled.nc,61269759,"""3a6e6ff-5e82d0dc8f780""","Thu, 08 Sep 2022 16:38:06 GMT",application/x-netcdf
2018,12,ncdd-201812-grd-scaled.nc,https://www.ncei.noaa.gov/data/nclimgrid-daily/access/grids/2018/ncdd-201812-grd-scaled.nc,63108862,"""3c2f6fe-5e82d1cdd70c0""","Thu, 08 Sep 2022 16:42:19 GMT",application/x-netcdf
2019,1,ncdd-201901-grd-scaled.nc,https://www.ncei.noaa.gov/data/nclimgrid-daily/access/grids/2019/ncdd-201901-grd-scaled.nc,63547388,"""3c9a7fc-5e82db5927540""","Thu, 08 Sep 2022 17:25:01 GMT",application/x-netcdf
2019,2,ncdd-201902-grd-scaled.nc,https://www.ncei.noaa.gov/data/nclimgrid-daily/access/grids/2019/ncdd-201902-grd-scaled.nc,59497523,"""38bdc33-5e82dc338b880""","Thu, 08 Sep 2022 17:28:50 GMT",application/x-netcdf
2019,3,ncdd-201903-grd-scaled.nc,https://www.ncei.noaa.gov/data/nclimgrid-daily/access/grids/2019/ncdd-201903-grd-scaled.nc,62649842,"""3bbf5f2-5e82dd0cfb980""","Thu, 08 Sep 2022 17:32:38 GMT",application/x-netcdf
2019,4,ncdd-201904-grd-scaled.nc,https://www.ncei.noaa.gov/data/nclimgrid-daily/access/grids/2019/ncdd-201904-grd-scaled.nc,60191431,"""39672c7-5e82ddf5ade80""","Thu, 08 Sep 2022 17:36:42 GMT",application/x-netcdf
2019,5,ncdd-201905-grd-scaled.nc,https://www.ncei.noaa.gov/data/nclimgrid-daily/access/grids/2019/ncdd-201905-grd-scaled.nc,62553208,"""3ba7c78-5e82decd35b00""","Thu, 08 Sep 2022 17:40:28 GMT",application/x-netcdf
2019,6,ncdd-201906-grd-scaled.nc,https://www.ncei.noaa.gov/data/nclimgrid-daily/access/grids/2019/ncdd-201906-grd-scaled.nc,57752516,"""3713bc4-5e82dfb1234c0""","Thu, 08 Sep 2022 17:44:27 GMT",application/x-netcdf
2019,7,ncdd-201907-grd-scaled.nc,https://www.ncei.noaa.gov/data/nclimgrid-daily/access/grids/2019/ncdd-201907-grd-scaled.nc,58055690,"""375dc0a-5e82e08109f40""","Thu, 08 Sep 2022 17:48:05 GMT",application/x-netcdf
2019,8,ncdd-201908-grd-scaled.nc,https://www.ncei.noaa.gov/data/nclimgrid-daily/access/grids/2019/ncdd-201908-grd-scaled.nc,58105775,"""3769faf-5e82e15b6e280""","Thu, 08 Sep 2022 17:51:54 GMT",application/x-netcdf
2019,9,ncdd-201909-grd-scaled.nc,https://www.ncei.noaa.gov/data/nclimgrid-daily/access/grids/2019/ncdd-201909-grd-scaled.nc,56878072,"""363e3f8-5e82e23201cc0""","Thu, 08 Sep 2022 17:55:39 GMT",application/x-netcdf
2019,10,ncdd-201910-grd-scaled.nc,https://www.ncei.noaa.gov/data/nclimgrid-daily/access/grids/2019/ncdd-201910-grd-scaled.nc,61069802,"""3a3d9ea-5e82e304c4e00""","Thu, 08 Sep 2022 17:59:20 GMT",application/x-netcdf
2019,11,ncdd-201911-grd-scaled.nc,https://www.ncei.noaa.gov/data/nclimgrid-daily/access/grids/2019/ncdd-201911-grd-scaled.nc,59878252,"""391ab6c-5e82e3dc4ca80""","Thu, 08 Sep 2022 18:03:06 GMT",application/x-netcdf
2019,12,ncdd-201912-grd-scaled.nc,https://www.ncei.noaa.gov/data/nclimgrid-daily/access/grids/2019/ncdd-201912-grd-scaled.nc,63237608,"""3c4ede8-5e82e4ab3f2c0""","Thu, 08 Sep 2022 18:06:43 GMT",application/x-netcdf
